Date,Daily,,Date,Weekly,,Date,Monthly
2026-07-31,"3,592.73",,2026-07-27,"3,592.90",,2026-07,"3,587.06"
2026-07-30,"3,593.93",,2026-07-20,"3,588.22",,2026-06,"3,577.37"
2026-07-29,"3,593.30",,2026-07-13,"3,583.88",,2026-05,"3,576.09"
2026-07-28,"3,592.77",,2026-07-06,"3,583.22",,2026-04,"3,574.28"
2026-07-27,"3,591.78",,2026-06-29,"3,580.85",,2026-03,"3,567.25"
2026-07-26,"3,590.58",,2026-06-22,"3,577.39",,2026-02,"3,565.80"
2026-07-25,"3,590.58",,2026-06-15,"3,576.31",,2026-01,"3,561.44"
2026-07-24,"3,590.58",,2026-06-08,"3,576.18",,2025-12,"3,550.18"
2026-07-23,"3,589.11",,2026-06-01,"3,576.09",,2025-11,"3,569.69"
2026-07-22,"3,586.29",,2026-05-25,"3,575.96",,2025-10,"3,591.43"
2026-07-21,"3,586.11",,2026-05-18,"3,576.24",,2025-09,"3,593.88"
2026-07-20,"3,584.31",,2026-05-11,"3,576.02",,2025-08,"3,592.50"
2026-07-19,"3,583.88",,2026-05-04,"3,576.12",,2025-07,"3,585.56"
2026-07-18,"3,583.88",,2026-04-27,"3,576.09",,2025-06,"3,578.53"
2026-07-17,"3,583.88",,2026-04-20,"3,575.37",,2025-05,"3,573.05"
2026-07-16,"3,583.88",,2026-04-13,"3,573.42",,2025-04,"3,554.98"
2026-07-15,"3,583.88",,2026-04-06,"3,572.25",,2025-03,"3,479.13"
2026-07-14,"3,583.88",,2026-03-30,"3,570.20",,2025-02,"3,459.63"
2026-07-13,"3,583.88",,2026-03-23,"3,567.34",,2025-01,"3,433.56"
2026-07-12,"3,583.88",,2026-03-16,"3,566.39",,2024-12,"3,418.42"
2026-07-11,"3,583.88",,2026-03-09,"3,566.17",,2024-11,"3,413.60"
2026-07-10,"3,583.88",,2026-03-02,"3,566.14",,2024-10,"3,395.23"
2026-07-09,"3,583.88",,2026-02-23,"3,566.04",,2024-09,"3,381.22"
2026-07-08,"3,582.93",,2026-02-16,"3,565.76",,2024-08,"3,381.04"
2026-07-07,"3,582.49",,2026-02-09,"3,565.77",,2024-07,"3,380.88"
2026-07-06,"3,581.63",,2026-02-02,"3,565.63",,2024-06,"3,381.14"
2026-07-05,"3,581.94",,2026-01-26,"3,564.25",,2024-05,"3,381.43"
2026-07-04,"3,581.94",,2026-01-19,"3,563.30",,2024-04,"3,377.11"
2026-07-03,"3,581.94",,2026-01-12,"3,560.68",,2024-03,"3,375.99"
2026-07-02,"3,580.55",,2026-01-05,"3,557.53",,2024-02,"3,389.82"
2026-07-01,"3,580.84",,2025-12-29,"3,556.60",,2024-01,"3,406.63"
2026-06-30,"3,579.97",,2025-12-22,"3,554.49",,2023-12,"3,419.45"
2026-06-29,"3,578.80",,2025-12-15,"3,547.69",,2023-11,"3,438.99"
2026-06-28,"3,578.46",,2025-12-08,"3,544.64",,2023-10,"3,451.47"
2026-06-27,"3,578.46",,2025-12-01,"3,547.47",,2023-09,"3,465.32"
2026-06-26,"3,578.46",,2025-11-24,"3,556.81",,2023-08,"3,471.90"
2026-06-25,"3,576.95",,2025-11-17,"3,566.14",,2023-07,"3,445.39"
2026-06-24,"3,576.69",,2025-11-10,"3,574.21",,2023-06,"3,437.37"
2026-06-23,"3,576.69",,2025-11-03,"3,581.62",,2023-05,"3,459.49"
2026-06-22,"3,576.02",,2025-10-27,"3,586.98",,2023-04,"3,495.29"
2026-06-21,"3,576.36",,2025-10-20,"3,591.57",,2023-03,"3,525.21"
2026-06-20,"3,576.36",,2025-10-13,"3,593.78",,2023-02,"3,514.16"
2026-06-19,"3,576.36",,2025-10-06,"3,593.40",,2023-01,"3,471.81"
2026-06-18,"3,576.63",,2025-09-29,"3,593.65",,2022-12,"3,433.67"
2026-06-17,"3,576.37",,2025-09-22,"3,593.70",,2022-11,"3,411.86"
2026-06-16,"3,576.26",,2025-09-15,"3,594.29",,2022-10,"3,374.97"
2026-06-15,"3,575.80",,2025-09-08,"3,594.21",,2022-09,"3,265.95"
2026-06-14,"3,576.28",,2025-09-01,"3,593.53",,2022-08,"3,188.35"
2026-06-13,"3,576.28",,2025-08-25,"3,593.43",,2022-07,"3,153.20"
2026-06-12,"3,576.28",,2025-08-18,"3,593.82",,2022-06,"3,125.76"
2026-06-11,"3,576.28",,2025-08-11,"3,592.64",,2022-05,"3,112.38"
2026-06-10,"3,576.11",,2025-08-04,"3,590.09",,2022-04,"3,047.99"
2026-06-09,"3,576.21",,2025-07-28,"3,587.88",,2022-03,"2,913.75"
2026-06-08,"3,575.85",,2025-07-21,"3,586.06",,2022-02,"2,861.01"
2026-06-07,"3,576.35",,2025-07-14,"3,584.21",,2022-01,"2,849.66"
2026-06-06,"3,576.35",,2025-07-07,"3,584.09",,2021-12,"2,848.97"
2026-06-05,"3,576.35",,2025-06-30,"3,582.39",,2021-11,"2,848.95"
2026-06-04,"3,575.83",,2025-06-23,"3,580.41",,2021-10,"2,848.92"
2026-06-03,"3,575.99",,2025-06-16,"3,579.15",,2021-09,"2,848.86"
2026-06-02,"3,575.85",,2025-06-09,"3,575.96",,2021-08,"2,848.82"
2026-06-01,"3,575.93",,2025-06-02,"3,574.74",,2021-07,"2,848.92"
2026-05-31,"3,575.93",,2025-05-26,"3,573.78",,2021-06,"2,849.13"
2026-05-30,"3,575.93",,2025-05-19,"3,573.29",,2021-05,"2,849.40"
2026-05-29,"3,575.93",,2025-05-12,"3,572.72",,2021-04,"2,849.92"
2026-05-28,"3,576.05",,2025-05-05,"3,572.42",,2021-03,"2,849.65"
2026-05-27,"3,575.98",,2025-04-28,"3,570.92",,2021-02,"2,849.67"
2026-05-26,"3,576.03",,2025-04-21,"3,569.99",,2021-01,"2,849.83"
2026-05-25,"3,575.89",,2025-04-14,"3,551.77",,2020-12,"2,849.60"
2026-05-24,"3,576.42",,2025-04-07,"3,527.25",,2020-11,"2,849.80"
2026-05-23,"3,576.42",,2025-03-31,"3,499.15",,2020-10,"2,853.38"
2026-05-22,"3,576.42",,2025-03-24,"3,484.72",,2020-09,"2,854.40"
2026-05-21,"3,576.50",,2025-03-17,"3,474.95",,2020-08,"2,849.93"
2026-05-20,"3,576.17",,2025-03-10,"3,469.85",,2020-07,"2,837.68"
2026-05-19,"3,575.99",,2025-03-03,"3,466.99",,2020-06,"2,817.11"
2026-05-18,"3,575.78",,2025-02-24,"3,465.30",,2020-05,"2,798.03"
2026-05-17,"3,576.08",,2025-02-17,"3,461.44",,2020-04,"2,784.39"
2026-05-16,"3,576.08",,2025-02-10,"3,458.31",,2020-03,"2,770.58"
2026-05-15,"3,576.08",,2025-02-03,"3,453.48",,2020-02,"2,757.54"
2026-05-14,"3,575.99",,2025-01-27,"3,445.84",,2020-01,"2,745.63"
2026-05-13,"3,575.93",,2025-01-20,"3,436.26",,2019-12,"2,728.70"
2026-05-12,"3,576.02",,2025-01-13,"3,428.44",,2019-11,"2,706.26"
2026-05-11,"3,575.94",,2025-01-06,"3,423.69",,2019-10,"2,682.06"
2026-05-10,"3,576.14",,2024-12-30,"3,420.91",,2019-09,"2,669.28"
2026-05-09,"3,576.14",,2024-12-23,"3,419.26",,2019-08,"2,671.03"
2026-05-08,"3,576.14",,2024-12-16,"3,417.51",,2019-07,"2,661.92"
2026-05-07,"3,576.22",,2024-12-09,"3,417.36",,2019-06,"2,654.72"
2026-05-06,"3,575.94",,2024-12-02,"3,417.08",,2019-05,"2,645.74"
2026-05-05,"3,576.12",,2024-11-25,"3,417.47",,2019-04,"2,635.91"
2026-05-04,"3,576.12",,2024-11-18,"3,415.74",,2019-03,"2,632.38"
2026-05-03,"3,576.11",,2024-11-11,"3,412.28",,2019-02,"2,633.39"
2026-05-02,"3,576.11",,2024-11-04,"3,408.91",,2019-01,"2,647.37"
2026-05-01,"3,576.11",,2024-10-28,"3,404.74",,2018-12,"2,639.48"
2026-04-30,"3,576.22",,2024-10-21,"3,400.11",,2018-11,"2,585.50"
2026-04-29,"3,576.14",,2024-10-14,"3,391.17",,2018-10,"2,564.45"
2026-04-28,"3,576.35",,2024-10-07,"3,384.92",,2018-09,"2,505.97"
2026-04-27,"3,575.62",,2024-09-30,"3,382.08",,2018-08,"2,465.03"
2026-04-26,"3,576.00",,2024-09-23,"3,381.07",,2018-07,"2,462.19"
2026-04-25,"3,576.00",,2024-09-16,"3,381.28",,2018-06,"2,433.65"
2026-04-24,"3,576.00",,2024-09-09,"3,380.78",,2018-05,"2,406.25"
2026-04-23,"3,576.25",,2024-09-02,"3,380.86",,2018-04,"2,396.19"
2026-04-22,"3,575.09",,2024-08-26,"3,380.74",,2018-03,"2,395.41"
2026-04-21,"3,575.30",,2024-08-19,"3,381.13",,2018-02,"2,399.71"
2026-04-20,"3,572.96",,2024-08-12,"3,381.13",,2018-01,"2,424.80"
2026-04-19,"3,573.68",,2024-08-05,"3,381.16",,2017-12,"2,432.32"
2026-04-18,"3,573.68",,2024-07-29,"3,380.82",,2017-11,"2,447.23"
2026-04-17,"3,573.68",,2024-07-22,"3,380.74",,2017-10,"2,458.13"
2026-04-16,"3,573.26",,2024-07-15,"3,380.73",,2017-09,"2,456.19"
2026-04-15,"3,573.29",,2024-07-08,"3,381.02",,2017-08,"2,440.08"
2026-04-14,"3,573.26",,2024-07-01,"3,381.07",,2017-07,"2,414.11"
2026-04-13,"3,573.09",,2024-06-24,"3,380.98",,2017-06,"2,365.26"
2026-04-12,"3,573.14",,2024-06-17,"3,381.04",,2017-05,"2,410.90"
2026-04-11,"3,573.14",,2024-06-10,"3,381.18",,2017-04,"2,421.14"
2026-04-10,"3,573.14",,2024-06-03,"3,381.34",,2017-03,"2,458.09"
2026-04-09,"3,572.53",,2024-05-27,"3,381.23",,2017-02,"2,477.50"
2026-04-08,"3,572.37",,2024-05-20,"3,381.47",,2017-01,"2,485.39"
2026-04-07,"3,570.69",,2024-05-13,"3,381.50",,2016-12,"2,485.33"
2026-04-06,"3,570.71",,2024-05-06,"3,381.53",,2016-11,"2,449.13"
2026-04-05,"3,571.64",,2024-04-29,"3,379.75",,2016-10,"2,327.61"
2026-04-04,"3,571.64",,2024-04-22,"3,377.08",,2016-09,"2,249.90"
2026-04-03,"3,571.64",,2024-04-15,"3,376.53",,2016-08,"2,193.88"
2026-04-02,"3,570.60",,2024-04-08,"3,376.10",,2016-07,"2,032.84"
2026-04-01,"3,569.17",,2024-04-01,"3,376.08",,2016-06,"1,964.19"
2026-03-31,"3,568.71",,2024-03-25,"3,376.18",,2016-05,"2,002.76"
2026-03-30,"3,567.99",,2024-03-18,"3,376.71",,2016-04,"2,008.98"
2026-03-29,"3,568.08",,2024-03-11,"3,375.40",,2016-03,"2,048.15"
2026-03-28,"3,568.08",,2024-03-04,"3,375.65",,2016-02,"2,026.90"
2026-03-27,"3,568.08",,2024-02-26,"3,381.37",,2016-01,"2,003.66"
2026-03-26,"3,567.06",,2024-02-19,"3,388.01",,2015-12,"1,995.33"
2026-03-25,"3,567.16",,2024-02-12,"3,393.29",,2015-11,"1,993.36"
2026-03-24,"3,566.89",,2024-02-05,"3,396.63",,2015-10,"1,992.93"
2026-03-23,"3,566.02",,2024-01-29,"3,401.22",,2015-09,"1,994.78"
2026-03-22,"3,566.20",,2024-01-22,"3,405.30",,2015-08,"1,991.06"
2026-03-21,"3,566.20",,2024-01-15,"3,407.45",,2015-07,"1,979.22"
2026-03-20,"3,566.20",,2024-01-08,"3,409.27",,2015-06,"1,913.32"
2026-03-19,"3,566.64",,2024-01-01,"3,409.90",,2015-05,"1,936.86"
2026-03-18,"3,566.52",,2023-12-25,"3,411.95",,2015-04,"1,972.47"
2026-03-17,"3,566.45",,2023-12-18,"3,416.45",,2015-03,"1,986.24"
2026-03-16,"3,566.55",,2023-12-11,"3,421.25",,2015-02,"1,963.42"
2026-03-15,"3,566.31",,2023-12-04,"3,428.16",,2015-01,"1,934.16"
2026-03-14,"3,566.31",,2023-11-27,"3,433.51",,2014-12,"1,883.05"
2026-03-13,"3,566.31",,2023-11-20,"3,437.55",,2014-11,"1,880.61"
2026-03-12,"3,566.16",,2023-11-13,"3,440.87",,2014-10,"1,851.71"
2026-03-11,"3,566.07",,2023-11-06,"3,444.02",,2014-09,"1,837.42"
2026-03-10,"3,565.99",,2023-10-30,"3,446.82",,2014-08,"1,860.38"
2026-03-09,"3,566.01",,2023-10-23,"3,449.28",,2014-07,"1,848.85"
2026-03-08,"3,566.14",,2023-10-16,"3,451.53",,2014-06,"1,825.11"
2026-03-07,"3,566.14",,2023-10-09,"3,453.69",,2014-05,"1,815.52"
2026-03-06,"3,566.14",,2023-10-02,"3,456.04",,2014-04,"1,785.73"
2026-03-05,"3,565.43",,2023-09-25,"3,460.18",,2014-03,"1,774.83"
2026-03-04,"3,565.95",,2023-09-18,"3,463.23",,2014-02,"1,752.15"
2026-03-03,"3,566.61",,2023-09-11,"3,467.10",,2014-01,"1,718.29"
2026-03-02,"3,566.60",,2023-09-04,"3,470.79",,2013-12,"1,673.93"
2026-03-01,"3,565.55",,2023-08-28,"3,473.22",,2013-11,"1,735.08"
2026-02-28,"3,565.55",,2023-08-21,"3,473.97",,2013-10,"1,694.57"
2026-02-27,"3,565.94",,2023-08-14,"3,472.11",,2013-09,"1,661.88"
2026-02-26,"3,566.45",,2023-08-07,"3,468.30",,2013-08,"1,579.17"
2026-02-25,"3,566.47",,2023-07-31,"3,461.89",,2013-07,"1,477.26"
2026-02-24,"3,566.45",,2023-07-24,"3,450.39",,2013-06,"1,437.81"
2026-02-23,"3,565.87",,2023-07-17,"3,441.83",,2013-05,"1,438.98"
2026-02-22,"3,565.76",,2023-07-10,"3,437.35",,2013-04,"1,419.85"
2026-02-21,"3,565.76",,2023-07-03,"3,435.46",,2013-03,"1,404.01"
2026-02-20,"3,565.76",,2023-06-26,"3,432.51",,2013-02,"1,394.19"
2026-02-19,"3,565.76",,2023-06-19,"3,434.17",,2013-01,"1,392.68"
2026-02-18,"3,565.76",,2023-06-12,"3,438.85",,2012-12,"1,395.07"
2026-02-17,"3,565.76",,2023-06-05,"3,443.96",,2012-11,"1,396.09"
2026-02-16,"3,565.76",,2023-05-29,"3,447.55",,2012-10,"1,387.71"
2026-02-15,"3,565.53",,2023-05-22,"3,453.16",,2012-09,"1,394.99"
2026-02-14,"3,565.53",,2023-05-15,"3,459.58",,2012-08,"1,367.06"
2026-02-13,"3,565.53",,2023-05-08,"3,465.64",,2012-07,"1,344.56"
2026-02-12,"3,565.50",,2023-05-01,"3,471.51",,2012-06,"1,329.47"
2026-02-11,"3,566.06",,2023-04-24,"3,478.70",,2012-05,"1,318.13"
2026-02-10,"3,566.27",,2023-04-17,"3,489.92",,2012-04,"1,313.73"
2026-02-09,"3,566.00",,2023-04-10,"3,500.09",,2012-03,"1,331.93"
2026-02-08,"3,565.78",,2023-04-03,"3,512.43",,2012-02,"1,335.08"
2026-02-07,"3,565.78",,2023-03-27,"3,520.81",,2012-01,"1,390.55"
2026-02-06,"3,565.78",,2023-03-20,"3,526.47",,2011-12,"1,379.29"
2026-02-05,"3,565.99",,2023-03-13,"3,527.50",,2011-11,"1,330.40"
2026-02-04,"3,565.52",,2023-03-06,"3,526.07",,2011-10,"1,293.85"
2026-02-03,"3,565.56",,2023-02-27,"3,522.46",,2011-09,"1,261.60"
2026-02-02,"3,565.02",,2023-02-20,"3,517.30",,2011-08,"1,239.90"
2026-02-01,"3,564.08",,2023-02-13,"3,513.20",,2011-07,"1,244.31"
2026-01-31,"3,564.08",,2023-02-06,"3,503.67",,2011-06,"1,257.69"
2026-01-30,"3,564.08",,2023-01-30,"3,494.10",,2011-05,"1,237.07"
2026-01-29,"3,564.35",,2023-01-23,"3,483.18",,2011-04,"1,223.20"
2026-01-28,"3,564.63",,2023-01-16,"3,471.31",,2011-03,"1,221.97"
2026-01-27,"3,564.44",,2023-01-09,"3,459.20",,2011-02,"1,253.81"
2026-01-26,"3,564.06",,2023-01-02,"3,451.28",,2011-01,"1,254.97"
2026-01-25,"3,563.74",,2022-12-26,"3,443.15",,2010-12,"1,233.56"
2026-01-24,"3,563.74",,2022-12-19,"3,436.66",,2010-11,"1,269.52"
2026-01-23,"3,563.74",,2022-12-12,"3,429.96",,2010-10,"1,305.20"
2026-01-22,"3,564.01",,2022-12-05,"3,424.90",,2010-09,"1,327.15"
2026-01-21,"3,563.19",,2022-11-28,"3,420.87",,2010-08,"1,323.40"
2026-01-20,"3,563.16",,2022-11-21,"3,415.45",,2010-07,"1,365.81"
2026-01-19,"3,561.49",,2022-11-14,"3,409.53",,2010-06,"1,378.47"
2026-01-18,"3,561.64",,2022-11-07,"3,401.59",,2010-05,"1,386.66"
2026-01-17,"3,561.64",,2022-10-31,"3,393.71",,2010-04,"1,384.40"
2026-01-16,"3,561.64",,2022-10-24,"3,385.44",,2010-03,"1,409.00"
2026-01-15,"3,561.42",,2022-10-17,"3,374.28",,2010-02,"1,446.08"
2026-01-14,"3,559.91",,2022-10-10,"3,367.89",,2010-01,"1,455.09"
2026-01-13,"3,559.94",,2022-10-03,"3,353.53",,,
2026-01-12,"3,558.57",,2022-09-26,"3,328.46",,,
2026-01-11,"3,558.20",,2022-09-19,"3,276.29",,,
2026-01-10,"3,558.20",,2022-09-12,"3,241.61",,,
2026-01-09,"3,558.20",,2022-09-05,"3,217.44",,,
2026-01-08,"3,557.90",,2022-08-29,"3,202.92",,,
2026-01-07,"3,556.93",,2022-08-22,"3,194.50",,,
2026-01-06,"3,556.76",,2022-08-15,"3,188.56",,,
2026-01-05,"3,556.55",,2022-08-08,"3,181.41",,,
2026-01-04,"3,556.62",,2022-08-01,"3,174.37",,,
2026-01-03,"3,556.62",,2022-07-25,"3,164.88",,,
2026-01-02,"3,556.62",,2022-07-18,"3,155.45",,,
2026-01-01,"3,556.81",,2022-07-11,"3,147.52",,,
2025-12-31,"3,556.81",,2022-07-04,"3,144.97",,,
2025-12-30,"3,556.66",,2022-06-27,"3,135.15",,,
2025-12-29,"3,556.03",,2022-06-20,"3,126.28",,,
2025-12-28,"3,556.03",,2022-06-13,"3,120.81",,,
2025-12-27,"3,556.03",,2022-06-06,"3,120.78",,,
2025-12-26,"3,556.03",,2022-05-30,"3,120.65",,,
2025-12-25,"3,555.81",,2022-05-23,"3,120.79",,,
2025-12-24,"3,554.04",,2022-05-16,"3,117.46",,,
2025-12-23,"3,553.36",,2022-05-09,"3,107.87",,,
2025-12-22,"3,550.15",,2022-05-02,"3,095.15",,,
2025-12-21,"3,549.37",,2022-04-25,"3,078.94",,,
2025-12-20,"3,549.37",,2022-04-18,"3,061.34",,,
2025-12-19,"3,549.37",,2022-04-11,"3,040.20",,,
2025-12-18,"3,548.59",,2022-04-04,"3,011.49",,,
2025-12-17,"3,546.14",,2022-03-28,"2,952.85",,,
2025-12-16,"3,545.51",,2022-03-21,"2,918.86",,,
2025-12-15,"3,545.45",,2022-03-14,"2,904.33",,,
2025-12-14,"3,544.81",,2022-03-07,"2,878.97",,,
2025-12-13,"3,544.81",,2022-02-28,"2,870.64",,,
2025-12-12,"3,544.81",,2022-02-21,"2,862.11",,,
2025-12-11,"3,545.09",,2022-02-14,"2,858.33",,,
2025-12-10,"3,544.29",,2022-02-07,"2,852.97",,,
2025-12-09,"3,544.05",,2022-01-31,"2,850.72",,,
2025-12-08,"3,544.60",,2022-01-24,"2,849.45",,,
2025-12-07,"3,545.52",,2022-01-17,"2,849.44",,,
2025-12-06,"3,545.52",,2022-01-10,"2,849.44",,,
2025-12-05,"3,545.52",,2022-01-03,"2,849.26",,,
2025-12-04,"3,545.08",,2021-12-27,"2,849.03",,,
2025-12-03,"3,548.92",,2021-12-20,"2,849.02",,,
2025-12-02,"3,549.05",,2021-12-13,"2,848.88",,,
2025-12-01,"3,552.70",,2021-12-06,"2,848.94",,,
2025-11-30,"3,553.58",,2021-11-29,"2,848.77",,,
2025-11-29,"3,553.58",,2021-11-22,"2,849.13",,,
2025-11-28,"3,553.58",,2021-11-15,"2,848.98",,,
2025-11-27,"3,554.71",,2021-11-08,"2,848.85",,,
2025-11-26,"3,559.76",,2021-11-01,"2,849.02",,,
2025-11-25,"3,559.76",,2021-10-25,"2,848.88",,,
2025-11-24,"3,562.67",,2021-10-18,"2,848.92",,,
2025-11-23,"3,563.84",,2021-10-11,"2,848.97",,,
2025-11-22,"3,563.84",,2021-10-04,"2,848.93",,,
2025-11-21,"3,563.84",,2021-09-27,"2,848.87",,,
2025-11-20,"3,563.84",,2021-09-20,"2,848.86",,,
2025-11-19,"3,567.68",,2021-09-13,"2,848.95",,,
2025-11-18,"3,568.21",,2021-09-06,"2,848.76",,,
2025-11-17,"3,571.71",,2021-08-30,"2,848.93",,,
2025-11-16,"3,572.49",,2021-08-23,"2,848.67",,,
2025-11-15,"3,572.49",,2021-08-16,"2,848.79",,,
2025-11-14,"3,572.49",,2021-08-09,"2,848.90",,,
2025-11-13,"3,572.96",,2021-08-02,"2,848.80",,,
2025-11-12,"3,575.15",,2021-07-26,"2,848.86",,,
2025-11-11,"3,575.94",,2021-07-19,"2,849.04",,,
2025-11-10,"3,577.96",,2021-07-12,"2,848.85",,,
2025-11-09,"3,579.04",,2021-07-05,"2,848.95",,,
2025-11-08,"3,579.04",,2021-06-28,"2,849.16",,,
2025-11-07,"3,579.04",,2021-06-21,"2,849.17",,,
2025-11-06,"3,580.48",,2021-06-14,"2,849.15",,,
2025-11-05,"3,583.72",,2021-06-07,"2,849.03",,,
2025-11-04,"3,583.36",,2021-05-31,"2,848.93",,,
2025-11-03,"3,586.63",,2021-05-24,"2,848.97",,,
2025-11-02,"3,585.29",,2021-05-17,"2,849.34",,,
2025-11-01,"3,585.29",,2021-05-10,"2,849.80",,,
2025-10-31,"3,585.29",,2021-05-03,"2,849.95",,,
2025-10-30,"3,586.08",,2021-04-26,"2,849.85",,,
2025-10-29,"3,587.84",,2021-04-19,"2,850.08",,,
2025-10-28,"3,588.75",,2021-04-12,"2,849.98",,,
2025-10-27,"3,590.29",,2021-04-05,"2,849.77",,,
2025-10-26,"3,591.13",,2021-03-29,"2,849.79",,,
2025-10-25,"3,591.13",,2021-03-22,"2,849.70",,,
2025-10-24,"3,591.13",,2021-03-15,"2,849.66",,,
2025-10-23,"3,591.20",,2021-03-08,"2,849.60",,,
2025-10-22,"3,591.94",,2021-03-01,"2,849.47",,,
2025-10-21,"3,591.24",,2021-02-22,"2,849.42",,,
2025-10-20,"3,593.20",,2021-02-15,"2,849.92",,,
2025-10-19,"3,594.28",,2021-02-08,"2,849.47",,,
2025-10-18,"3,594.28",,2021-02-01,"2,849.87",,,
2025-10-17,"3,594.28",,2021-01-25,"2,849.87",,,
2025-10-16,"3,593.27",,2021-01-18,"2,849.67",,,
2025-10-15,"3,593.37",,2021-01-11,"2,849.84",,,
2025-10-14,"3,592.51",,2021-01-04,"2,849.92",,,
2025-10-13,"3,594.49",,2020-12-28,"2,849.72",,,
2025-10-12,"3,593.70",,2020-12-21,"2,849.34",,,
2025-10-11,"3,593.70",,2020-12-14,"2,849.75",,,
2025-10-10,"3,593.70",,2020-12-07,"2,849.60",,,
2025-10-09,"3,592.46",,2020-11-30,"2,849.43",,,
2025-10-08,"3,593.72",,2020-11-23,"2,849.48",,,
2025-10-07,"3,592.82",,2020-11-16,"2,849.69",,,
2025-10-06,"3,593.72",,2020-11-09,"2,849.86",,,
2025-10-05,"3,594.00",,2020-11-02,"2,850.55",,,
2025-10-04,"3,594.00",,2020-10-26,"2,852.39",,,
2025-10-03,"3,594.00",,2020-10-19,"2,852.66",,,
2025-10-02,"3,592.75",,2020-10-12,"2,853.74",,,
2025-10-01,"3,593.35",,2020-10-05,"2,854.71",,,
2025-09-30,"3,592.78",,2020-09-28,"2,854.67",,,
2025-09-29,"3,594.64",,2020-09-21,"2,854.20",,,
2025-09-28,"3,594.00",,2020-09-14,"2,854.35",,,
2025-09-27,"3,594.00",,2020-09-07,"2,854.39",,,
2025-09-26,"3,594.00",,2020-08-31,"2,853.31",,,
2025-09-25,"3,593.28",,2020-08-24,"2,852.41",,,
2025-09-24,"3,594.14",,2020-08-17,"2,850.09",,,
2025-09-23,"3,592.89",,2020-08-10,"2,847.65",,,
2025-09-22,"3,593.59",,2020-08-03,"2,846.18",,,
2025-09-21,"3,594.52",,2020-07-27,"2,844.62",,,
2025-09-20,"3,594.52",,2020-07-20,"2,841.45",,,
2025-09-19,"3,594.52",,2020-07-13,"2,833.58",,,
2025-09-18,"3,594.03",,2020-07-06,"2,831.07",,,
2025-09-17,"3,594.14",,2020-06-29,"2,825.15",,,
2025-09-16,"3,593.79",,2020-06-22,"2,820.70",,,
2025-09-15,"3,594.49",,2020-06-15,"2,818.91",,,
2025-09-14,"3,594.79",,2020-06-08,"2,812.08",,,
2025-09-13,"3,594.79",,2020-06-01,"2,808.70",,,
2025-09-12,"3,594.79",,2020-05-25,"2,805.51",,,
2025-09-11,"3,593.67",,2020-05-18,"2,800.44",,,
2025-09-10,"3,593.61",,2020-05-11,"2,795.22",,,
2025-09-09,"3,593.68",,2020-05-04,"2,790.92",,,
2025-09-08,"3,594.13",,2020-04-27,"2,788.26",,,
2025-09-07,"3,593.69",,2020-04-20,"2,785.04",,,
2025-09-06,"3,593.69",,2020-04-13,"2,782.80",,,
2025-09-05,"3,593.69",,2020-04-06,"2,781.45",,,
2025-09-04,"3,593.07",,2020-03-30,"2,778.42",,,
2025-09-03,"3,593.89",,2020-03-23,"2,773.88",,,
2025-09-02,"3,593.47",,2020-03-16,"2,769.73",,,
2025-09-01,"3,593.24",,2020-03-09,"2,766.78",,,
2025-08-31,"3,592.79",,2020-03-02,"2,764.07",,,
2025-08-30,"3,592.79",,2020-02-24,"2,761.78",,,
2025-08-29,"3,592.79",,2020-02-17,"2,759.56",,,
2025-08-28,"3,594.42",,2020-02-10,"2,755.42",,,
2025-08-27,"3,593.50",,2020-02-03,"2,753.39",,,
2025-08-26,"3,593.77",,2020-01-27,"2,751.24",,,
2025-08-25,"3,593.93",,2020-01-20,"2,748.89",,,
2025-08-24,"3,594.29",,2020-01-13,"2,744.20",,,
2025-08-23,"3,594.29",,2020-01-06,"2,738.21",,,
2025-08-22,"3,594.29",,2019-12-30,"2,734.96",,,
2025-08-21,"3,593.71",,2019-12-23,"2,733.18",,,
2025-08-20,"3,593.40",,2019-12-16,"2,730.37",,,
2025-08-19,"3,593.30",,2019-12-09,"2,724.60",,,
2025-08-18,"3,593.43",,2019-12-02,"2,720.40",,,
2025-08-17,"3,593.62",,2019-11-25,"2,713.05",,,
2025-08-16,"3,593.62",,2019-11-18,"2,706.10",,,
2025-08-15,"3,593.62",,2019-11-11,"2,702.89",,,
2025-08-14,"3,593.44",,2019-11-04,"2,703.02",,,
2025-08-13,"3,591.77",,2019-10-28,"2,697.86",,,
2025-08-12,"3,591.54",,2019-10-21,"2,685.13",,,
2025-08-11,"3,590.90",,2019-10-14,"2,675.71",,,
2025-08-10,"3,591.15",,2019-10-07,"2,669.54",,,
2025-08-09,"3,591.15",,2019-09-30,"2,667.47",,,
2025-08-08,"3,591.15",,2019-09-23,"2,667.45",,,
2025-08-07,"3,589.68",,2019-09-16,"2,668.76",,,
2025-08-06,"3,589.46",,2019-09-09,"2,671.03",,,
2025-08-05,"3,589.11",,2019-09-02,"2,671.67",,,
2025-08-04,"3,588.96",,2019-08-26,"2,672.02",,,
2025-08-03,"3,588.79",,2019-08-19,"2,672.30",,,
2025-08-02,"3,588.79",,2019-08-12,"2,672.39",,,
2025-08-01,"3,588.79",,2019-08-05,"2,667.43",,,
2025-07-31,"3,587.49",,2019-07-29,"2,666.30",,,
2025-07-30,"3,586.76",,2019-07-22,"2,664.32",,,
2025-07-29,"3,587.14",,2019-07-15,"2,661.19",,,
2025-07-28,"3,587.37",,2019-07-08,"2,659.42",,,
2025-07-27,"3,586.91",,2019-07-01,"2,658.38",,,
2025-07-26,"3,586.91",,2019-06-24,"2,657.52",,,
2025-07-25,"3,586.91",,2019-06-17,"2,656.37",,,
2025-07-24,"3,585.97",,2019-06-10,"2,653.51",,,
2025-07-23,"3,585.72",,2019-06-03,"2,651.47",,,
2025-07-22,"3,585.39",,2019-05-27,"2,648.66",,,
2025-07-21,"3,584.58",,2019-05-20,"2,647.31",,,
2025-07-20,"3,584.24",,2019-05-13,"2,644.83",,,
2025-07-19,"3,584.24",,2019-05-06,"2,642.17",,,
2025-07-18,"3,584.24",,2019-04-29,"2,642.28",,,
2025-07-17,"3,584.18",,2019-04-22,"2,638.85",,,
2025-07-16,"3,584.18",,2019-04-15,"2,634.99",,,
2025-07-15,"3,584.18",,2019-04-08,"2,631.68",,,
2025-07-14,"3,584.18",,2019-04-01,"2,631.74",,,
2025-07-13,"3,584.18",,2019-03-25,"2,631.41",,,
2025-07-12,"3,584.18",,2019-03-18,"2,631.24",,,
2025-07-11,"3,584.18",,2019-03-11,"2,632.23",,,
2025-07-10,"3,584.18",,2019-03-04,"2,634.64",,,
2025-07-09,"3,584.18",,2019-02-25,"2,635.30",,,
2025-07-08,"3,583.89",,2019-02-18,"2,635.00",,,
2025-07-07,"3,583.85",,2019-02-11,"2,632.32",,,
2025-07-06,"3,583.60",,2019-02-04,"2,630.93",,,
2025-07-05,"3,583.60",,2019-01-28,"2,630.12",,,
2025-07-04,"3,583.60",,2019-01-21,"2,638.52",,,
2025-07-03,"3,581.77",,2019-01-14,"2,656.62",,,
2025-07-02,"3,581.90",,2019-01-07,"2,664.23",,,
2025-07-01,"3,581.29",,2018-12-31,"2,648.61",,,
2025-06-30,"3,580.94",,2018-12-24,"2,642.11",,,
2025-06-29,"3,580.71",,2018-12-17,"2,637.29",,,
2025-06-28,"3,580.71",,2018-12-10,"2,634.78",,,
2025-06-27,"3,580.71",,2018-12-03,"2,634.62",,,
2025-06-26,"3,580.52",,2018-11-26,"2,615.15",,,
2025-06-25,"3,580.40",,2018-11-19,"2,589.39",,,
2025-06-24,"3,580.17",,2018-11-12,"2,570.87",,,
2025-06-23,"3,579.68",,2018-11-05,"2,566.58",,,
2025-06-22,"3,579.67",,2018-10-29,"2,565.04",,,
2025-06-21,"3,579.67",,2018-10-22,"2,563.82",,,
2025-06-20,"3,579.67",,2018-10-15,"2,564.30",,,
2025-06-19,"3,579.56",,2018-10-08,"2,564.64",,,
2025-06-18,"3,579.18",,2018-10-01,"2,564.46",,,
2025-06-17,"3,578.43",,2018-09-24,"2,542.44",,,
2025-06-16,"3,577.84",,2018-09-17,"2,513.50",,,
2025-06-15,"3,576.53",,2018-09-10,"2,491.16",,,
2025-06-14,"3,576.53",,2018-09-03,"2,476.77",,,
2025-06-13,"3,576.53",,2018-08-27,"2,472.99",,,
2025-06-12,"3,575.95",,2018-08-20,"2,469.12",,,
2025-06-11,"3,575.44",,2018-08-13,"2,462.05",,,
2025-06-10,"3,575.44",,2018-08-06,"2,455.95",,,
2025-06-09,"3,575.30",,2018-07-30,"2,460.36",,,
2025-06-08,"3,575.08",,2018-07-23,"2,464.07",,,
2025-06-07,"3,575.08",,2018-07-16,"2,461.46",,,
2025-06-06,"3,575.08",,2018-07-09,"2,461.88",,,
2025-06-05,"3,575.09",,2018-07-02,"2,463.17",,,
2025-06-04,"3,575.03",,2018-06-25,"2,463.10",,,
2025-06-03,"3,574.03",,2018-06-18,"2,443.51",,,
2025-06-02,"3,573.80",,2018-06-11,"2,416.34",,,
2025-06-01,"3,573.95",,2018-06-04,"2,411.63",,,
2025-05-31,"3,573.95",,2018-05-28,"2,409.81",,,
2025-05-30,"3,573.95",,2018-05-21,"2,409.89",,,
2025-05-29,"3,573.70",,2018-05-14,"2,403.40",,,
2025-05-28,"3,573.79",,2018-05-07,"2,401.90",,,
2025-05-27,"3,573.69",,2018-04-30,"2,402.52",,,
2025-05-26,"3,573.44",,2018-04-23,"2,399.20",,,
2025-05-25,"3,573.76",,2018-04-16,"2,394.77",,,
2025-05-24,"3,573.76",,2018-04-09,"2,392.91",,,
2025-05-23,"3,573.76",,2018-04-02,"2,391.54",,,
2025-05-22,"3,573.64",,2018-03-26,"2,393.73",,,
2025-05-21,"3,573.73",,2018-03-19,"2,397.35",,,
2025-05-20,"3,571.17",,2018-03-12,"2,396.22",,,
2025-05-19,"3,573.19",,2018-03-05,"2,394.35",,,
2025-05-18,"3,572.83",,2018-02-26,"2,394.36",,,
2025-05-17,"3,572.83",,2018-02-19,"2,397.93",,,
2025-05-16,"3,572.83",,2018-02-12,"2,397.41",,,
2025-05-15,"3,572.83",,2018-02-05,"2,409.16",,,
2025-05-14,"3,572.45",,2018-01-29,"2,416.92",,,
2025-05-13,"3,572.93",,2018-01-22,"2,419.55",,,
2025-05-12,"3,572.37",,2018-01-15,"2,425.54",,,
2025-05-11,"3,572.88",,2018-01-08,"2,432.93",,,
2025-05-10,"3,572.88",,2018-01-01,"2,429.08",,,
2025-05-09,"3,572.88",,2017-12-25,"2,427.13",,,
2025-05-08,"3,572.59",,2017-12-18,"2,426.65",,,
2025-05-07,"3,572.07",,2017-12-11,"2,435.69",,,
2025-05-06,"3,571.88",,2017-12-04,"2,439.82",,,
2025-05-05,"3,571.74",,2017-11-27,"2,444.00",,,
2025-05-04,"3,571.47",,2017-11-20,"2,444.36",,,
2025-05-03,"3,571.47",,2017-11-13,"2,446.84",,,
2025-05-02,"3,571.47",,2017-11-06,"2,453.70",,,
2025-05-01,"3,570.74",,2017-10-30,"2,455.82",,,
2025-04-30,"3,570.82",,2017-10-23,"2,455.92",,,
2025-04-29,"3,570.57",,2017-10-16,"2,456.35",,,
2025-04-28,"3,569.87",,2017-10-09,"2,460.64",,,
2025-04-27,"3,570.87",,2017-10-02,"2,461.91",,,
2025-04-26,"3,570.87",,2017-09-25,"2,464.31",,,
2025-04-25,"3,570.87",,2017-09-18,"2,466.06",,,
2025-04-24,"3,570.11",,2017-09-11,"2,455.94",,,
2025-04-23,"3,569.67",,2017-09-04,"2,438.44",,,
2025-04-22,"3,569.04",,2017-08-28,"2,431.88",,,
2025-04-21,"3,568.48",,2017-08-21,"2,439.75",,,
2025-04-20,"3,562.40",,2017-08-14,"2,443.54",,,
2025-04-19,"3,562.40",,2017-08-07,"2,445.14",,,
2025-04-18,"3,562.40",,2017-07-31,"2,453.73",,,
2025-04-17,"3,555.24",,2017-07-24,"2,434.57",,,
2025-04-16,"3,544.40",,2017-07-17,"2,417.09",,,
2025-04-15,"3,541.10",,2017-07-10,"2,389.29",,,
2025-04-14,"3,534.48",,2017-07-03,"2,375.85",,,
2025-04-13,"3,533.70",,2017-06-26,"2,351.93",,,
2025-04-12,"3,533.70",,2017-06-19,"2,359.77",,,
2025-04-11,"3,533.70",,2017-06-12,"2,368.52",,,
2025-04-10,"3,530.23",,2017-06-05,"2,380.83",,,
2025-04-09,"3,528.67",,2017-05-29,"2,398.60",,,
2025-04-08,"3,522.38",,2017-05-22,"2,409.50",,,
2025-04-07,"3,508.40",,2017-05-15,"2,417.81",,,
2025-04-06,"3,505.87",,2017-05-08,"2,412.27",,,
2025-04-05,"3,505.87",,2017-05-01,"2,416.31",,,
2025-04-04,"3,505.87",,2017-04-24,"2,420.70",,,
2025-04-03,"3,501.83",,2017-04-17,"2,417.46",,,
2025-04-02,"3,495.36",,2017-04-10,"2,411.57",,,
2025-04-01,"3,491.62",,2017-04-03,"2,434.85",,,
2025-03-31,"3,487.61",,2017-03-27,"2,451.93",,,
2025-03-30,"3,488.01",,2017-03-20,"2,458.88",,,
2025-03-29,"3,488.01",,2017-03-13,"2,457.23",,,
2025-03-28,"3,488.01",,2017-03-06,"2,464.32",,,
2025-03-27,"3,486.82",,2017-02-27,"2,470.58",,,
2025-03-26,"3,483.53",,2017-02-20,"2,474.90",,,
2025-03-25,"3,480.61",,2017-02-13,"2,483.69",,,
2025-03-24,"3,478.05",,2017-02-06,"2,480.83",,,
2025-03-23,"3,476.98",,2017-01-30,"2,468.49",,,
2025-03-22,"3,476.98",,2017-01-23,"2,474.78",,,
2025-03-21,"3,476.98",,2017-01-16,"2,491.64",,,
2025-03-20,"3,475.37",,2017-01-09,"2,496.84",,,
2025-03-19,"3,473.57",,2017-01-02,"2,495.22",,,
2025-03-18,"3,473.30",,2016-12-26,"2,489.25",,,
2025-03-17,"3,471.47",,2016-12-19,"2,489.72",,,
2025-03-16,"3,470.86",,2016-12-12,"2,486.76",,,
2025-03-15,"3,470.86",,2016-12-05,"2,475.58",,,
2025-03-14,"3,470.86",,2016-11-28,"2,466.99",,,
2025-03-13,"3,470.75",,2016-11-21,"2,452.90",,,
2025-03-12,"3,469.19",,2016-11-14,"2,437.41",,,
2025-03-11,"3,468.57",,2016-11-07,"2,439.21",,,
2025-03-10,"3,467.86",,2016-10-31,"2,394.24",,,
2025-03-09,"3,467.49",,2016-10-24,"2,358.65",,,
2025-03-08,"3,467.49",,2016-10-17,"2,323.48",,,
2025-03-07,"3,467.49",,2016-10-10,"2,281.96",,,
2025-03-06,"3,466.79",,2016-10-03,"2,279.72",,,
2025-03-05,"3,466.56",,2016-09-26,"2,280.10",,,
2025-03-04,"3,466.56",,2016-09-19,"2,253.15",,,
2025-03-03,"3,466.56",,2016-09-12,"2,242.31",,,
2025-03-02,"3,466.56",,2016-09-05,"2,224.03",,,
2025-03-01,"3,466.56",,2016-08-29,"2,218.23",,,
2025-02-28,"3,466.56",,2016-08-22,"2,254.79",,,
2025-02-27,"3,465.69",,2016-08-15,"2,247.58",,,
2025-02-26,"3,464.65",,2016-08-08,"2,150.92",,,
2025-02-25,"3,464.13",,2016-08-01,"2,097.89",,,
2025-02-24,"3,462.98",,2016-07-25,"2,064.54",,,
2025-02-23,"3,462.59",,2016-07-18,"2,040.41",,,
2025-02-22,"3,462.59",,2016-07-11,"2,017.57",,,
2025-02-21,"3,462.59",,2016-07-04,"2,008.84",,,
2025-02-20,"3,462.17",,2016-06-27,"1,975.72",,,
2025-02-19,"3,460.61",,2016-06-20,"1,942.48",,,
2025-02-18,"3,459.95",,2016-06-13,"1,959.53",,,
2025-02-17,"3,459.57",,2016-06-06,"1,979.04",,,
2025-02-16,"3,459.07",,2016-05-30,"1,987.12",,,
2025-02-15,"3,459.07",,2016-05-23,"1,997.36",,,
2025-02-14,"3,459.07",,2016-05-16,"1,998.31",,,
2025-02-13,"3,458.92",,2016-05-09,"2,011.51",,,
2025-02-12,"3,458.67",,2016-05-02,"2,019.49",,,
2025-02-11,"3,457.45",,2016-04-25,"2,006.24",,,
2025-02-10,"3,455.89",,2016-04-18,"1,982.98",,,
2025-02-09,"3,455.22",,2016-04-11,"2,011.54",,,
2025-02-08,"3,455.22",,2016-04-04,"2,035.16",,,
2025-02-07,"3,455.22",,2016-03-28,"2,049.66",,,
2025-02-06,"3,454.73",,2016-03-21,"2,049.77",,,
2025-02-05,"3,453.67",,2016-03-14,"2,046.02",,,
2025-02-04,"3,451.31",,2016-03-07,"2,047.13",,,
2025-02-03,"3,449.00",,2016-02-29,"2,038.96",,,
2025-02-02,"3,448.24",,2016-02-22,"2,034.96",,,
2025-02-01,"3,448.24",,2016-02-15,"2,025.56",,,
2025-01-31,"3,448.24",,2016-02-08,"2,019.08",,,
2025-01-30,"3,447.43",,2016-02-01,"2,015.94",,,
2025-01-29,"3,445.22",,2016-01-25,"2,008.88",,,
2025-01-28,"3,443.25",,2016-01-18,"2,006.76",,,
2025-01-27,"3,440.29",,2016-01-11,"2,000.98",,,
2025-01-26,"3,439.01",,2016-01-04,"1,998.00",,,
2025-01-25,"3,439.01",,2015-12-28,"1,994.95",,,
2025-01-24,"3,439.01",,2015-12-21,"1,994.78",,,
2025-01-23,"3,437.92",,2015-12-14,"1,995.61",,,
2025-01-22,"3,435.18",,2015-12-07,"1,995.98",,,
2025-01-21,"3,433.03",,2015-11-30,"1,996.22",,,
2025-01-20,"3,430.65",,2015-11-23,"1,994.04",,,
2025-01-19,"3,429.70",,2015-11-16,"1,992.62",,,
2025-01-18,"3,429.70",,2015-11-09,"1,991.49",,,
2025-01-17,"3,429.70",,2015-11-02,"1,992.41",,,
2025-01-16,"3,428.91",,2015-10-26,"1,991.73",,,
2025-01-15,"3,427.88",,2015-10-19,"1,991.87",,,
2025-01-14,"3,427.07",,2015-10-12,"1,993.20",,,
2025-01-13,"3,426.10",,2015-10-05,"1,994.90",,,
2025-01-12,"3,424.61",,2015-09-28,"1,996.29",,,
2025-01-11,"3,424.61",,2015-09-21,"1,995.81",,,
2025-01-10,"3,424.61",,2015-09-14,"1,991.97",,,
2025-01-09,"3,423.93",,2015-09-07,"1,995.03",,,
2025-01-08,"3,423.28",,2015-08-31,"1,992.76",,,
2025-01-07,"3,422.70",,2015-08-24,"1,991.52",,,
2025-01-06,"3,422.08",,2015-08-17,"1,992.53",,,
2025-01-05,"3,421.43",,2015-08-10,"1,990.81",,,
2025-01-04,"3,421.43",,2015-08-03,"1,987.70",,,
2025-01-03,"3,421.43",,2015-07-27,"1,983.76",,,
2025-01-02,"3,420.92",,2015-07-20,"1,981.65",,,
2025-01-01,"3,420.46",,2015-07-13,"1,979.51",,,
2024-12-31,"3,420.46",,2015-07-06,"1,971.95",,,
2024-12-30,"3,420.25",,2015-06-29,"1,970.54",,,
2024-12-29,"3,420.09",,2015-06-22,"1,939.06",,,
2024-12-28,"3,420.09",,2015-06-15,"1,902.74",,,
2024-12-27,"3,420.09",,2015-06-08,"1,864.24",,,
2024-12-26,"3,419.59",,2015-06-01,"1,890.02",,,
2024-12-25,"3,418.84",,2015-05-25,"1,915.22",,,
2024-12-24,"3,417.98",,2015-05-18,"1,937.55",,,
2024-12-23,"3,418.12",,2015-05-11,"1,943.77",,,
2024-12-22,"3,417.49",,2015-05-04,"1,950.91",,,
2024-12-21,"3,417.49",,2015-04-27,"1,961.04",,,
2024-12-20,"3,417.49",,2015-04-20,"1,965.33",,,
2024-12-19,"3,417.14",,2015-04-13,"1,977.81",,,
2024-12-18,"3,417.91",,2015-04-06,"1,985.70",,,
2024-12-17,"3,417.29",,2015-03-30,"1,984.68",,,
2024-12-16,"3,417.79",,2015-03-23,"1,988.29",,,
2024-12-15,"3,417.31",,2015-03-16,"1,988.82",,,
2024-12-14,"3,417.31",,2015-03-09,"1,987.64",,,
2024-12-13,"3,417.31",,2015-03-02,"1,981.77",,,
2024-12-12,"3,416.71",,2015-02-23,"1,975.80",,,
2024-12-11,"3,417.71",,2015-02-16,"1,971.65",,,
2024-12-10,"3,417.29",,2015-02-09,"1,958.62",,,
2024-12-09,"3,417.88",,2015-02-02,"1,947.62",,,
2024-12-08,"3,417.45",,2015-01-26,"1,944.37",,,
2024-12-07,"3,417.45",,2015-01-19,"1,942.37",,,
2024-12-06,"3,417.45",,2015-01-12,"1,934.40",,,
2024-12-05,"3,416.57",,2015-01-05,"1,915.51",,,
2024-12-04,"3,416.82",,2014-12-29,"1,887.45",,,
2024-12-03,"3,416.82",,2014-12-22,"1,880.52",,,
2024-12-02,"3,416.98",,2014-12-15,"1,884.04",,,
2024-12-01,"3,417.77",,2014-12-08,"1,885.70",,,
2024-11-30,"3,417.77",,2014-12-01,"1,877.55",,,
2024-11-29,"3,417.77",,2014-11-24,"1,893.13",,,
2024-11-28,"3,417.42",,2014-11-17,"1,882.82",,,
2024-11-27,"3,417.18",,2014-11-10,"1,875.44",,,
2024-11-26,"3,417.19",,2014-11-03,"1,871.04",,,
2024-11-25,"3,417.19",,2014-10-27,"1,859.51",,,
2024-11-24,"3,416.66",,2014-10-20,"1,852.76",,,
2024-11-23,"3,416.66",,2014-10-13,"1,849.29",,,
2024-11-22,"3,416.66",,2014-10-06,"1,845.27",,,
2024-11-21,"3,415.79",,2014-09-29,"1,841.57",,,
2024-11-20,"3,415.07",,2014-09-22,"1,839.19",,,
2024-11-19,"3,415.19",,2014-09-15,"1,840.83",,,
2024-11-18,"3,414.18",,2014-09-08,"1,842.56",,,
2024-11-17,"3,413.51",,2014-09-01,"1,822.95",,,
2024-11-16,"3,413.51",,2014-08-25,"1,820.28",,,
2024-11-15,"3,413.51",,2014-08-18,"1,855.48",,,
2024-11-14,"3,413.09",,2014-08-11,"1,888.82",,,
2024-11-13,"3,411.42",,2014-08-04,"1,876.92",,,
2024-11-12,"3,410.72",,2014-07-28,"1,867.48",,,
2024-11-11,"3,410.23",,2014-07-21,"1,851.99",,,
2024-11-10,"3,409.59",,2014-07-14,"1,840.01",,,
2024-11-09,"3,409.59",,2014-07-07,"1,835.91",,,
2024-11-08,"3,409.59",,2014-06-30,"1,826.93",,,
2024-11-07,"3,409.37",,2014-06-23,"1,825.65",,,
2024-11-06,"3,408.95",,2014-06-16,"1,824.30",,,
2024-11-05,"3,407.88",,2014-06-09,"1,824.30",,,
2024-11-04,"3,407.42",,2014-06-02,"1,824.35",,,
2024-11-03,"3,406.79",,2014-05-26,"1,820.35",,,
2024-11-02,"3,406.79",,2014-05-19,"1,822.56",,,
2024-11-01,"3,406.79",,2014-05-12,"1,814.36",,,
2024-10-31,"3,404.64",,2014-05-05,"1,804.82",,,
2024-10-30,"3,402.87",,2014-04-28,"1,795.54",,,
2024-10-29,"3,402.78",,2014-04-21,"1,787.34",,,
2024-10-28,"3,402.50",,2014-04-14,"1,780.07",,,
2024-10-27,"3,402.39",,2014-04-07,"1,779.98",,,
2024-10-26,"3,402.39",,2014-03-31,"1,783.77",,,
2024-10-25,"3,402.39",,2014-03-24,"1,782.47",,,
2024-10-24,"3,401.46",,2014-03-17,"1,772.57",,,
2024-10-23,"3,399.51",,2014-03-10,"1,769.03",,,
2024-10-22,"3,397.42",,2014-03-03,"1,766.33",,,
2024-10-21,"3,395.18",,2014-02-24,"1,769.37",,,
2024-10-20,"3,393.53",,2014-02-17,"1,760.78",,,
2024-10-19,"3,393.53",,2014-02-10,"1,747.27",,,
2024-10-18,"3,393.53",,2014-02-03,"1,731.20",,,
2024-10-17,"3,392.36",,2014-01-27,"1,722.93",,,
2024-10-16,"3,389.50",,2014-01-20,"1,720.95",,,
2024-10-15,"3,388.55",,2014-01-13,"1,709.25",,,
2024-10-14,"3,387.17",,2014-01-06,"1,720.02",,,
2024-10-13,"3,385.87",,2013-12-30,"1,676.15",,,
2024-10-12,"3,385.87",,2013-12-23,"1,629.93",,,
2024-10-11,"3,385.87",,2013-12-16,"1,642.02",,,
2024-10-10,"3,385.87",,2013-12-09,"1,690.87",,,
2024-10-09,"3,384.41",,2013-12-02,"1,730.68",,,
2024-10-08,"3,383.86",,2013-11-25,"1,744.11",,,
2024-10-07,"3,382.71",,2013-11-18,"1,746.21",,,
2024-10-06,"3,382.96",,2013-11-11,"1,739.69",,,
2024-10-05,"3,382.96",,2013-11-04,"1,710.32",,,
2024-10-04,"3,382.96",,2013-10-28,"1,709.58",,,
2024-10-03,"3,381.82",,2013-10-21,"1,699.24",,,
2024-10-02,"3,381.53",,2013-10-14,"1,691.81",,,
2024-10-01,"3,381.41",,2013-10-07,"1,677.66",,,
2024-09-30,"3,380.93",,2013-09-30,"1,657.56",,,
2024-09-29,"3,381.12",,2013-09-23,"1,633.36",,,
2024-09-28,"3,381.12",,2013-09-16,"1,643.89",,,
2024-09-27,"3,381.12",,2013-09-09,"1,711.44",,,
2024-09-26,"3,381.02",,2013-09-02,"1,663.13",,,
2024-09-25,"3,380.90",,2013-08-26,"1,608.09",,,
2024-09-24,"3,381.24",,2013-08-19,"1,581.85",,,
2024-09-23,"3,380.99",,2013-08-12,"1,569.49",,,
2024-09-22,"3,381.51",,2013-08-05,"1,557.27",,,
2024-09-21,"3,381.51",,2013-07-29,"1,503.49",,,
2024-09-20,"3,381.51",,2013-07-22,"1,497.74",,,
2024-09-19,"3,381.38",,2013-07-15,"1,466.95",,,
2024-09-18,"3,381.55",,2013-07-08,"1,462.86",,,
2024-09-17,"3,381.09",,2013-07-01,"1,455.28",,,
2024-09-16,"3,380.43",,2013-06-24,"1,443.26",,,
2024-09-15,"3,380.74",,2013-06-17,"1,437.90",,,
2024-09-14,"3,380.74",,2013-06-10,"1,433.15",,,
2024-09-13,"3,380.74",,2013-06-03,"1,436.93",,,
2024-09-12,"3,380.80",,2013-05-27,"1,442.18",,,
2024-09-11,"3,380.84",,2013-05-20,"1,439.86",,,
2024-09-10,"3,380.74",,2013-05-13,"1,437.90",,,
2024-09-09,"3,380.89",,2013-05-06,"1,435.97",,,
2024-09-08,"3,381.09",,2013-04-29,"1,433.81",,,
2024-09-07,"3,381.09",,2013-04-22,"1,427.72",,,
2024-09-06,"3,381.09",,2013-04-15,"1,417.32",,,
2024-09-05,"3,380.71",,2013-04-08,"1,410.62",,,
2024-09-04,"3,380.76",,2013-04-01,"1,409.77",,,
2024-09-03,"3,380.67",,2013-03-25,"1,410.39",,,
2024-09-02,"3,380.64",,2013-03-18,"1,405.09",,,
2024-09-01,"3,380.94",,2013-03-11,"1,400.23",,,
2024-08-31,"3,380.94",,2013-03-04,"1,400.33",,,
2024-08-30,"3,380.94",,2013-02-25,"1,400.46",,,
2024-08-29,"3,380.59",,2013-02-18,"1,393.95",,,
2024-08-28,"3,380.39",,2013-02-11,"1,390.82",,,
2024-08-27,"3,380.77",,2013-02-04,"1,391.54",,,
2024-08-26,"3,380.64",,2013-01-28,"1,392.59",,,
2024-08-25,"3,381.13",,2013-01-21,"1,390.58",,,
2024-08-24,"3,381.13",,2013-01-14,"1,392.04",,,
2024-08-23,"3,381.13",,2013-01-07,"1,395.52",,,
2024-08-22,"3,381.24",,2012-12-31,"1,392.21",,,
2024-08-21,"3,381.43",,2012-12-24,"1,391.97",,,
2024-08-20,"3,381.03",,2012-12-17,"1,392.95",,,
2024-08-19,"3,380.85",,2012-12-10,"1,397.49",,,
2024-08-18,"3,381.23",,2012-12-03,"1,400.73",,,
2024-08-17,"3,381.23",,2012-11-26,"1,396.89",,,
2024-08-16,"3,381.23",,2012-11-19,"1,394.80",,,
2024-08-15,"3,381.23",,2012-11-12,"1,395.13",,,
2024-08-14,"3,381.00",,2012-11-05,"1,397.55",,,
2024-08-13,"3,381.18",,2012-10-29,"1,397.19",,,
2024-08-12,"3,380.81",,2012-10-22,"1,391.57",,,
2024-08-11,"3,381.36",,2012-10-15,"1,382.80",,,
2024-08-10,"3,381.36",,2012-10-08,"1,379.90",,,
2024-08-09,"3,381.36",,2012-10-01,"1,387.10",,,
2024-08-08,"3,381.14",,2012-09-24,"1,397.63",,,
2024-08-07,"3,381.03",,2012-09-17,"1,401.62",,,
2024-08-06,"3,380.93",,2012-09-10,"1,394.50",,,
2024-08-05,"3,380.92",,2012-09-03,"1,386.23",,,
2024-08-04,"3,380.75",,2012-08-27,"1,379.36",,,
2024-08-03,"3,380.75",,2012-08-20,"1,367.89",,,
2024-08-02,"3,380.75",,2012-08-13,"1,362.70",,,
2024-08-01,"3,380.86",,2012-08-06,"1,358.30",,,
2024-07-31,"3,380.81",,2012-07-30,"1,351.05",,,
2024-07-30,"3,380.95",,2012-07-23,"1,347.31",,,
2024-07-29,"3,380.86",,2012-07-16,"1,345.35",,,
2024-07-28,"3,380.79",,2012-07-09,"1,339.82",,,
2024-07-27,"3,380.79",,2012-07-02,"1,339.25",,,
2024-07-26,"3,380.79",,2012-06-25,"1,341.64",,,
2024-07-25,"3,380.87",,2012-06-18,"1,335.20",,,
2024-07-24,"3,380.94",,2012-06-11,"1,323.66",,,
2024-07-23,"3,380.58",,2012-06-04,"1,317.38",,,
2024-07-22,"3,380.45",,2012-05-28,"1,316.77",,,
2024-07-21,"3,380.56",,2012-05-21,"1,320.96",,,
2024-07-20,"3,380.56",,2012-05-14,"1,318.53",,,
2024-07-19,"3,380.56",,2012-05-07,"1,316.27",,,
2024-07-18,"3,380.76",,2012-04-30,"1,316.98",,,
2024-07-17,"3,380.81",,2012-04-23,"1,320.49",,,
2024-07-16,"3,380.80",,2012-04-16,"1,316.18",,,
2024-07-15,"3,381.05",,2012-04-09,"1,308.63",,,
2024-07-14,"3,381.05",,2012-04-02,"1,306.37",,,
2024-07-13,"3,381.05",,2012-03-26,"1,324.17",,,
2024-07-12,"3,381.05",,2012-03-19,"1,330.81",,,
2024-07-11,"3,381.05",,2012-03-12,"1,336.12",,,
2024-07-10,"3,381.05",,2012-03-05,"1,336.62",,,
2024-07-09,"3,381.05",,2012-02-27,"1,338.21",,,
2024-07-08,"3,380.84",,2012-02-20,"1,324.70",,,
2024-07-07,"3,381.15",,2012-02-13,"1,331.92",,,
2024-07-06,"3,381.15",,2012-02-06,"1,345.50",,,
2024-07-05,"3,381.15",,2012-01-30,"1,363.09",,,
2024-07-04,"3,380.89",,2012-01-23,"1,373.29",,,
2024-07-03,"3,381.16",,2012-01-16,"1,390.89",,,
2024-07-02,"3,380.94",,2012-01-09,"1,408.77",,,
2024-07-01,"3,381.08",,2012-01-02,"1,416.69",,,
2024-06-30,"3,381.05",,2011-12-26,"1,394.80",,,
2024-06-29,"3,381.05",,2011-12-19,"1,380.63",,,
2024-06-28,"3,381.05",,2011-12-12,"1,377.75",,,
2024-06-27,"3,381.05",,2011-12-05,"1,363.97",,,
2024-06-26,"3,380.90",,2011-11-28,"1,342.08",,,
2024-06-25,"3,381.01",,2011-11-21,"1,324.76",,,
2024-06-24,"3,380.78",,2011-11-14,"1,327.47",,,
2024-06-23,"3,380.86",,2011-11-07,"1,327.28",,,
2024-06-22,"3,380.86",,2011-10-31,"1,302.40",,,
2024-06-21,"3,380.86",,2011-10-24,"1,298.20",,,
2024-06-20,"3,380.88",,2011-10-17,"1,292.89",,,
2024-06-19,"3,381.19",,2011-10-10,"1,285.27",,,
2024-06-18,"3,381.29",,2011-10-03,"1,290.47",,,
2024-06-17,"3,381.36",,2011-09-26,"1,276.66",,,
2024-06-16,"3,381.24",,2011-09-19,"1,260.63",,,
2024-06-15,"3,381.24",,2011-09-12,"1,257.73",,,
2024-06-14,"3,381.24",,2011-09-05,"1,251.36",,,
2024-06-13,"3,380.96",,2011-08-29,"1,250.39",,,
2024-06-12,"3,381.23",,2011-08-22,"1,241.53",,,
2024-06-11,"3,381.04",,2011-08-15,"1,236.10",,,
2024-06-10,"3,381.32",,2011-08-08,"1,233.26",,,
2024-06-09,"3,381.75",,2011-08-01,"1,238.24",,,
2024-06-08,"3,381.75",,2011-07-25,"1,253.29",,,
2024-06-07,"3,381.75",,2011-07-18,"1,246.46",,,
2024-06-06,"3,381.19",,2011-07-11,"1,234.71",,,
2024-06-05,"3,381.73",,2011-07-04,"1,242.76",,,
2024-06-04,"3,380.24",,2011-06-27,"1,258.81",,,
2024-06-03,"3,381.00",,2011-06-20,"1,263.99",,,
2024-06-02,"3,381.43",,2011-06-13,"1,257.02",,,
2024-06-01,"3,381.43",,2011-06-06,"1,250.92",,,
2024-05-31,"3,381.43",,2011-05-30,"1,245.85",,,
2024-05-30,"3,380.61",,2011-05-23,"1,230.62",,,
2024-05-29,"3,381.54",,2011-05-16,"1,219.01",,,
2024-05-28,"3,380.69",,2011-05-09,"1,227.73",,,
2024-05-27,"3,381.45",,2011-05-02,"1,262.14",,,
2024-05-26,"3,381.64",,2011-04-25,"1,252.97",,,
2024-05-25,"3,381.64",,2011-04-18,"1,228.83",,,
2024-05-24,"3,381.64",,2011-04-11,"1,206.65",,,
2024-05-23,"3,381.48",,2011-04-04,"1,204.36",,,
2024-05-22,"3,381.48",,2011-03-28,"1,198.69",,,
2024-05-21,"3,381.11",,2011-03-21,"1,213.88",,,
2024-05-20,"3,381.28",,2011-03-14,"1,229.99",,,
2024-05-19,"3,381.65",,2011-03-07,"1,245.33",,,
2024-05-18,"3,381.65",,2011-02-28,"1,252.95",,,
2024-05-17,"3,381.65",,2011-02-21,"1,253.10",,,
2024-05-16,"3,381.05",,2011-02-14,"1,253.55",,,
2024-05-15,"3,381.38",,2011-02-07,"1,255.64",,,
2024-05-14,"3,381.52",,2011-01-31,"1,246.96",,,
2024-05-13,"3,381.57",,2011-01-24,"1,248.42",,,
2024-05-12,"3,381.63",,2011-01-17,"1,244.01",,,
2024-05-11,"3,381.63",,2011-01-10,"1,267.18",,,
2024-05-10,"3,381.63",,2011-01-03,"1,268.26",,,
2024-05-09,"3,381.49",,2010-12-27,"1,253.46",,,
2024-05-08,"3,381.47",,2010-12-20,"1,243.25",,,
2024-05-07,"3,381.38",,2010-12-13,"1,216.35",,,
2024-05-06,"3,381.46",,2010-12-06,"1,221.18",,,
2024-05-05,"3,381.24",,2010-11-29,"1,243.44",,,
2024-05-04,"3,381.24",,2010-11-22,"1,260.93",,,
2024-05-03,"3,381.24",,2010-11-15,"1,276.49",,,
2024-05-02,"3,380.31",,2010-11-08,"1,282.31",,,
2024-05-01,"3,378.90",,2010-11-01,"1,284.44",,,
2024-04-30,"3,378.30",,2010-10-25,"1,289.44",,,
2024-04-29,"3,377.03",,2010-10-18,"1,301.62",,,
2024-04-28,"3,377.35",,2010-10-11,"1,313.50",,,
2024-04-27,"3,377.35",,2010-10-04,"1,316.25",,,
2024-04-26,"3,377.35",,2010-09-27,"1,326.63",,,
2024-04-25,"3,377.44",,2010-09-20,"1,329.33",,,
2024-04-24,"3,376.93",,2010-09-13,"1,330.37",,,
2024-04-23,"3,376.83",,2010-09-06,"1,322.27",,,
2024-04-22,"3,376.32",,2010-08-30,"1,306.85",,,
2024-04-21,"3,376.74",,2010-08-23,"1,304.94",,,
2024-04-20,"3,376.74",,2010-08-16,"1,318.70",,,
2024-04-19,"3,376.74",,2010-08-09,"1,336.63",,,
2024-04-18,"3,376.43",,2010-08-02,"1,349.90",,,
2024-04-17,"3,376.53",,2010-07-26,"1,360.45",,,
2024-04-16,"3,376.11",,2010-07-19,"1,366.84",,,
2024-04-15,"3,376.45",,2010-07-12,"1,368.42",,,
2024-04-14,"3,376.08",,2010-07-05,"1,367.54",,,
2024-04-13,"3,376.08",,2010-06-28,"1,369.02",,,
2024-04-12,"3,376.08",,2010-06-21,"1,378.78",,,
2024-04-11,"3,376.10",,2010-06-14,"1,381.27",,,
2024-04-10,"3,376.59",,2010-06-07,"1,384.81",,,
2024-04-09,"3,375.86",,2010-05-31,"1,383.89",,,
2024-04-08,"3,375.93",,2010-05-24,"1,386.79",,,
2024-04-07,"3,375.96",,2010-05-17,"1,388.80",,,
2024-04-06,"3,375.96",,2010-05-10,"1,385.60",,,
2024-04-05,"3,375.96",,2010-05-03,"1,388.24",,,
2024-04-04,"3,375.70",,2010-04-26,"1,376.85",,,
2024-04-03,"3,376.59",,2010-04-19,"1,404.42",,,
2024-04-02,"3,376.48",,2010-04-12,"1,389.32",,,
2024-04-01,"3,375.88",,2010-04-05,"1,366.98",,,
2024-03-31,"3,375.99",,2010-03-29,"1,367.42",,,
2024-03-30,"3,375.99",,2010-03-22,"1,391.23",,,
2024-03-29,"3,375.99",,2010-03-15,"1,418.26",,,
2024-03-28,"3,375.96",,2010-03-08,"1,425.18",,,
2024-03-27,"3,376.29",,2010-03-01,"1,442.92",,,
2024-03-26,"3,376.38",,2010-02-22,"1,442.02",,,
2024-03-25,"3,376.64",,2010-02-15,"1,438.76",,,
2024-03-24,"3,376.93",,2010-02-08,"1,448.50",,,
2024-03-23,"3,376.93",,2010-02-01,"1,455.05",,,
2024-03-22,"3,376.93",,2010-01-25,"1,451.64",,,
2024-03-21,"3,376.62",,2010-01-18,"1,449.61",,,
2024-03-20,"3,376.69",,2010-01-11,"1,464.77",,,
2024-03-19,"3,376.60",,2010-01-04,"1,454.32",,,
2024-03-18,"3,376.29",,,,,,
2024-03-17,"3,375.34",,,,,,
2024-03-16,"3,375.34",,,,,,
2024-03-15,"3,375.34",,,,,,
2024-03-14,"3,375.14",,,,,,
2024-03-13,"3,375.85",,,,,,
2024-03-12,"3,375.12",,,,,,
2024-03-11,"3,375.69",,,,,,
2024-03-10,"3,374.97",,,,,,
2024-03-09,"3,374.97",,,,,,
2024-03-08,"3,374.97",,,,,,
2024-03-07,"3,374.97",,,,,,
2024-03-06,"3,376.05",,,,,,
2024-03-05,"3,375.68",,,,,,
2024-03-04,"3,377.93",,,,,,
2024-03-03,"3,378.33",,,,,,
2024-03-02,"3,378.33",,,,,,
2024-03-01,"3,378.33",,,,,,
2024-02-29,"3,381.89",,,,,,
2024-02-28,"3,382.61",,,,,,
2024-02-27,"3,384.46",,,,,,
2024-02-26,"3,385.61",,,,,,
2024-02-25,"3,386.98",,,,,,
2024-02-24,"3,386.98",,,,,,
2024-02-23,"3,386.98",,,,,,
2024-02-22,"3,387.01",,,,,,
2024-02-21,"3,388.16",,,,,,
2024-02-20,"3,388.59",,,,,,
2024-02-19,"3,391.36",,,,,,
2024-02-18,"3,392.15",,,,,,
2024-02-17,"3,392.15",,,,,,
2024-02-16,"3,392.15",,,,,,
2024-02-15,"3,391.87",,,,,,
2024-02-14,"3,394.73",,,,,,
2024-02-13,"3,394.91",,,,,,
2024-02-12,"3,395.09",,,,,,
2024-02-11,"3,395.09",,,,,,
2024-02-10,"3,395.09",,,,,,
2024-02-09,"3,395.09",,,,,,
2024-02-08,"3,396.04",,,,,,
2024-02-07,"3,397.47",,,,,,
2024-02-06,"3,397.78",,,,,,
2024-02-05,"3,399.82",,,,,,
2024-02-04,"3,400.40",,,,,,
2024-02-03,"3,400.40",,,,,,
2024-02-02,"3,400.40",,,,,,
2024-02-01,"3,399.92",,,,,,
2024-01-31,"3,401.47",,,,,,
2024-01-30,"3,402.03",,,,,,
2024-01-29,"3,403.91",,,,,,
2024-01-28,"3,403.89",,,,,,
2024-01-27,"3,403.89",,,,,,
2024-01-26,"3,403.89",,,,,,
2024-01-25,"3,404.47",,,,,,
2024-01-24,"3,406.96",,,,,,
2024-01-23,"3,406.83",,,,,,
2024-01-22,"3,407.14",,,,,,
2024-01-21,"3,406.51",,,,,,
2024-01-20,"3,406.51",,,,,,
2024-01-19,"3,406.51",,,,,,
2024-01-18,"3,406.48",,,,,,
2024-01-17,"3,408.52",,,,,,
2024-01-16,"3,408.22",,,,,,
2024-01-15,"3,409.40",,,,,,
2024-01-14,"3,409.15",,,,,,
2024-01-13,"3,409.15",,,,,,
2024-01-12,"3,409.15",,,,,,
2024-01-11,"3,409.18",,,,,,
2024-01-10,"3,409.50",,,,,,
2024-01-09,"3,409.39",,,,,,
2024-01-08,"3,409.39",,,,,,
2024-01-07,"3,409.43",,,,,,
2024-01-06,"3,409.43",,,,,,
2024-01-05,"3,409.43",,,,,,
2024-01-04,"3,409.22",,,,,,
2024-01-03,"3,410.75",,,,,,
2024-01-02,"3,410.37",,,,,,
2024-01-01,"3,410.69",,,,,,
2023-12-31,"3,410.69",,,,,,
2023-12-30,"3,410.69",,,,,,
2023-12-29,"3,410.69",,,,,,
2023-12-28,"3,410.69",,,,,,
2023-12-27,"3,412.50",,,,,,
2023-12-26,"3,413.39",,,,,,
2023-12-25,"3,414.97",,,,,,
2023-12-24,"3,415.24",,,,,,
2023-12-23,"3,415.24",,,,,,
2023-12-22,"3,415.24",,,,,,
2023-12-21,"3,415.79",,,,,,
2023-12-20,"3,417.41",,,,,,
2023-12-19,"3,417.23",,,,,,
2023-12-18,"3,418.98",,,,,,
2023-12-17,"3,419.08",,,,,,
2023-12-16,"3,419.08",,,,,,
2023-12-15,"3,419.08",,,,,,
2023-12-14,"3,420.59",,,,,,
2023-12-13,"3,421.90",,,,,,
2023-12-12,"3,423.55",,,,,,
2023-12-11,"3,425.48",,,,,,
2023-12-10,"3,425.94",,,,,,
2023-12-09,"3,425.94",,,,,,
2023-12-08,"3,425.94",,,,,,
2023-12-07,"3,426.88",,,,,,
2023-12-06,"3,430.31",,,,,,
2023-12-05,"3,430.52",,,,,,
2023-12-04,"3,431.58",,,,,,
2023-12-03,"3,432.12",,,,,,
2023-12-02,"3,432.12",,,,,,
2023-12-01,"3,432.12",,,,,,
2023-11-30,"3,432.78",,,,,,
2023-11-29,"3,434.08",,,,,,
2023-11-28,"3,435.15",,,,,,
2023-11-27,"3,436.19",,,,,,
2023-11-26,"3,436.84",,,,,,
2023-11-25,"3,436.84",,,,,,
2023-11-24,"3,436.84",,,,,,
2023-11-23,"3,436.74",,,,,,
2023-11-22,"3,437.62",,,,,,
2023-11-21,"3,438.68",,,,,,
2023-11-20,"3,439.30",,,,,,
2023-11-19,"3,439.99",,,,,,
2023-11-18,"3,439.99",,,,,,
2023-11-17,"3,439.99",,,,,,
2023-11-16,"3,440.49",,,,,,
2023-11-15,"3,441.52",,,,,,
2023-11-14,"3,442.05",,,,,,
2023-11-13,"3,442.05",,,,,,
2023-11-12,"3,442.95",,,,,,
2023-11-11,"3,442.95",,,,,,
2023-11-10,"3,442.95",,,,,,
2023-11-09,"3,443.29",,,,,,
2023-11-08,"3,445.12",,,,,,
2023-11-07,"3,445.08",,,,,,
2023-11-06,"3,445.80",,,,,,
2023-11-05,"3,445.77",,,,,,
2023-11-04,"3,445.77",,,,,,
2023-11-03,"3,445.77",,,,,,
2023-11-02,"3,446.45",,,,,,
2023-11-01,"3,447.61",,,,,,
2023-10-31,"3,447.95",,,,,,
2023-10-30,"3,448.45",,,,,,
2023-10-29,"3,448.76",,,,,,
2023-10-28,"3,448.76",,,,,,
2023-10-27,"3,448.76",,,,,,
2023-10-26,"3,448.51",,,,,,
2023-10-25,"3,449.96",,,,,,
2023-10-24,"3,449.79",,,,,,
2023-10-23,"3,450.39",,,,,,
2023-10-22,"3,451.08",,,,,,
2023-10-21,"3,451.08",,,,,,
2023-10-20,"3,451.08",,,,,,
2023-10-19,"3,451.52",,,,,,
2023-10-18,"3,452.08",,,,,,
2023-10-17,"3,451.53",,,,,,
2023-10-16,"3,452.37",,,,,,
2023-10-15,"3,453.08",,,,,,
2023-10-14,"3,453.08",,,,,,
2023-10-13,"3,453.08",,,,,,
2023-10-12,"3,453.44",,,,,,
2023-10-11,"3,454.39",,,,,,
2023-10-10,"3,454.33",,,,,,
2023-10-09,"3,454.46",,,,,,
2023-10-08,"3,454.99",,,,,,
2023-10-07,"3,454.99",,,,,,
2023-10-06,"3,454.99",,,,,,
2023-10-05,"3,455.64",,,,,,
2023-10-04,"3,456.49",,,,,,
2023-10-03,"3,457.48",,,,,,
2023-10-02,"3,457.70",,,,,,
2023-10-01,"3,459.50",,,,,,
2023-09-30,"3,459.50",,,,,,
2023-09-29,"3,459.50",,,,,,
2023-09-28,"3,459.36",,,,,,
2023-09-27,"3,460.47",,,,,,
2023-09-26,"3,461.31",,,,,,
2023-09-25,"3,461.61",,,,,,
2023-09-24,"3,461.93",,,,,,
2023-09-23,"3,461.93",,,,,,
2023-09-22,"3,461.93",,,,,,
2023-09-21,"3,462.81",,,,,,
2023-09-20,"3,464.15",,,,,,
2023-09-19,"3,464.60",,,,,,
2023-09-18,"3,465.26",,,,,,
2023-09-17,"3,465.98",,,,,,
2023-09-16,"3,465.98",,,,,,
2023-09-15,"3,465.98",,,,,,
2023-09-14,"3,466.09",,,,,,
2023-09-13,"3,468.16",,,,,,
2023-09-12,"3,467.91",,,,,,
2023-09-11,"3,469.58",,,,,,
2023-09-10,"3,469.79",,,,,,
2023-09-09,"3,469.79",,,,,,
2023-09-08,"3,469.79",,,,,,
2023-09-07,"3,469.74",,,,,,
2023-09-06,"3,471.85",,,,,,
2023-09-05,"3,471.89",,,,,,
2023-09-04,"3,472.65",,,,,,
2023-09-03,"3,472.98",,,,,,
2023-09-02,"3,472.98",,,,,,
2023-09-01,"3,472.98",,,,,,
2023-08-31,"3,472.78",,,,,,
2023-08-30,"3,473.86",,,,,,
2023-08-29,"3,473.64",,,,,,
2023-08-28,"3,473.31",,,,,,
2023-08-27,"3,474.36",,,,,,
2023-08-26,"3,474.36",,,,,,
2023-08-25,"3,474.36",,,,,,
2023-08-24,"3,474.23",,,,,,
2023-08-23,"3,474.21",,,,,,
2023-08-22,"3,473.75",,,,,,
2023-08-21,"3,472.52",,,,,,
2023-08-20,"3,472.74",,,,,,
2023-08-19,"3,472.74",,,,,,
2023-08-18,"3,472.74",,,,,,
2023-08-17,"3,472.44",,,,,,
2023-08-16,"3,472.55",,,,,,
2023-08-15,"3,470.99",,,,,,
2023-08-14,"3,470.54",,,,,,
2023-08-13,"3,469.54",,,,,,
2023-08-12,"3,469.54",,,,,,
2023-08-11,"3,469.54",,,,,,
2023-08-10,"3,468.92",,,,,,
2023-08-09,"3,468.10",,,,,,
2023-08-08,"3,466.93",,,,,,
2023-08-07,"3,465.56",,,,,,
2023-08-06,"3,465.09",,,,,,
2023-08-05,"3,465.09",,,,,,
2023-08-04,"3,465.09",,,,,,
2023-08-03,"3,463.68",,,,,,
2023-08-02,"3,460.84",,,,,,
2023-08-01,"3,458.91",,,,,,
2023-07-31,"3,454.55",,,,,,
2023-07-30,"3,453.71",,,,,,
2023-07-29,"3,453.71",,,,,,
2023-07-28,"3,453.71",,,,,,
2023-07-27,"3,450.99",,,,,,
2023-07-26,"3,448.37",,,,,,
2023-07-25,"3,446.28",,,,,,
2023-07-24,"3,445.98",,,,,,
2023-07-23,"3,444.29",,,,,,
2023-07-22,"3,444.29",,,,,,
2023-07-21,"3,444.29",,,,,,
2023-07-20,"3,443.15",,,,,,
2023-07-19,"3,440.25",,,,,,
2023-07-18,"3,439.06",,,,,,
2023-07-17,"3,437.48",,,,,,
2023-07-16,"3,437.35",,,,,,
2023-07-15,"3,437.35",,,,,,
2023-07-14,"3,437.35",,,,,,
2023-07-13,"3,437.35",,,,,,
2023-07-12,"3,437.35",,,,,,
2023-07-11,"3,437.35",,,,,,
2023-07-10,"3,437.35",,,,,,
2023-07-09,"3,437.35",,,,,,
2023-07-08,"3,437.35",,,,,,
2023-07-07,"3,437.35",,,,,,
2023-07-06,"3,435.66",,,,,,
2023-07-05,"3,434.38",,,,,,
2023-07-04,"3,433.63",,,,,,
2023-07-03,"3,432.52",,,,,,
2023-07-02,"3,432.66",,,,,,
2023-07-01,"3,432.66",,,,,,
2023-06-30,"3,432.66",,,,,,
2023-06-29,"3,432.51",,,,,,
2023-06-28,"3,432.39",,,,,,
2023-06-27,"3,432.14",,,,,,
2023-06-26,"3,432.53",,,,,,
2023-06-25,"3,432.99",,,,,,
2023-06-24,"3,432.99",,,,,,
2023-06-23,"3,432.99",,,,,,
2023-06-22,"3,433.81",,,,,,
2023-06-21,"3,434.95",,,,,,
2023-06-20,"3,435.31",,,,,,
2023-06-19,"3,436.15",,,,,,
2023-06-18,"3,437.39",,,,,,
2023-06-17,"3,437.39",,,,,,
2023-06-16,"3,437.39",,,,,,
2023-06-15,"3,438.18",,,,,,
2023-06-14,"3,439.93",,,,,,
2023-06-13,"3,440.35",,,,,,
2023-06-12,"3,441.33",,,,,,
2023-06-11,"3,441.98",,,,,,
2023-06-10,"3,441.98",,,,,,
2023-06-09,"3,441.98",,,,,,
2023-06-08,"3,443.42",,,,,,
2023-06-07,"3,444.89",,,,,,
2023-06-06,"3,446.53",,,,,,
2023-06-05,"3,446.96",,,,,,
2023-06-04,"3,447.13",,,,,,
2023-06-03,"3,447.13",,,,,,
2023-06-02,"3,447.13",,,,,,
2023-06-01,"3,447.50",,,,,,
2023-05-31,"3,447.50",,,,,,
2023-05-30,"3,447.92",,,,,,
2023-05-29,"3,448.53",,,,,,
2023-05-28,"3,450.91",,,,,,
2023-05-27,"3,450.91",,,,,,
2023-05-26,"3,450.91",,,,,,
2023-05-25,"3,452.70",,,,,,
2023-05-24,"3,454.09",,,,,,
2023-05-23,"3,455.85",,,,,,
2023-05-22,"3,456.77",,,,,,
2023-05-21,"3,458.02",,,,,,
2023-05-20,"3,458.02",,,,,,
2023-05-19,"3,458.02",,,,,,
2023-05-18,"3,459.33",,,,,,
2023-05-17,"3,460.03",,,,,,
2023-05-16,"3,461.50",,,,,,
2023-05-15,"3,462.17",,,,,,
2023-05-14,"3,463.85",,,,,,
2023-05-13,"3,463.85",,,,,,
2023-05-12,"3,463.85",,,,,,
2023-05-11,"3,464.85",,,,,,
2023-05-10,"3,465.44",,,,,,
2023-05-09,"3,468.03",,,,,,
2023-05-08,"3,469.64",,,,,,
2023-05-07,"3,470.29",,,,,,
2023-05-06,"3,470.29",,,,,,
2023-05-05,"3,470.29",,,,,,
2023-05-04,"3,471.46",,,,,,
2023-05-03,"3,471.53",,,,,,
2023-05-02,"3,472.91",,,,,,
2023-05-01,"3,473.83",,,,,,
2023-04-30,"3,475.70",,,,,,
2023-04-29,"3,475.70",,,,,,
2023-04-28,"3,475.70",,,,,,
2023-04-27,"3,476.89",,,,,,
2023-04-26,"3,480.20",,,,,,
2023-04-25,"3,482.90",,,,,,
2023-04-24,"3,483.83",,,,,,
2023-04-23,"3,486.63",,,,,,
2023-04-22,"3,486.63",,,,,,
2023-04-21,"3,486.63",,,,,,
2023-04-20,"3,489.61",,,,,,
2023-04-19,"3,491.45",,,,,,
2023-04-18,"3,493.45",,,,,,
2023-04-17,"3,495.07",,,,,,
2023-04-16,"3,496.04",,,,,,
2023-04-15,"3,496.04",,,,,,
2023-04-14,"3,496.04",,,,,,
2023-04-13,"3,498.69",,,,,,
2023-04-12,"3,501.68",,,,,,
2023-04-11,"3,505.13",,,,,,
2023-04-10,"3,507.04",,,,,,
2023-04-09,"3,510.03",,,,,,
2023-04-08,"3,510.03",,,,,,
2023-04-07,"3,510.03",,,,,,
2023-04-06,"3,511.10",,,,,,
2023-04-05,"3,513.73",,,,,,
2023-04-04,"3,515.02",,,,,,
2023-04-03,"3,517.05",,,,,,
2023-04-02,"3,518.14",,,,,,
2023-04-01,"3,518.14",,,,,,
2023-03-31,"3,518.14",,,,,,
2023-03-30,"3,520.67",,,,,,
2023-03-29,"3,521.99",,,,,,
2023-03-28,"3,523.93",,,,,,
2023-03-27,"3,524.63",,,,,,
2023-03-26,"3,525.51",,,,,,
2023-03-25,"3,525.51",,,,,,
2023-03-24,"3,525.51",,,,,,
2023-03-23,"3,526.34",,,,,,
2023-03-22,"3,527.38",,,,,,
2023-03-21,"3,527.49",,,,,,
2023-03-20,"3,527.53",,,,,,
2023-03-19,"3,528.05",,,,,,
2023-03-18,"3,528.05",,,,,,
2023-03-17,"3,528.05",,,,,,
2023-03-16,"3,527.57",,,,,,
2023-03-15,"3,527.38",,,,,,
2023-03-14,"3,526.98",,,,,,
2023-03-13,"3,526.42",,,,,,
2023-03-12,"3,527.07",,,,,,
2023-03-11,"3,527.07",,,,,,
2023-03-10,"3,527.07",,,,,,
2023-03-09,"3,526.08",,,,,,
2023-03-08,"3,525.24",,,,,,
2023-03-07,"3,525.24",,,,,,
2023-03-06,"3,524.75",,,,,,
2023-03-05,"3,523.73",,,,,,
2023-03-04,"3,523.73",,,,,,
2023-03-03,"3,523.73",,,,,,
2023-03-02,"3,521.70",,,,,,
2023-03-01,"3,520.90",,,,,,
2023-02-28,"3,521.87",,,,,,
2023-02-27,"3,521.54",,,,,,
2023-02-26,"3,517.74",,,,,,
2023-02-25,"3,517.74",,,,,,
2023-02-24,"3,517.74",,,,,,
2023-02-23,"3,516.97",,,,,,
2023-02-22,"3,516.97",,,,,,
2023-02-21,"3,516.97",,,,,,
2023-02-20,"3,516.97",,,,,,
2023-02-19,"3,515.06",,,,,,
2023-02-18,"3,515.06",,,,,,
2023-02-17,"3,515.06",,,,,,
2023-02-16,"3,514.27",,,,,,
2023-02-15,"3,514.02",,,,,,
2023-02-14,"3,509.70",,,,,,
2023-02-13,"3,509.20",,,,,,
2023-02-12,"3,506.89",,,,,,
2023-02-11,"3,506.89",,,,,,
2023-02-10,"3,506.89",,,,,,
2023-02-09,"3,504.00",,,,,,
2023-02-08,"3,503.05",,,,,,
2023-02-07,"3,499.61",,,,,,
2023-02-06,"3,498.37",,,,,,
2023-02-05,"3,496.90",,,,,,
2023-02-04,"3,496.90",,,,,,
2023-02-03,"3,496.90",,,,,,
2023-02-02,"3,494.19",,,,,,
2023-02-01,"3,493.65",,,,,,
2023-01-31,"3,491.46",,,,,,
2023-01-30,"3,488.69",,,,,,
2023-01-29,"3,486.32",,,,,,
2023-01-28,"3,486.32",,,,,,
2023-01-27,"3,486.32",,,,,,
2023-01-26,"3,483.50",,,,,,
2023-01-25,"3,482.95",,,,,,
2023-01-24,"3,478.97",,,,,,
2023-01-23,"3,477.88",,,,,,
2023-01-22,"3,475.56",,,,,,
2023-01-21,"3,475.56",,,,,,
2023-01-20,"3,475.56",,,,,,
2023-01-19,"3,471.16",,,,,,
2023-01-18,"3,470.42",,,,,,
2023-01-17,"3,466.53",,,,,,
2023-01-16,"3,464.41",,,,,,
2023-01-15,"3,462.41",,,,,,
2023-01-14,"3,462.41",,,,,,
2023-01-13,"3,462.41",,,,,,
2023-01-12,"3,459.76",,,,,,
2023-01-11,"3,457.70",,,,,,
2023-01-10,"3,455.72",,,,,,
2023-01-09,"3,453.99",,,,,,
2023-01-08,"3,453.84",,,,,,
2023-01-07,"3,453.84",,,,,,
2023-01-06,"3,453.84",,,,,,
2023-01-05,"3,451.09",,,,,,
2023-01-04,"3,450.52",,,,,,
2023-01-03,"3,448.54",,,,,,
2023-01-02,"3,447.27",,,,,,
2023-01-01,"3,444.60",,,,,,
2022-12-31,"3,444.60",,,,,,
2022-12-30,"3,444.60",,,,,,
2022-12-29,"3,443.37",,,,,,
2022-12-28,"3,443.37",,,,,,
2022-12-27,"3,441.78",,,,,,
2022-12-26,"3,439.74",,,,,,
2022-12-25,"3,439.44",,,,,,
2022-12-24,"3,439.44",,,,,,
2022-12-23,"3,439.44",,,,,,
2022-12-22,"3,436.70",,,,,,
2022-12-21,"3,435.52",,,,,,
2022-12-20,"3,433.19",,,,,,
2022-12-19,"3,432.88",,,,,,
2022-12-18,"3,432.07",,,,,,
2022-12-17,"3,432.07",,,,,,
2022-12-16,"3,432.07",,,,,,
2022-12-15,"3,429.33",,,,,,
2022-12-14,"3,428.87",,,,,,
2022-12-13,"3,428.66",,,,,,
2022-12-12,"3,426.67",,,,,,
2022-12-11,"3,426.52",,,,,,
2022-12-10,"3,426.52",,,,,,
2022-12-09,"3,426.52",,,,,,
2022-12-08,"3,425.32",,,,,,
2022-12-07,"3,424.04",,,,,,
2022-12-06,"3,423.26",,,,,,
2022-12-05,"3,422.09",,,,,,
2022-12-04,"3,422.41",,,,,,
2022-12-03,"3,422.41",,,,,,
2022-12-02,"3,422.41",,,,,,
2022-12-01,"3,420.57",,,,,,
2022-11-30,"3,420.06",,,,,,
2022-11-29,"3,419.67",,,,,,
2022-11-28,"3,418.56",,,,,,
2022-11-27,"3,416.60",,,,,,
2022-11-26,"3,416.60",,,,,,
2022-11-25,"3,416.60",,,,,,
2022-11-24,"3,416.14",,,,,,
2022-11-23,"3,416.14",,,,,,
2022-11-22,"3,413.11",,,,,,
2022-11-21,"3,412.98",,,,,,
2022-11-20,"3,411.26",,,,,,
2022-11-19,"3,411.26",,,,,,
2022-11-18,"3,411.26",,,,,,
2022-11-17,"3,409.19",,,,,,
2022-11-16,"3,408.47",,,,,,
2022-11-15,"3,408.21",,,,,,
2022-11-14,"3,407.09",,,,,,
2022-11-13,"3,404.09",,,,,,
2022-11-12,"3,404.09",,,,,,
2022-11-11,"3,404.09",,,,,,
2022-11-10,"3,401.86",,,,,,
2022-11-09,"3,399.57",,,,,,
2022-11-08,"3,399.98",,,,,,
2022-11-07,"3,397.42",,,,,,
2022-11-06,"3,397.08",,,,,,
2022-11-05,"3,397.08",,,,,,
2022-11-04,"3,397.08",,,,,,
2022-11-03,"3,392.51",,,,,,
2022-11-02,"3,390.18",,,,,,
2022-11-01,"3,391.07",,,,,,
2022-10-31,"3,390.99",,,,,,
2022-10-30,"3,389.12",,,,,,
2022-10-29,"3,389.12",,,,,,
2022-10-28,"3,389.12",,,,,,
2022-10-27,"3,386.20",,,,,,
2022-10-26,"3,384.06",,,,,,
2022-10-25,"3,382.39",,,,,,
2022-10-24,"3,378.10",,,,,,
2022-10-23,"3,376.51",,,,,,
2022-10-22,"3,376.51",,,,,,
2022-10-21,"3,376.51",,,,,,
2022-10-20,"3,374.53",,,,,,
2022-10-19,"3,373.65",,,,,,
2022-10-18,"3,371.66",,,,,,
2022-10-17,"3,370.61",,,,,,
2022-10-16,"3,370.14",,,,,,
2022-10-15,"3,370.14",,,,,,
2022-10-14,"3,370.14",,,,,,
2022-10-13,"3,370.21",,,,,,
2022-10-12,"3,366.97",,,,,,
2022-10-11,"3,365.40",,,,,,
2022-10-10,"3,362.23",,,,,,
2022-10-09,"3,359.83",,,,,,
2022-10-08,"3,359.83",,,,,,
2022-10-07,"3,359.83",,,,,,
2022-10-06,"3,354.69",,,,,,
2022-10-05,"3,352.18",,,,,,
2022-10-04,"3,352.42",,,,,,
2022-10-03,"3,335.92",,,,,,
2022-10-02,"3,344.09",,,,,,
2022-10-01,"3,344.09",,,,,,
2022-09-30,"3,344.09",,,,,,
2022-09-29,"3,333.02",,,,,,
2022-09-28,"3,322.25",,,,,,
2022-09-27,"3,310.41",,,,,,
2022-09-26,"3,301.24",,,,,,
2022-09-25,"3,285.81",,,,,,
2022-09-24,"3,285.81",,,,,,
2022-09-23,"3,285.81",,,,,,
2022-09-22,"3,278.69",,,,,,
2022-09-21,"3,268.24",,,,,,
2022-09-20,"3,265.77",,,,,,
2022-09-19,"3,263.91",,,,,,
2022-09-18,"3,248.97",,,,,,
2022-09-17,"3,248.97",,,,,,
2022-09-16,"3,248.97",,,,,,
2022-09-15,"3,245.13",,,,,,
2022-09-14,"3,236.29",,,,,,
2022-09-13,"3,234.74",,,,,,
2022-09-12,"3,228.20",,,,,,
2022-09-11,"3,220.86",,,,,,
2022-09-10,"3,220.86",,,,,,
2022-09-09,"3,220.86",,,,,,
2022-09-08,"3,219.98",,,,,,
2022-09-07,"3,215.91",,,,,,
2022-09-06,"3,213.93",,,,,,
2022-09-05,"3,209.67",,,,,,
2022-09-04,"3,207.16",,,,,,
2022-09-03,"3,207.16",,,,,,
2022-09-02,"3,207.16",,,,,,
2022-09-01,"3,202.01",,,,,,
2022-08-31,"3,200.22",,,,,,
2022-08-30,"3,199.28",,,,,,
2022-08-29,"3,197.42",,,,,,
2022-08-28,"3,196.55",,,,,,
2022-08-27,"3,196.55",,,,,,
2022-08-26,"3,196.55",,,,,,
2022-08-25,"3,194.07",,,,,,
2022-08-24,"3,193.69",,,,,,
2022-08-23,"3,192.74",,,,,,
2022-08-22,"3,191.36",,,,,,
2022-08-21,"3,191.22",,,,,,
2022-08-20,"3,191.22",,,,,,
2022-08-19,"3,191.22",,,,,,
2022-08-18,"3,188.40",,,,,,
2022-08-17,"3,187.47",,,,,,
2022-08-16,"3,186.21",,,,,,
2022-08-15,"3,184.20",,,,,,
2022-08-14,"3,183.53",,,,,,
2022-08-13,"3,183.53",,,,,,
2022-08-12,"3,183.53",,,,,,
2022-08-11,"3,181.44",,,,,,
2022-08-10,"3,180.13",,,,,,
2022-08-09,"3,179.36",,,,,,
2022-08-08,"3,178.33",,,,,,
2022-08-07,"3,177.32",,,,,,
2022-08-06,"3,177.32",,,,,,
2022-08-05,"3,177.32",,,,,,
2022-08-04,"3,175.70",,,,,,
2022-08-03,"3,174.37",,,,,,
2022-08-02,"3,169.82",,,,,,
2022-08-01,"3,168.75",,,,,,
2022-07-31,"3,168.09",,,,,,
2022-07-30,"3,168.09",,,,,,
2022-07-29,"3,168.09",,,,,,
2022-07-28,"3,165.73",,,,,,
2022-07-27,"3,163.68",,,,,,
2022-07-26,"3,160.83",,,,,,
2022-07-25,"3,159.63",,,,,,
2022-07-24,"3,157.63",,,,,,
2022-07-23,"3,157.63",,,,,,
2022-07-22,"3,157.63",,,,,,
2022-07-21,"3,156.56",,,,,,
2022-07-20,"3,154.83",,,,,,
2022-07-19,"3,153.70",,,,,,
2022-07-18,"3,150.14",,,,,,
2022-07-17,"3,147.52",,,,,,
2022-07-16,"3,147.52",,,,,,
2022-07-15,"3,147.52",,,,,,
2022-07-14,"3,147.52",,,,,,
2022-07-13,"3,147.52",,,,,,
2022-07-12,"3,147.52",,,,,,
2022-07-11,"3,147.52",,,,,,
2022-07-10,"3,147.52",,,,,,
2022-07-09,"3,147.52",,,,,,
2022-07-08,"3,147.52",,,,,,
2022-07-07,"3,145.21",,,,,,
2022-07-06,"3,144.66",,,,,,
2022-07-05,"3,142.30",,,,,,
2022-07-04,"3,140.08",,,,,,
2022-07-03,"3,137.87",,,,,,
2022-07-02,"3,137.87",,,,,,
2022-07-01,"3,137.87",,,,,,
2022-06-30,"3,134.10",,,,,,
2022-06-29,"3,134.28",,,,,,
2022-06-28,"3,132.31",,,,,,
2022-06-27,"3,131.78",,,,,,
2022-06-26,"3,129.56",,,,,,
2022-06-25,"3,129.56",,,,,,
2022-06-24,"3,129.56",,,,,,
2022-06-23,"3,126.94",,,,,,
2022-06-22,"3,124.95",,,,,,
2022-06-21,"3,122.40",,,,,,
2022-06-20,"3,120.99",,,,,,
2022-06-19,"3,121.04",,,,,,
2022-06-18,"3,121.04",,,,,,
2022-06-17,"3,121.04",,,,,,
2022-06-16,"3,120.75",,,,,,
2022-06-15,"3,120.67",,,,,,
2022-06-14,"3,120.57",,,,,,
2022-06-13,"3,120.57",,,,,,
2022-06-12,"3,121.03",,,,,,
2022-06-11,"3,121.03",,,,,,
2022-06-10,"3,121.03",,,,,,
2022-06-09,"3,120.68",,,,,,
2022-06-08,"3,120.64",,,,,,
2022-06-07,"3,120.56",,,,,,
2022-06-06,"3,120.52",,,,,,
2022-06-05,"3,120.53",,,,,,
2022-06-04,"3,120.53",,,,,,
2022-06-03,"3,120.53",,,,,,
2022-06-02,"3,120.78",,,,,,
2022-06-01,"3,120.84",,,,,,
2022-05-31,"3,120.84",,,,,,
2022-05-30,"3,120.50",,,,,,
2022-05-29,"3,121.05",,,,,,
2022-05-28,"3,121.05",,,,,,
2022-05-27,"3,121.05",,,,,,
2022-05-26,"3,120.71",,,,,,
2022-05-25,"3,120.63",,,,,,
2022-05-24,"3,120.56",,,,,,
2022-05-23,"3,120.50",,,,,,
2022-05-22,"3,119.92",,,,,,
2022-05-21,"3,119.92",,,,,,
2022-05-20,"3,119.92",,,,,,
2022-05-19,"3,118.41",,,,,,
2022-05-18,"3,116.80",,,,,,
2022-05-17,"3,115.34",,,,,,
2022-05-16,"3,111.93",,,,,,
2022-05-15,"3,111.84",,,,,,
2022-05-14,"3,111.84",,,,,,
2022-05-13,"3,111.84",,,,,,
2022-05-12,"3,108.88",,,,,,
2022-05-11,"3,105.89",,,,,,
2022-05-10,"3,105.37",,,,,,
2022-05-09,"3,099.41",,,,,,
2022-05-08,"3,099.90",,,,,,
2022-05-07,"3,099.90",,,,,,
2022-05-06,"3,099.90",,,,,,
2022-05-05,"3,096.72",,,,,,
2022-05-04,"3,093.49",,,,,,
2022-05-03,"3,090.47",,,,,,
2022-05-02,"3,085.65",,,,,,
2022-05-01,"3,083.88",,,,,,
2022-04-30,"3,083.88",,,,,,
2022-04-29,"3,083.88",,,,,,
2022-04-28,"3,080.88",,,,,,
2022-04-27,"3,072.89",,,,,,
2022-04-26,"3,075.42",,,,,,
2022-04-25,"3,071.75",,,,,,
2022-04-24,"3,065.97",,,,,,
2022-04-23,"3,065.97",,,,,,
2022-04-22,"3,065.97",,,,,,
2022-04-21,"3,063.50",,,,,,
2022-04-20,"3,061.22",,,,,,
2022-04-19,"3,056.14",,,,,,
2022-04-18,"3,050.59",,,,,,
2022-04-17,"3,047.20",,,,,,
2022-04-16,"3,047.20",,,,,,
2022-04-15,"3,047.20",,,,,,
2022-04-14,"3,040.68",,,,,,
2022-04-13,"3,040.87",,,,,,
2022-04-12,"3,034.25",,,,,,
2022-04-11,"3,023.98",,,,,,
2022-04-10,"3,021.00",,,,,,
2022-04-09,"3,021.00",,,,,,
2022-04-08,"3,021.00",,,,,,
2022-04-07,"3,014.72",,,,,,
2022-04-06,"3,014.50",,,,,,
2022-04-05,"3,006.31",,,,,,
2022-04-04,"2,981.91",,,,,,
2022-04-03,"2,970.93",,,,,,
2022-04-02,"2,970.93",,,,,,
2022-04-01,"2,970.93",,,,,,
2022-03-31,"2,948.46",,,,,,
2022-03-30,"2,944.60",,,,,,
2022-03-29,"2,936.87",,,,,,
2022-03-28,"2,927.22",,,,,,
2022-03-27,"2,923.72",,,,,,
2022-03-26,"2,923.72",,,,,,
2022-03-25,"2,923.72",,,,,,
2022-03-24,"2,918.64",,,,,,
2022-03-23,"2,916.91",,,,,,
2022-03-22,"2,914.45",,,,,,
2022-03-21,"2,910.84",,,,,,
2022-03-20,"2,912.87",,,,,,
2022-03-19,"2,912.87",,,,,,
2022-03-18,"2,912.87",,,,,,
2022-03-17,"2,900.59",,,,,,
2022-03-16,"2,904.55",,,,,,
2022-03-15,"2,893.86",,,,,,
2022-03-14,"2,892.70",,,,,,
2022-03-13,"2,883.17",,,,,,
2022-03-12,"2,883.17",,,,,,
2022-03-11,"2,883.17",,,,,,
2022-03-10,"2,877.78",,,,,,
2022-03-09,"2,876.32",,,,,,
2022-03-08,"2,874.58",,,,,,
2022-03-07,"2,874.58",,,,,,
2022-03-06,"2,873.32",,,,,,
2022-03-05,"2,873.32",,,,,,
2022-03-04,"2,873.32",,,,,,
2022-03-03,"2,871.15",,,,,,
2022-03-02,"2,869.97",,,,,,
2022-03-01,"2,867.69",,,,,,
2022-02-28,"2,865.73",,,,,,
2022-02-27,"2,864.45",,,,,,
2022-02-26,"2,864.45",,,,,,
2022-02-25,"2,864.45",,,,,,
2022-02-24,"2,862.40",,,,,,
2022-02-23,"2,861.67",,,,,,
2022-02-22,"2,859.20",,,,,,
2022-02-21,"2,858.16",,,,,,
2022-02-20,"2,860.95",,,,,,
2022-02-19,"2,860.95",,,,,,
2022-02-18,"2,860.95",,,,,,
2022-02-17,"2,858.39",,,,,,
2022-02-16,"2,857.50",,,,,,
2022-02-15,"2,855.07",,,,,,
2022-02-14,"2,854.53",,,,,,
2022-02-13,"2,853.89",,,,,,
2022-02-12,"2,853.89",,,,,,
2022-02-11,"2,853.89",,,,,,
2022-02-10,"2,853.36",,,,,,
2022-02-09,"2,852.77",,,,,,
2022-02-08,"2,851.34",,,,,,
2022-02-07,"2,851.65",,,,,,
2022-02-06,"2,850.80",,,,,,
2022-02-05,"2,850.80",,,,,,
2022-02-04,"2,850.80",,,,,,
2022-02-03,"2,850.80",,,,,,
2022-02-02,"2,850.80",,,,,,
2022-02-01,"2,850.80",,,,,,
2022-01-31,"2,850.26",,,,,,
2022-01-30,"2,849.50",,,,,,
2022-01-29,"2,849.50",,,,,,
2022-01-28,"2,849.50",,,,,,
2022-01-27,"2,849.22",,,,,,
2022-01-26,"2,849.65",,,,,,
2022-01-25,"2,849.23",,,,,,
2022-01-24,"2,849.55",,,,,,
2022-01-23,"2,849.53",,,,,,
2022-01-22,"2,849.53",,,,,,
2022-01-21,"2,849.53",,,,,,
2022-01-20,"2,849.08",,,,,,
2022-01-19,"2,849.69",,,,,,
2022-01-18,"2,849.24",,,,,,
2022-01-17,"2,849.48",,,,,,
2022-01-16,"2,849.87",,,,,,
2022-01-15,"2,849.87",,,,,,
2022-01-14,"2,849.87",,,,,,
2022-01-13,"2,849.00",,,,,,
2022-01-12,"2,849.42",,,,,,
2022-01-11,"2,848.63",,,,,,
2022-01-10,"2,849.40",,,,,,
2022-01-09,"2,849.55",,,,,,
2022-01-08,"2,849.55",,,,,,
2022-01-07,"2,849.55",,,,,,
2022-01-06,"2,848.75",,,,,,
2022-01-05,"2,849.27",,,,,,
2022-01-04,"2,848.69",,,,,,
2022-01-03,"2,849.48",,,,,,
2022-01-02,"2,849.34",,,,,,
2022-01-01,"2,849.34",,,,,,
2021-12-31,"2,849.34",,,,,,
2021-12-30,"2,848.80",,,,,,
2021-12-29,"2,848.63",,,,,,
2021-12-28,"2,848.63",,,,,,
2021-12-27,"2,849.11",,,,,,
2021-12-26,"2,848.96",,,,,,
2021-12-25,"2,848.96",,,,,,
2021-12-24,"2,848.96",,,,,,
2021-12-23,"2,848.55",,,,,,
2021-12-22,"2,849.23",,,,,,
2021-12-21,"2,849.19",,,,,,
2021-12-20,"2,849.29",,,,,,
2021-12-19,"2,848.70",,,,,,
2021-12-18,"2,848.70",,,,,,
2021-12-17,"2,848.70",,,,,,
2021-12-16,"2,849.24",,,,,,
2021-12-15,"2,848.56",,,,,,
2021-12-14,"2,848.93",,,,,,
2021-12-13,"2,849.36",,,,,,
2021-12-12,"2,848.81",,,,,,
2021-12-11,"2,848.81",,,,,,
2021-12-10,"2,848.81",,,,,,
2021-12-09,"2,849.09",,,,,,
2021-12-08,"2,848.65",,,,,,
2021-12-07,"2,849.30",,,,,,
2021-12-06,"2,849.12",,,,,,
2021-12-05,"2,848.55",,,,,,
2021-12-04,"2,848.55",,,,,,
2021-12-03,"2,848.55",,,,,,
2021-12-02,"2,849.32",,,,,,
2021-12-01,"2,848.49",,,,,,
2021-11-30,"2,849.21",,,,,,
2021-11-29,"2,848.74",,,,,,
2021-11-28,"2,849.30",,,,,,
2021-11-27,"2,849.30",,,,,,
2021-11-26,"2,849.30",,,,,,
2021-11-25,"2,849.30",,,,,,
2021-11-24,"2,848.44",,,,,,
2021-11-23,"2,849.20",,,,,,
2021-11-22,"2,849.04",,,,,,
2021-11-21,"2,848.72",,,,,,
2021-11-20,"2,848.72",,,,,,
2021-11-19,"2,848.72",,,,,,
2021-11-18,"2,849.48",,,,,,
2021-11-17,"2,848.98",,,,,,
2021-11-16,"2,849.32",,,,,,
2021-11-15,"2,848.91",,,,,,
2021-11-14,"2,848.65",,,,,,
2021-11-13,"2,848.65",,,,,,
2021-11-12,"2,848.65",,,,,,
2021-11-11,"2,849.25",,,,,,
2021-11-10,"2,848.91",,,,,,
2021-11-09,"2,849.28",,,,,,
2021-11-08,"2,848.56",,,,,,
2021-11-07,"2,849.12",,,,,,
2021-11-06,"2,849.12",,,,,,
2021-11-05,"2,849.12",,,,,,
2021-11-04,"2,849.12",,,,,,
2021-11-03,"2,848.46",,,,,,
2021-11-02,"2,849.15",,,,,,
2021-11-01,"2,849.08",,,,,,
2021-10-31,"2,848.85",,,,,,
2021-10-30,"2,848.85",,,,,,
2021-10-29,"2,848.85",,,,,,
2021-10-28,"2,849.04",,,,,,
2021-10-27,"2,848.50",,,,,,
2021-10-26,"2,849.11",,,,,,
2021-10-25,"2,848.93",,,,,,
2021-10-24,"2,848.58",,,,,,
2021-10-23,"2,848.58",,,,,,
2021-10-22,"2,848.58",,,,,,
2021-10-21,"2,848.97",,,,,,
2021-10-20,"2,848.49",,,,,,
2021-10-19,"2,849.48",,,,,,
2021-10-18,"2,849.73",,,,,,
2021-10-17,"2,848.81",,,,,,
2021-10-16,"2,848.81",,,,,,
2021-10-15,"2,848.81",,,,,,
2021-10-14,"2,849.28",,,,,,
2021-10-13,"2,848.45",,,,,,
2021-10-12,"2,849.39",,,,,,
2021-10-11,"2,849.23",,,,,,
2021-10-10,"2,848.89",,,,,,
2021-10-09,"2,848.89",,,,,,
2021-10-08,"2,848.89",,,,,,
2021-10-07,"2,849.38",,,,,,
2021-10-06,"2,848.48",,,,,,
2021-10-05,"2,849.10",,,,,,
2021-10-04,"2,848.91",,,,,,
2021-10-03,"2,848.72",,,,,,
2021-10-02,"2,848.72",,,,,,
2021-10-01,"2,848.72",,,,,,
2021-09-30,"2,849.20",,,,,,
2021-09-29,"2,848.46",,,,,,
2021-09-28,"2,849.09",,,,,,
2021-09-27,"2,849.17",,,,,,
2021-09-26,"2,848.64",,,,,,
2021-09-25,"2,848.64",,,,,,
2021-09-24,"2,848.64",,,,,,
2021-09-23,"2,849.18",,,,,,
2021-09-22,"2,848.51",,,,,,
2021-09-21,"2,849.22",,,,,,
2021-09-20,"2,849.20",,,,,,
2021-09-19,"2,848.62",,,,,,
2021-09-18,"2,848.62",,,,,,
2021-09-17,"2,848.62",,,,,,
2021-09-16,"2,849.25",,,,,,
2021-09-15,"2,849.17",,,,,,
2021-09-14,"2,849.22",,,,,,
2021-09-13,"2,849.12",,,,,,
2021-09-12,"2,848.58",,,,,,
2021-09-11,"2,848.58",,,,,,
2021-09-10,"2,848.58",,,,,,
2021-09-09,"2,848.72",,,,,,
2021-09-08,"2,848.53",,,,,,
2021-09-07,"2,849.27",,,,,,
2021-09-06,"2,849.04",,,,,,
2021-09-05,"2,848.71",,,,,,
2021-09-04,"2,848.71",,,,,,
2021-09-03,"2,848.71",,,,,,
2021-09-02,"2,849.23",,,,,,
2021-09-01,"2,848.60",,,,,,
2021-08-31,"2,849.48",,,,,,
2021-08-30,"2,849.06",,,,,,
2021-08-29,"2,848.46",,,,,,
2021-08-28,"2,848.46",,,,,,
2021-08-27,"2,848.46",,,,,,
2021-08-26,"2,848.76",,,,,,
2021-08-25,"2,848.57",,,,,,
2021-08-24,"2,848.99",,,,,,
2021-08-23,"2,849.00",,,,,,
2021-08-22,"2,848.50",,,,,,
2021-08-21,"2,848.50",,,,,,
2021-08-20,"2,848.50",,,,,,
2021-08-19,"2,849.04",,,,,,
2021-08-18,"2,848.55",,,,,,
2021-08-17,"2,849.26",,,,,,
2021-08-16,"2,849.18",,,,,,
2021-08-15,"2,848.73",,,,,,
2021-08-14,"2,848.73",,,,,,
2021-08-13,"2,848.73",,,,,,
2021-08-12,"2,849.26",,,,,,
2021-08-11,"2,848.61",,,,,,
2021-08-10,"2,849.18",,,,,,
2021-08-09,"2,849.08",,,,,,
2021-08-08,"2,848.68",,,,,,
2021-08-07,"2,848.68",,,,,,
2021-08-06,"2,848.68",,,,,,
2021-08-05,"2,848.77",,,,,,
2021-08-04,"2,848.57",,,,,,
2021-08-03,"2,849.16",,,,,,
2021-08-02,"2,849.08",,,,,,
2021-08-01,"2,849.12",,,,,,
2021-07-31,"2,849.12",,,,,,
2021-07-30,"2,849.12",,,,,,
2021-07-29,"2,848.83",,,,,,
2021-07-28,"2,848.70",,,,,,
2021-07-27,"2,848.34",,,,,,
2021-07-26,"2,848.77",,,,,,
2021-07-25,"2,849.14",,,,,,
2021-07-24,"2,849.14",,,,,,
2021-07-23,"2,848.63",,,,,,
2021-07-22,"2,849.10",,,,,,
2021-07-21,"2,848.96",,,,,,
2021-07-20,"2,849.19",,,,,,
2021-07-19,"2,849.10",,,,,,
2021-07-18,"2,848.85",,,,,,
2021-07-17,"2,848.85",,,,,,
2021-07-16,"2,848.85",,,,,,
2021-07-15,"2,848.85",,,,,,
2021-07-14,"2,848.85",,,,,,
2021-07-13,"2,848.85",,,,,,
2021-07-12,"2,848.85",,,,,,
2021-07-11,"2,848.85",,,,,,
2021-07-10,"2,848.85",,,,,,
2021-07-09,"2,848.85",,,,,,
2021-07-08,"2,848.94",,,,,,
2021-07-07,"2,848.77",,,,,,
2021-07-06,"2,849.22",,,,,,
2021-07-05,"2,849.16",,,,,,
2021-07-04,"2,848.90",,,,,,
2021-07-03,"2,848.90",,,,,,
2021-07-02,"2,848.90",,,,,,
2021-07-01,"2,849.82",,,,,,
2021-06-30,"2,848.87",,,,,,
2021-06-29,"2,849.48",,,,,,
2021-06-28,"2,849.26",,,,,,
2021-06-27,"2,849.06",,,,,,
2021-06-26,"2,849.06",,,,,,
2021-06-25,"2,849.06",,,,,,
2021-06-24,"2,849.36",,,,,,
2021-06-23,"2,848.84",,,,,,
2021-06-22,"2,849.65",,,,,,
2021-06-21,"2,849.15",,,,,,
2021-06-20,"2,849.18",,,,,,
2021-06-19,"2,849.18",,,,,,
2021-06-18,"2,849.18",,,,,,
2021-06-17,"2,849.41",,,,,,
2021-06-16,"2,849.10",,,,,,
2021-06-15,"2,848.96",,,,,,
2021-06-14,"2,849.03",,,,,,
2021-06-13,"2,848.79",,,,,,
2021-06-12,"2,848.79",,,,,,
2021-06-11,"2,848.79",,,,,,
2021-06-10,"2,848.80",,,,,,
2021-06-09,"2,849.57",,,,,,
2021-06-08,"2,849.57",,,,,,
2021-06-07,"2,848.90",,,,,,
2021-06-06,"2,848.67",,,,,,
2021-06-05,"2,848.67",,,,,,
2021-06-04,"2,848.67",,,,,,
2021-06-03,"2,848.95",,,,,,
2021-06-02,"2,849.04",,,,,,
2021-06-01,"2,849.25",,,,,,
2021-05-31,"2,849.25",,,,,,
2021-05-30,"2,848.75",,,,,,
2021-05-29,"2,848.75",,,,,,
2021-05-28,"2,848.75",,,,,,
2021-05-27,"2,848.68",,,,,,
2021-05-26,"2,849.24",,,,,,
2021-05-25,"2,849.24",,,,,,
2021-05-24,"2,849.41",,,,,,
2021-05-23,"2,848.93",,,,,,
2021-05-22,"2,848.93",,,,,,
2021-05-21,"2,848.93",,,,,,
2021-05-20,"2,849.45",,,,,,
2021-05-19,"2,849.61",,,,,,
2021-05-18,"2,849.80",,,,,,
2021-05-17,"2,849.74",,,,,,
2021-05-16,"2,849.77",,,,,,
2021-05-15,"2,849.77",,,,,,
2021-05-14,"2,849.77",,,,,,
2021-05-13,"2,850.26",,,,,,
2021-05-12,"2,849.81",,,,,,
2021-05-11,"2,849.69",,,,,,
2021-05-10,"2,849.51",,,,,,
2021-05-09,"2,850.06",,,,,,
2021-05-08,"2,850.06",,,,,,
2021-05-07,"2,850.06",,,,,,
2021-05-06,"2,849.98",,,,,,
2021-05-05,"2,849.74",,,,,,
2021-05-04,"2,849.78",,,,,,
2021-05-03,"2,849.97",,,,,,
2021-05-02,"2,850.01",,,,,,
2021-05-01,"2,850.01",,,,,,
2021-04-30,"2,850.01",,,,,,
2021-04-29,"2,849.77",,,,,,
2021-04-28,"2,849.80",,,,,,
2021-04-27,"2,849.69",,,,,,
2021-04-26,"2,849.63",,,,,,
2021-04-25,"2,850.00",,,,,,
2021-04-24,"2,850.00",,,,,,
2021-04-23,"2,850.00",,,,,,
2021-04-22,"2,850.28",,,,,,
2021-04-21,"2,849.97",,,,,,
2021-04-20,"2,850.01",,,,,,
2021-04-19,"2,850.32",,,,,,
2021-04-18,"2,850.02",,,,,,
2021-04-17,"2,850.02",,,,,,
2021-04-16,"2,850.02",,,,,,
2021-04-15,"2,850.06",,,,,,
2021-04-14,"2,849.90",,,,,,
2021-04-13,"2,849.99",,,,,,
2021-04-12,"2,849.83",,,,,,
2021-04-11,"2,849.84",,,,,,
2021-04-10,"2,849.84",,,,,,
2021-04-09,"2,849.84",,,,,,
2021-04-08,"2,849.68",,,,,,
2021-04-07,"2,849.96",,,,,,
2021-04-06,"2,849.49",,,,,,
2021-04-05,"2,849.76",,,,,,
2021-04-04,"2,849.87",,,,,,
2021-04-03,"2,849.87",,,,,,
2021-04-02,"2,849.87",,,,,,
2021-04-01,"2,849.67",,,,,,
2021-03-31,"2,849.81",,,,,,
2021-03-30,"2,849.63",,,,,,
2021-03-29,"2,849.79",,,,,,
2021-03-28,"2,849.81",,,,,,
2021-03-27,"2,849.81",,,,,,
2021-03-26,"2,849.81",,,,,,
2021-03-25,"2,849.33",,,,,,
2021-03-24,"2,849.86",,,,,,
2021-03-23,"2,849.56",,,,,,
2021-03-22,"2,849.73",,,,,,
2021-03-21,"2,849.52",,,,,,
2021-03-20,"2,849.52",,,,,,
2021-03-19,"2,849.52",,,,,,
2021-03-18,"2,849.80",,,,,,
2021-03-17,"2,849.90",,,,,,
2021-03-16,"2,849.96",,,,,,
2021-03-15,"2,849.43",,,,,,
2021-03-14,"2,849.79",,,,,,
2021-03-13,"2,849.79",,,,,,
2021-03-12,"2,849.79",,,,,,
2021-03-11,"2,849.47",,,,,,
2021-03-10,"2,849.48",,,,,,
2021-03-09,"2,849.55",,,,,,
2021-03-08,"2,849.34",,,,,,
2021-03-07,"2,849.34",,,,,,
2021-03-06,"2,849.34",,,,,,
2021-03-05,"2,849.34",,,,,,
2021-03-04,"2,849.45",,,,,,
2021-03-03,"2,849.25",,,,,,
2021-03-02,"2,849.87",,,,,,
2021-03-01,"2,849.71",,,,,,
2021-02-28,"2,849.27",,,,,,
2021-02-27,"2,849.27",,,,,,
2021-02-26,"2,849.27",,,,,,
2021-02-25,"2,849.49",,,,,,
2021-02-24,"2,849.32",,,,,,
2021-02-23,"2,849.60",,,,,,
2021-02-22,"2,849.69",,,,,,
2021-02-21,"2,849.99",,,,,,
2021-02-20,"2,849.99",,,,,,
2021-02-19,"2,849.99",,,,,,
2021-02-18,"2,850.01",,,,,,
2021-02-17,"2,849.99",,,,,,
2021-02-16,"2,849.65",,,,,,
2021-02-15,"2,849.81",,,,,,
2021-02-14,"2,849.40",,,,,,
2021-02-13,"2,849.40",,,,,,
2021-02-12,"2,849.40",,,,,,
2021-02-11,"2,849.40",,,,,,
2021-02-10,"2,849.76",,,,,,
2021-02-09,"2,849.34",,,,,,
2021-02-08,"2,849.60",,,,,,
2021-02-07,"2,849.72",,,,,,
2021-02-06,"2,849.72",,,,,,
2021-02-05,"2,849.72",,,,,,
2021-02-04,"2,849.66",,,,,,
2021-02-03,"2,850.02",,,,,,
2021-02-02,"2,850.08",,,,,,
2021-02-01,"2,850.19",,,,,,
2021-01-31,"2,850.12",,,,,,
2021-01-30,"2,850.12",,,,,,
2021-01-29,"2,850.12",,,,,,
2021-01-28,"2,849.86",,,,,,
2021-01-27,"2,849.83",,,,,,
2021-01-26,"2,849.55",,,,,,
2021-01-25,"2,849.51",,,,,,
2021-01-24,"2,849.47",,,,,,
2021-01-23,"2,849.47",,,,,,
2021-01-22,"2,849.47",,,,,,
2021-01-21,"2,849.57",,,,,,
2021-01-20,"2,849.90",,,,,,
2021-01-19,"2,849.98",,,,,,
2021-01-18,"2,849.85",,,,,,
2021-01-17,"2,849.92",,,,,,
2021-01-16,"2,849.92",,,,,,
2021-01-15,"2,849.92",,,,,,
2021-01-14,"2,849.81",,,,,,
2021-01-13,"2,849.81",,,,,,
2021-01-12,"2,849.79",,,,,,
2021-01-11,"2,849.71",,,,,,
2021-01-10,"2,849.90",,,,,,
2021-01-09,"2,849.90",,,,,,
2021-01-08,"2,849.90",,,,,,
2021-01-07,"2,849.84",,,,,,
2021-01-06,"2,850.03",,,,,,
2021-01-05,"2,849.82",,,,,,
2021-01-04,"2,850.03",,,,,,
2021-01-03,"2,849.89",,,,,,
2021-01-02,"2,849.89",,,,,,
2021-01-01,"2,849.89",,,,,,
2020-12-31,"2,849.89",,,,,,
2020-12-30,"2,849.51",,,,,,
2020-12-29,"2,849.48",,,,,,
2020-12-28,"2,849.48",,,,,,
2020-12-27,"2,849.29",,,,,,
2020-12-26,"2,849.29",,,,,,
2020-12-25,"2,849.29",,,,,,
2020-12-24,"2,849.30",,,,,,
2020-12-23,"2,849.06",,,,,,
2020-12-22,"2,849.67",,,,,,
2020-12-21,"2,849.47",,,,,,
2020-12-20,"2,849.77",,,,,,
2020-12-19,"2,849.77",,,,,,
2020-12-18,"2,849.77",,,,,,
2020-12-17,"2,849.69",,,,,,
2020-12-16,"2,849.75",,,,,,
2020-12-15,"2,849.92",,,,,,
2020-12-14,"2,849.56",,,,,,
2020-12-13,"2,849.65",,,,,,
2020-12-12,"2,849.65",,,,,,
2020-12-11,"2,849.65",,,,,,
2020-12-10,"2,850.01",,,,,,
2020-12-09,"2,849.51",,,,,,
2020-12-08,"2,849.37",,,,,,
2020-12-07,"2,849.33",,,,,,
2020-12-06,"2,849.26",,,,,,
2020-12-05,"2,849.26",,,,,,
2020-12-04,"2,849.26",,,,,,
2020-12-03,"2,849.46",,,,,,
2020-12-02,"2,849.69",,,,,,
2020-12-01,"2,849.43",,,,,,
2020-11-30,"2,849.66",,,,,,
2020-11-29,"2,849.51",,,,,,
2020-11-28,"2,849.51",,,,,,
2020-11-27,"2,849.51",,,,,,
2020-11-26,"2,849.59",,,,,,
2020-11-25,"2,849.59",,,,,,
2020-11-24,"2,848.94",,,,,,
2020-11-23,"2,849.74",,,,,,
2020-11-22,"2,849.60",,,,,,
2020-11-21,"2,849.60",,,,,,
2020-11-20,"2,849.60",,,,,,
2020-11-19,"2,849.87",,,,,,
2020-11-18,"2,849.92",,,,,,
2020-11-17,"2,849.73",,,,,,
2020-11-16,"2,849.48",,,,,,
2020-11-15,"2,849.48",,,,,,
2020-11-14,"2,849.48",,,,,,
2020-11-13,"2,849.48",,,,,,
2020-11-12,"2,849.89",,,,,,
2020-11-11,"2,850.35",,,,,,
2020-11-10,"2,850.13",,,,,,
2020-11-09,"2,850.22",,,,,,
2020-11-08,"2,849.83",,,,,,
2020-11-07,"2,849.83",,,,,,
2020-11-06,"2,849.83",,,,,,
2020-11-05,"2,850.57",,,,,,
2020-11-04,"2,850.84",,,,,,
2020-11-03,"2,851.27",,,,,,
2020-11-02,"2,851.69",,,,,,
2020-11-01,"2,851.99",,,,,,
2020-10-31,"2,851.99",,,,,,
2020-10-30,"2,851.99",,,,,,
2020-10-29,"2,852.41",,,,,,
2020-10-28,"2,852.71",,,,,,
2020-10-27,"2,852.85",,,,,,
2020-10-26,"2,852.81",,,,,,
2020-10-25,"2,852.33",,,,,,
2020-10-24,"2,852.33",,,,,,
2020-10-23,"2,852.33",,,,,,
2020-10-22,"2,852.88",,,,,,
2020-10-21,"2,852.85",,,,,,
2020-10-20,"2,853.15",,,,,,
2020-10-19,"2,852.76",,,,,,
2020-10-18,"2,853.47",,,,,,
2020-10-17,"2,853.47",,,,,,
2020-10-16,"2,853.47",,,,,,
2020-10-15,"2,853.50",,,,,,
2020-10-14,"2,853.50",,,,,,
2020-10-13,"2,854.30",,,,,,
2020-10-12,"2,854.45",,,,,,
2020-10-11,"2,854.72",,,,,,
2020-10-10,"2,854.72",,,,,,
2020-10-09,"2,854.72",,,,,,
2020-10-08,"2,854.92",,,,,,
2020-10-07,"2,854.61",,,,,,
2020-10-06,"2,854.58",,,,,,
2020-10-05,"2,854.70",,,,,,
2020-10-04,"2,854.92",,,,,,
2020-10-03,"2,854.92",,,,,,
2020-10-02,"2,854.92",,,,,,
2020-10-01,"2,854.74",,,,,,
2020-09-30,"2,854.72",,,,,,
2020-09-29,"2,854.07",,,,,,
2020-09-28,"2,854.40",,,,,,
2020-09-27,"2,853.64",,,,,,
2020-09-26,"2,853.64",,,,,,
2020-09-25,"2,853.64",,,,,,
2020-09-24,"2,854.47",,,,,,
2020-09-23,"2,855.05",,,,,,
2020-09-22,"2,854.46",,,,,,
2020-09-21,"2,854.50",,,,,,
2020-09-20,"2,854.35",,,,,,
2020-09-19,"2,854.35",,,,,,
2020-09-18,"2,854.35",,,,,,
2020-09-17,"2,854.58",,,,,,
2020-09-16,"2,854.35",,,,,,
2020-09-15,"2,854.48",,,,,,
2020-09-14,"2,853.98",,,,,,
2020-09-13,"2,854.77",,,,,,
2020-09-12,"2,854.77",,,,,,
2020-09-11,"2,854.77",,,,,,
2020-09-10,"2,854.69",,,,,,
2020-09-09,"2,854.21",,,,,,
2020-09-08,"2,853.85",,,,,,
2020-09-07,"2,853.67",,,,,,
2020-09-06,"2,853.40",,,,,,
2020-09-05,"2,853.40",,,,,,
2020-09-04,"2,853.40",,,,,,
2020-09-03,"2,853.43",,,,,,
2020-09-02,"2,853.37",,,,,,
2020-09-01,"2,853.26",,,,,,
2020-08-31,"2,852.94",,,,,,
2020-08-30,"2,852.83",,,,,,
2020-08-29,"2,852.83",,,,,,
2020-08-28,"2,852.83",,,,,,
2020-08-27,"2,853.17",,,,,,
2020-08-26,"2,852.12",,,,,,
2020-08-25,"2,851.71",,,,,,
2020-08-24,"2,851.41",,,,,,
2020-08-23,"2,850.89",,,,,,
2020-08-22,"2,850.89",,,,,,
2020-08-21,"2,850.89",,,,,,
2020-08-20,"2,850.19",,,,,,
2020-08-19,"2,849.35",,,,,,
2020-08-18,"2,849.90",,,,,,
2020-08-17,"2,848.51",,,,,,
2020-08-16,"2,847.99",,,,,,
2020-08-15,"2,847.99",,,,,,
2020-08-14,"2,847.99",,,,,,
2020-08-13,"2,848.45",,,,,,
2020-08-12,"2,847.41",,,,,,
2020-08-11,"2,847.44",,,,,,
2020-08-10,"2,846.25",,,,,,
2020-08-09,"2,846.32",,,,,,
2020-08-08,"2,846.32",,,,,,
2020-08-07,"2,846.32",,,,,,
2020-08-06,"2,846.32",,,,,,
2020-08-05,"2,846.09",,,,,,
2020-08-04,"2,846.12",,,,,,
2020-08-03,"2,845.80",,,,,,
2020-08-02,"2,844.70",,,,,,
2020-08-01,"2,844.70",,,,,,
2020-07-31,"2,844.70",,,,,,
2020-07-30,"2,845.28",,,,,,
2020-07-29,"2,844.42",,,,,,
2020-07-28,"2,844.58",,,,,,
2020-07-27,"2,843.93",,,,,,
2020-07-26,"2,842.11",,,,,,
2020-07-25,"2,842.11",,,,,,
2020-07-24,"2,842.11",,,,,,
2020-07-23,"2,842.07",,,,,,
2020-07-22,"2,841.30",,,,,,
2020-07-21,"2,841.23",,,,,,
2020-07-20,"2,839.25",,,,,,
2020-07-19,"2,834.50",,,,,,
2020-07-18,"2,834.50",,,,,,
2020-07-17,"2,834.50",,,,,,
2020-07-16,"2,834.88",,,,,,
2020-07-15,"2,832.22",,,,,,
2020-07-14,"2,832.22",,,,,,
2020-07-13,"2,832.22",,,,,,
2020-07-12,"2,832.22",,,,,,
2020-07-11,"2,832.22",,,,,,
2020-07-10,"2,832.22",,,,,,
2020-07-09,"2,832.64",,,,,,
2020-07-08,"2,829.70",,,,,,
2020-07-07,"2,830.37",,,,,,
2020-07-06,"2,828.11",,,,,,
2020-07-05,"2,826.14",,,,,,
2020-07-04,"2,826.14",,,,,,
2020-07-03,"2,826.14",,,,,,
2020-07-02,"2,826.60",,,,,,
2020-07-01,"2,824.16",,,,,,
2020-06-30,"2,823.89",,,,,,
2020-06-29,"2,822.98",,,,,,
2020-06-28,"2,821.08",,,,,,
2020-06-27,"2,821.08",,,,,,
2020-06-26,"2,821.08",,,,,,
2020-06-25,"2,820.57",,,,,,
2020-06-24,"2,820.59",,,,,,
2020-06-23,"2,820.59",,,,,,
2020-06-22,"2,819.91",,,,,,
2020-06-21,"2,819.57",,,,,,
2020-06-20,"2,819.57",,,,,,
2020-06-19,"2,819.57",,,,,,
2020-06-18,"2,819.86",,,,,,
2020-06-17,"2,819.18",,,,,,
2020-06-16,"2,817.61",,,,,,
2020-06-15,"2,817.01",,,,,,
2020-06-14,"2,813.22",,,,,,
2020-06-13,"2,813.22",,,,,,
2020-06-12,"2,813.22",,,,,,
2020-06-11,"2,813.32",,,,,,
2020-06-10,"2,811.69",,,,,,
2020-06-09,"2,810.94",,,,,,
2020-06-08,"2,808.97",,,,,,
2020-06-07,"2,809.64",,,,,,
2020-06-06,"2,809.64",,,,,,
2020-06-05,"2,809.64",,,,,,
2020-06-04,"2,809.64",,,,,,
2020-06-03,"2,807.59",,,,,,
2020-06-02,"2,808.78",,,,,,
2020-06-01,"2,805.97",,,,,,
2020-05-31,"2,805.97",,,,,,
2020-05-30,"2,805.97",,,,,,
2020-05-29,"2,805.97",,,,,,
2020-05-28,"2,806.96",,,,,,
2020-05-27,"2,804.74",,,,,,
2020-05-26,"2,805.41",,,,,,
2020-05-25,"2,803.58",,,,,,
2020-05-24,"2,801.20",,,,,,
2020-05-23,"2,801.20",,,,,,
2020-05-22,"2,801.20",,,,,,
2020-05-21,"2,801.77",,,,,,
2020-05-20,"2,799.62",,,,,,
2020-05-19,"2,799.88",,,,,,
2020-05-18,"2,798.23",,,,,,
2020-05-17,"2,796.80",,,,,,
2020-05-16,"2,796.80",,,,,,
2020-05-15,"2,796.80",,,,,,
2020-05-14,"2,795.61",,,,,,
2020-05-13,"2,794.64",,,,,,
2020-05-12,"2,793.39",,,,,,
2020-05-11,"2,792.50",,,,,,
2020-05-10,"2,791.49",,,,,,
2020-05-09,"2,791.49",,,,,,
2020-05-08,"2,791.49",,,,,,
2020-05-07,"2,791.57",,,,,,
2020-05-06,"2,790.25",,,,,,
2020-05-05,"2,790.65",,,,,,
2020-05-04,"2,789.53",,,,,,
2020-05-03,"2,788.93",,,,,,
2020-05-02,"2,788.93",,,,,,
2020-05-01,"2,788.93",,,,,,
2020-04-30,"2,788.91",,,,,,
2020-04-29,"2,788.46",,,,,,
2020-04-28,"2,787.28",,,,,,
2020-04-27,"2,786.41",,,,,,
2020-04-26,"2,785.62",,,,,,
2020-04-25,"2,785.62",,,,,,
2020-04-24,"2,785.62",,,,,,
2020-04-23,"2,785.12",,,,,,
2020-04-22,"2,784.58",,,,,,
2020-04-21,"2,784.78",,,,,,
2020-04-20,"2,783.92",,,,,,
2020-04-19,"2,783.67",,,,,,
2020-04-18,"2,783.67",,,,,,
2020-04-17,"2,783.67",,,,,,
2020-04-16,"2,782.62",,,,,,
2020-04-15,"2,781.94",,,,,,
2020-04-14,"2,782.46",,,,,,
2020-04-13,"2,781.59",,,,,,
2020-04-12,"2,781.94",,,,,,
2020-04-11,"2,781.94",,,,,,
2020-04-10,"2,781.94",,,,,,
2020-04-09,"2,781.42",,,,,,
2020-04-08,"2,781.19",,,,,,
2020-04-07,"2,781.09",,,,,,
2020-04-06,"2,780.65",,,,,,
2020-04-05,"2,779.78",,,,,,
2020-04-04,"2,779.78",,,,,,
2020-04-03,"2,779.78",,,,,,
2020-04-02,"2,779.01",,,,,,
2020-04-01,"2,776.98",,,,,,
2020-03-31,"2,777.74",,,,,,
2020-03-30,"2,775.89",,,,,,
2020-03-29,"2,775.43",,,,,,
2020-03-28,"2,775.43",,,,,,
2020-03-27,"2,775.43",,,,,,
2020-03-26,"2,774.29",,,,,,
2020-03-25,"2,773.00",,,,,,
2020-03-24,"2,772.18",,,,,,
2020-03-23,"2,771.41",,,,,,
2020-03-22,"2,770.76",,,,,,
2020-03-21,"2,770.76",,,,,,
2020-03-20,"2,770.76",,,,,,
2020-03-19,"2,769.73",,,,,,
2020-03-18,"2,769.17",,,,,,
2020-03-17,"2,768.88",,,,,,
2020-03-16,"2,768.04",,,,,,
2020-03-15,"2,767.52",,,,,,
2020-03-14,"2,767.52",,,,,,
2020-03-13,"2,767.52",,,,,,
2020-03-12,"2,766.69",,,,,,
2020-03-11,"2,766.53",,,,,,
2020-03-10,"2,766.66",,,,,,
2020-03-09,"2,765.01",,,,,,
2020-03-08,"2,764.36",,,,,,
2020-03-07,"2,764.36",,,,,,
2020-03-06,"2,764.36",,,,,,
2020-03-05,"2,764.27",,,,,,
2020-03-04,"2,763.69",,,,,,
2020-03-03,"2,764.18",,,,,,
2020-03-02,"2,763.26",,,,,,
2020-03-01,"2,762.71",,,,,,
2020-02-29,"2,762.71",,,,,,
2020-02-28,"2,762.71",,,,,,
2020-02-27,"2,761.69",,,,,,
2020-02-26,"2,760.89",,,,,,
2020-02-25,"2,760.89",,,,,,
2020-02-24,"2,760.89",,,,,,
2020-02-23,"2,760.89",,,,,,
2020-02-22,"2,760.89",,,,,,
2020-02-21,"2,760.89",,,,,,
2020-02-20,"2,759.65",,,,,,
2020-02-19,"2,758.95",,,,,,
2020-02-18,"2,758.39",,,,,,
2020-02-17,"2,757.29",,,,,,
2020-02-16,"2,756.26",,,,,,
2020-02-15,"2,756.26",,,,,,
2020-02-14,"2,756.26",,,,,,
2020-02-13,"2,755.56",,,,,,
2020-02-12,"2,755.28",,,,,,
2020-02-11,"2,754.15",,,,,,
2020-02-10,"2,754.16",,,,,,
2020-02-09,"2,753.93",,,,,,
2020-02-08,"2,753.93",,,,,,
2020-02-07,"2,753.93",,,,,,
2020-02-06,"2,753.97",,,,,,
2020-02-05,"2,752.97",,,,,,
2020-02-04,"2,752.65",,,,,,
2020-02-03,"2,752.32",,,,,,
2020-02-02,"2,751.57",,,,,,
2020-02-01,"2,751.57",,,,,,
2020-01-31,"2,751.57",,,,,,
2020-01-30,"2,751.61",,,,,,
2020-01-29,"2,751.19",,,,,,
2020-01-28,"2,750.80",,,,,,
2020-01-27,"2,750.34",,,,,,
2020-01-26,"2,749.37",,,,,,
2020-01-25,"2,749.37",,,,,,
2020-01-24,"2,749.37",,,,,,
2020-01-23,"2,749.24",,,,,,
2020-01-22,"2,748.61",,,,,,
2020-01-21,"2,748.32",,,,,,
2020-01-20,"2,747.94",,,,,,
2020-01-19,"2,746.22",,,,,,
2020-01-18,"2,746.22",,,,,,
2020-01-17,"2,746.22",,,,,,
2020-01-16,"2,744.02",,,,,,
2020-01-15,"2,742.38",,,,,,
2020-01-14,"2,742.83",,,,,,
2020-01-13,"2,741.52",,,,,,
2020-01-12,"2,738.92",,,,,,
2020-01-11,"2,738.92",,,,,,
2020-01-10,"2,738.92",,,,,,
2020-01-09,"2,738.74",,,,,,
2020-01-08,"2,737.43",,,,,,
2020-01-07,"2,737.80",,,,,,
2020-01-06,"2,736.76",,,,,,
2020-01-05,"2,735.88",,,,,,
2020-01-04,"2,735.88",,,,,,
2020-01-03,"2,735.88",,,,,,
2020-01-02,"2,734.92",,,,,,
2020-01-01,"2,734.33",,,,,,
2019-12-31,"2,734.33",,,,,,
2019-12-30,"2,733.52",,,,,,
2019-12-29,"2,733.53",,,,,,
2019-12-28,"2,733.53",,,,,,
2019-12-27,"2,733.53",,,,,,
2019-12-26,"2,733.28",,,,,,
2019-12-25,"2,733.25",,,,,,
2019-12-24,"2,732.72",,,,,,
2019-12-23,"2,732.43",,,,,,
2019-12-22,"2,731.72",,,,,,
2019-12-21,"2,731.72",,,,,,
2019-12-20,"2,731.72",,,,,,
2019-12-19,"2,730.91",,,,,,
2019-12-18,"2,730.15",,,,,,
2019-12-17,"2,729.14",,,,,,
2019-12-16,"2,727.25",,,,,,
2019-12-15,"2,726.12",,,,,,
2019-12-14,"2,726.12",,,,,,
2019-12-13,"2,726.12",,,,,,
2019-12-12,"2,724.04",,,,,,
2019-12-11,"2,723.82",,,,,,
2019-12-10,"2,723.60",,,,,,
2019-12-09,"2,722.35",,,,,,
2019-12-08,"2,721.72",,,,,,
2019-12-07,"2,721.72",,,,,,
2019-12-06,"2,721.72",,,,,,
2019-12-05,"2,720.52",,,,,,
2019-12-04,"2,720.66",,,,,,
2019-12-03,"2,719.38",,,,,,
2019-12-02,"2,717.08",,,,,,
2019-12-01,"2,715.22",,,,,,
2019-11-30,"2,715.22",,,,,,
2019-11-29,"2,715.22",,,,,,
2019-11-28,"2,714.13",,,,,,
2019-11-27,"2,710.51",,,,,,
2019-11-26,"2,710.51",,,,,,
2019-11-25,"2,710.51",,,,,,
2019-11-24,"2,706.68",,,,,,
2019-11-23,"2,706.68",,,,,,
2019-11-22,"2,706.68",,,,,,
2019-11-21,"2,708.32",,,,,,
2019-11-20,"2,705.07",,,,,,
2019-11-19,"2,705.69",,,,,,
2019-11-18,"2,703.56",,,,,,
2019-11-17,"2,702.99",,,,,,
2019-11-16,"2,702.99",,,,,,
2019-11-15,"2,702.99",,,,,,
2019-11-14,"2,703.09",,,,,,
2019-11-13,"2,702.74",,,,,,
2019-11-12,"2,703.07",,,,,,
2019-11-11,"2,702.33",,,,,,
2019-11-10,"2,702.87",,,,,,
2019-11-09,"2,702.87",,,,,,
2019-11-08,"2,702.87",,,,,,
2019-11-07,"2,703.61",,,,,,
2019-11-06,"2,703.39",,,,,,
2019-11-05,"2,703.24",,,,,,
2019-11-04,"2,702.31",,,,,,
2019-11-03,"2,701.11",,,,,,
2019-11-02,"2,701.11",,,,,,
2019-11-01,"2,701.11",,,,,,
2019-10-31,"2,701.17",,,,,,
2019-10-30,"2,697.83",,,,,,
2019-10-29,"2,692.43",,,,,,
2019-10-28,"2,690.29",,,,,,
2019-10-27,"2,685.97",,,,,,
2019-10-26,"2,685.97",,,,,,
2019-10-25,"2,685.97",,,,,,
2019-10-24,"2,686.80",,,,,,
2019-10-23,"2,683.69",,,,,,
2019-10-22,"2,684.35",,,,,,
2019-10-21,"2,683.19",,,,,,
2019-10-20,"2,679.03",,,,,,
2019-10-19,"2,679.03",,,,,,
2019-10-18,"2,679.03",,,,,,
2019-10-17,"2,676.12",,,,,,
2019-10-16,"2,674.62",,,,,,
2019-10-15,"2,671.60",,,,,,
2019-10-14,"2,670.53",,,,,,
2019-10-13,"2,669.96",,,,,,
2019-10-12,"2,669.96",,,,,,
2019-10-11,"2,669.96",,,,,,
2019-10-10,"2,670.43",,,,,,
2019-10-09,"2,669.04",,,,,,
2019-10-08,"2,669.12",,,,,,
2019-10-07,"2,668.31",,,,,,
2019-10-06,"2,667.70",,,,,,
2019-10-05,"2,667.70",,,,,,
2019-10-04,"2,667.70",,,,,,
2019-10-03,"2,667.23",,,,,,
2019-10-02,"2,667.64",,,,,,
2019-10-01,"2,667.08",,,,,,
2019-09-30,"2,667.21",,,,,,
2019-09-29,"2,667.64",,,,,,
2019-09-28,"2,667.64",,,,,,
2019-09-27,"2,667.64",,,,,,
2019-09-26,"2,667.69",,,,,,
2019-09-25,"2,667.45",,,,,,
2019-09-24,"2,666.66",,,,,,
2019-09-23,"2,667.43",,,,,,
2019-09-22,"2,667.91",,,,,,
2019-09-21,"2,667.91",,,,,,
2019-09-20,"2,667.91",,,,,,
2019-09-19,"2,668.47",,,,,,
2019-09-18,"2,669.02",,,,,,
2019-09-17,"2,669.57",,,,,,
2019-09-16,"2,670.51",,,,,,
2019-09-15,"2,670.87",,,,,,
2019-09-14,"2,670.87",,,,,,
2019-09-13,"2,670.87",,,,,,
2019-09-12,"2,670.65",,,,,,
2019-09-11,"2,671.12",,,,,,
2019-09-10,"2,671.25",,,,,,
2019-09-09,"2,671.57",,,,,,
2019-09-08,"2,671.58",,,,,,
2019-09-07,"2,671.58",,,,,,
2019-09-06,"2,671.79",,,,,,
2019-09-05,"2,671.62",,,,,,
2019-09-04,"2,671.53",,,,,,
2019-09-03,"2,671.81",,,,,,
2019-09-02,"2,671.81",,,,,,
2019-09-01,"2,672.00",,,,,,
2019-08-31,"2,672.00",,,,,,
2019-08-30,"2,672.00",,,,,,
2019-08-29,"2,671.81",,,,,,
2019-08-28,"2,671.89",,,,,,
2019-08-27,"2,672.39",,,,,,
2019-08-26,"2,672.03",,,,,,
2019-08-25,"2,671.55",,,,,,
2019-08-24,"2,671.55",,,,,,
2019-08-23,"2,671.55",,,,,,
2019-08-22,"2,672.82",,,,,,
2019-08-21,"2,673.17",,,,,,
2019-08-20,"2,672.74",,,,,,
2019-08-19,"2,672.73",,,,,,
2019-08-18,"2,672.87",,,,,,
2019-08-17,"2,672.87",,,,,,
2019-08-16,"2,672.87",,,,,,
2019-08-15,"2,672.30",,,,,,
2019-08-14,"2,672.25",,,,,,
2019-08-13,"2,671.77",,,,,,
2019-08-12,"2,671.77",,,,,,
2019-08-11,"2,668.86",,,,,,
2019-08-10,"2,668.86",,,,,,
2019-08-09,"2,668.86",,,,,,
2019-08-08,"2,667.38",,,,,,
2019-08-07,"2,665.94",,,,,,
2019-08-06,"2,667.12",,,,,,
2019-08-05,"2,665.00",,,,,,
2019-08-04,"2,666.99",,,,,,
2019-08-03,"2,666.99",,,,,,
2019-08-02,"2,666.99",,,,,,
2019-08-01,"2,666.50",,,,,,
2019-07-31,"2,666.00",,,,,,
2019-07-30,"2,665.62",,,,,,
2019-07-29,"2,665.04",,,,,,
2019-07-28,"2,665.32",,,,,,
2019-07-27,"2,665.32",,,,,,
2019-07-26,"2,665.32",,,,,,
2019-07-25,"2,664.10",,,,,,
2019-07-24,"2,663.67",,,,,,
2019-07-23,"2,663.58",,,,,,
2019-07-22,"2,662.90",,,,,,
2019-07-21,"2,661.76",,,,,,
2019-07-20,"2,661.76",,,,,,
2019-07-19,"2,661.76",,,,,,
2019-07-18,"2,662.10",,,,,,
2019-07-17,"2,660.75",,,,,,
2019-07-16,"2,660.69",,,,,,
2019-07-15,"2,659.50",,,,,,
2019-07-14,"2,659.50",,,,,,
2019-07-13,"2,659.50",,,,,,
2019-07-12,"2,659.50",,,,,,
2019-07-11,"2,659.50",,,,,,
2019-07-10,"2,659.50",,,,,,
2019-07-09,"2,659.34",,,,,,
2019-07-08,"2,659.07",,,,,,
2019-07-07,"2,658.59",,,,,,
2019-07-06,"2,658.59",,,,,,
2019-07-05,"2,658.59",,,,,,
2019-07-04,"2,658.65",,,,,,
2019-07-03,"2,658.11",,,,,,
2019-07-02,"2,658.24",,,,,,
2019-07-01,"2,657.92",,,,,,
2019-06-30,"2,657.76",,,,,,
2019-06-29,"2,657.76",,,,,,
2019-06-28,"2,657.76",,,,,,
2019-06-27,"2,657.47",,,,,,
2019-06-26,"2,657.51",,,,,,
2019-06-25,"2,657.07",,,,,,
2019-06-24,"2,657.31",,,,,,
2019-06-23,"2,657.02",,,,,,
2019-06-22,"2,657.02",,,,,,
2019-06-21,"2,657.02",,,,,,
2019-06-20,"2,656.18",,,,,,
2019-06-19,"2,656.10",,,,,,
2019-06-18,"2,656.05",,,,,,
2019-06-17,"2,655.19",,,,,,
2019-06-16,"2,654.41",,,,,,
2019-06-15,"2,654.41",,,,,,
2019-06-14,"2,654.41",,,,,,
2019-06-13,"2,653.87",,,,,,
2019-06-12,"2,653.14",,,,,,
2019-06-11,"2,652.43",,,,,,
2019-06-10,"2,651.87",,,,,,
2019-06-09,"2,652.13",,,,,,
2019-06-08,"2,652.13",,,,,,
2019-06-07,"2,652.13",,,,,,
2019-06-06,"2,651.72",,,,,,
2019-06-05,"2,651.04",,,,,,
2019-06-04,"2,650.87",,,,,,
2019-06-03,"2,650.30",,,,,,
2019-06-02,"2,649.35",,,,,,
2019-06-01,"2,649.35",,,,,,
2019-05-31,"2,649.35",,,,,,
2019-05-30,"2,648.73",,,,,,
2019-05-29,"2,648.29",,,,,,
2019-05-28,"2,647.83",,,,,,
2019-05-27,"2,647.69",,,,,,
2019-05-26,"2,647.27",,,,,,
2019-05-25,"2,647.27",,,,,,
2019-05-24,"2,647.27",,,,,,
2019-05-23,"2,647.34",,,,,,
2019-05-22,"2,647.10",,,,,,
2019-05-21,"2,647.76",,,,,,
2019-05-20,"2,647.18",,,,,,
2019-05-19,"2,646.21",,,,,,
2019-05-18,"2,646.21",,,,,,
2019-05-17,"2,646.21",,,,,,
2019-05-16,"2,645.21",,,,,,
2019-05-15,"2,644.04",,,,,,
2019-05-14,"2,643.22",,,,,,
2019-05-13,"2,642.70",,,,,,
2019-05-12,"2,642.01",,,,,,
2019-05-11,"2,642.01",,,,,,
2019-05-10,"2,642.01",,,,,,
2019-05-09,"2,642.43",,,,,,
2019-05-08,"2,642.76",,,,,,
2019-05-07,"2,642.23",,,,,,
2019-05-06,"2,641.72",,,,,,
2019-05-05,"2,641.58",,,,,,
2019-05-04,"2,641.58",,,,,,
2019-05-03,"2,641.58",,,,,,
2019-05-02,"2,642.95",,,,,,
2019-05-01,"2,643.07",,,,,,
2019-04-30,"2,642.78",,,,,,
2019-04-29,"2,642.42",,,,,,
2019-04-28,"2,639.51",,,,,,
2019-04-27,"2,639.51",,,,,,
2019-04-26,"2,639.51",,,,,,
2019-04-25,"2,639.99",,,,,,
2019-04-24,"2,637.96",,,,,,
2019-04-23,"2,638.33",,,,,,
2019-04-22,"2,637.12",,,,,,
2019-04-21,"2,635.94",,,,,,
2019-04-20,"2,635.94",,,,,,
2019-04-19,"2,635.94",,,,,,
2019-04-18,"2,636.40",,,,,,
2019-04-17,"2,635.13",,,,,,
2019-04-16,"2,633.38",,,,,,
2019-04-15,"2,632.18",,,,,,
2019-04-14,"2,631.77",,,,,,
2019-04-13,"2,631.77",,,,,,
2019-04-12,"2,631.77",,,,,,
2019-04-11,"2,631.93",,,,,,
2019-04-10,"2,631.58",,,,,,
2019-04-09,"2,631.64",,,,,,
2019-04-08,"2,631.30",,,,,,
2019-04-07,"2,631.58",,,,,,
2019-04-06,"2,631.58",,,,,,
2019-04-05,"2,631.58",,,,,,
2019-04-04,"2,631.95",,,,,,
2019-04-03,"2,632.00",,,,,,
2019-04-02,"2,632.08",,,,,,
2019-04-01,"2,631.43",,,,,,
2019-03-31,"2,631.51",,,,,,
2019-03-30,"2,631.51",,,,,,
2019-03-29,"2,631.51",,,,,,
2019-03-28,"2,631.53",,,,,,
2019-03-27,"2,631.28",,,,,,
2019-03-26,"2,631.17",,,,,,
2019-03-25,"2,631.37",,,,,,
2019-03-24,"2,630.86",,,,,,
2019-03-23,"2,630.86",,,,,,
2019-03-22,"2,630.86",,,,,,
2019-03-21,"2,631.25",,,,,,
2019-03-20,"2,631.41",,,,,,
2019-03-19,"2,631.91",,,,,,
2019-03-18,"2,631.54",,,,,,
2019-03-17,"2,631.60",,,,,,
2019-03-16,"2,631.60",,,,,,
2019-03-15,"2,631.60",,,,,,
2019-03-14,"2,631.00",,,,,,
2019-03-13,"2,632.73",,,,,,
2019-03-12,"2,632.80",,,,,,
2019-03-11,"2,634.30",,,,,,
2019-03-10,"2,634.61",,,,,,
2019-03-09,"2,634.61",,,,,,
2019-03-08,"2,634.61",,,,,,
2019-03-07,"2,634.61",,,,,,
2019-03-06,"2,634.44",,,,,,
2019-03-05,"2,634.80",,,,,,
2019-03-04,"2,634.79",,,,,,
2019-03-03,"2,635.34",,,,,,
2019-03-02,"2,635.34",,,,,,
2019-03-01,"2,635.34",,,,,,
2019-02-28,"2,635.33",,,,,,
2019-02-27,"2,635.46",,,,,,
2019-02-26,"2,635.80",,,,,,
2019-02-25,"2,634.48",,,,,,
2019-02-24,"2,635.29",,,,,,
2019-02-23,"2,635.29",,,,,,
2019-02-22,"2,635.29",,,,,,
2019-02-21,"2,635.11",,,,,,
2019-02-20,"2,635.25",,,,,,
2019-02-19,"2,634.97",,,,,,
2019-02-18,"2,633.79",,,,,,
2019-02-17,"2,632.71",,,,,,
2019-02-16,"2,632.71",,,,,,
2019-02-15,"2,632.71",,,,,,
2019-02-14,"2,632.52",,,,,,
2019-02-13,"2,632.53",,,,,,
2019-02-12,"2,631.58",,,,,,
2019-02-11,"2,631.45",,,,,,
2019-02-10,"2,630.93",,,,,,
2019-02-09,"2,630.93",,,,,,
2019-02-08,"2,630.93",,,,,,
2019-02-07,"2,630.93",,,,,,
2019-02-06,"2,630.93",,,,,,
2019-02-05,"2,630.93",,,,,,
2019-02-04,"2,630.93",,,,,,
2019-02-02,"2,630.40",,,,,,
2019-02-01,"2,629.76",,,,,,
2019-01-31,"2,628.70",,,,,,
2019-01-30,"2,629.69",,,,,,
2019-01-29,"2,630.50",,,,,,
2019-01-28,"2,631.65",,,,,,
2019-01-27,"2,632.72",,,,,,
2019-01-26,"2,632.72",,,,,,
2019-01-25,"2,632.72",,,,,,
2019-01-24,"2,636.00",,,,,,
2019-01-23,"2,640.31",,,,,,
2019-01-22,"2,646.30",,,,,,
2019-01-21,"2,648.87",,,,,,
2019-01-20,"2,650.55",,,,,,
2019-01-19,"2,650.55",,,,,,
2019-01-18,"2,650.55",,,,,,
2019-01-17,"2,655.96",,,,,,
2019-01-16,"2,660.12",,,,,,
2019-01-15,"2,662.86",,,,,,
2019-01-14,"2,665.73",,,,,,
2019-01-11,"2,666.14",,,,,,
2019-01-10,"2,666.72",,,,,,
2019-01-09,"2,666.36",,,,,,
2019-01-08,"2,663.98",,,,,,
2019-01-07,"2,657.97",,,,,,
2019-01-06,"2,650.55",,,,,,
2019-01-05,"2,650.55",,,,,,
2019-01-04,"2,650.55",,,,,,
2019-01-03,"2,653.25",,,,,,
2019-01-02,"2,648.02",,,,,,
2019-01-01,"2,643.69",,,,,,
2018-12-31,"2,643.69",,,,,,
2018-12-30,"2,642.92",,,,,,
2018-12-29,"2,642.92",,,,,,
2018-12-28,"2,642.92",,,,,,
2018-12-27,"2,642.81",,,,,,
2018-12-26,"2,641.33",,,,,,
2018-12-25,"2,642.01",,,,,,
2018-12-24,"2,639.86",,,,,,
2018-12-23,"2,638.03",,,,,,
2018-12-22,"2,638.03",,,,,,
2018-12-21,"2,638.03",,,,,,
2018-12-20,"2,637.63",,,,,,
2018-12-19,"2,636.67",,,,,,
2018-12-18,"2,636.78",,,,,,
2018-12-17,"2,635.88",,,,,,
2018-12-16,"2,634.99",,,,,,
2018-12-15,"2,634.99",,,,,,
2018-12-14,"2,634.99",,,,,,
2018-12-13,"2,635.00",,,,,,
2018-12-12,"2,634.83",,,,,,
2018-12-11,"2,634.26",,,,,,
2018-12-10,"2,634.40",,,,,,
2018-12-09,"2,634.50",,,,,,
2018-12-08,"2,634.50",,,,,,
2018-12-07,"2,634.50",,,,,,
2018-12-06,"2,632.90",,,,,,
2018-12-05,"2,634.19",,,,,,
2018-12-04,"2,639.21",,,,,,
2018-12-03,"2,632.53",,,,,,
2018-12-02,"2,627.04",,,,,,
2018-12-01,"2,627.04",,,,,,
2018-11-30,"2,627.04",,,,,,
2018-11-29,"2,618.94",,,,,,
2018-11-28,"2,605.84",,,,,,
2018-11-27,"2,603.25",,,,,,
2018-11-26,"2,596.89",,,,,,
2018-11-25,"2,596.89",,,,,,
2018-11-24,"2,596.89",,,,,,
2018-11-23,"2,596.89",,,,,,
2018-11-22,"2,590.68",,,,,,
2018-11-21,"2,586.33",,,,,,
2018-11-20,"2,580.79",,,,,,
2018-11-19,"2,577.23",,,,,,
2018-11-18,"2,574.65",,,,,,
2018-11-17,"2,574.65",,,,,,
2018-11-16,"2,572.50",,,,,,
2018-11-15,"2,569.63",,,,,,
2018-11-14,"2,568.85",,,,,,
2018-11-13,"2,568.67",,,,,,
2018-11-12,"2,567.17",,,,,,
2018-11-11,"2,566.89",,,,,,
2018-11-10,"2,566.89",,,,,,
2018-11-09,"2,566.89",,,,,,
2018-11-08,"2,566.89",,,,,,
2018-11-07,"2,566.89",,,,,,
2018-11-06,"2,565.73",,,,,,
2018-11-05,"2,565.90",,,,,,
2018-11-04,"2,565.74",,,,,,
2018-11-03,"2,565.74",,,,,,
2018-11-02,"2,565.74",,,,,,
2018-11-01,"2,564.89",,,,,,
2018-10-31,"2,564.44",,,,,,
2018-10-30,"2,564.55",,,,,,
2018-10-29,"2,564.15",,,,,,
2018-10-28,"2,563.94",,,,,,
2018-10-27,"2,563.94",,,,,,
2018-10-26,"2,563.94",,,,,,
2018-10-25,"2,563.66",,,,,,
2018-10-24,"2,563.67",,,,,,
2018-10-23,"2,563.78",,,,,,
2018-10-22,"2,563.79",,,,,,
2018-10-21,"2,564.24",,,,,,
2018-10-20,"2,564.24",,,,,,
2018-10-19,"2,564.24",,,,,,
2018-10-18,"2,562.90",,,,,,
2018-10-17,"2,564.90",,,,,,
2018-10-16,"2,564.90",,,,,,
2018-10-15,"2,564.65",,,,,,
2018-10-14,"2,563.84",,,,,,
2018-10-13,"2,563.84",,,,,,
2018-10-12,"2,563.84",,,,,,
2018-10-11,"2,563.77",,,,,,
2018-10-10,"2,564.87",,,,,,
2018-10-09,"2,565.99",,,,,,
2018-10-08,"2,566.33",,,,,,
2018-10-07,"2,567.15",,,,,,
2018-10-06,"2,567.15",,,,,,
2018-10-05,"2,567.15",,,,,,
2018-10-04,"2,568.08",,,,,,
2018-10-03,"2,567.26",,,,,,
2018-10-02,"2,564.40",,,,,,
2018-10-01,"2,550.04",,,,,,
2018-09-30,"2,552.13",,,,,,
2018-09-29,"2,552.13",,,,,,
2018-09-28,"2,552.13",,,,,,
2018-09-27,"2,545.29",,,,,,
2018-09-26,"2,538.38",,,,,,
2018-09-25,"2,533.95",,,,,,
2018-09-24,"2,523.10",,,,,,
2018-09-23,"2,521.27",,,,,,
2018-09-22,"2,521.27",,,,,,
2018-09-21,"2,521.27",,,,,,
2018-09-20,"2,515.22",,,,,,
2018-09-19,"2,511.22",,,,,,
2018-09-18,"2,503.41",,,,,,
2018-09-17,"2,500.82",,,,,,
2018-09-16,"2,497.65",,,,,,
2018-09-15,"2,497.65",,,,,,
2018-09-14,"2,497.65",,,,,,
2018-09-13,"2,493.35",,,,,,
2018-09-12,"2,487.13",,,,,,
2018-09-11,"2,483.89",,,,,,
2018-09-10,"2,480.81",,,,,,
2018-09-09,"2,479.46",,,,,,
2018-09-08,"2,479.46",,,,,,
2018-09-07,"2,479.46",,,,,,
2018-09-06,"2,476.24",,,,,,
2018-09-05,"2,475.52",,,,,,
2018-09-04,"2,473.83",,,,,,
2018-09-03,"2,473.44",,,,,,
2018-09-02,"2,472.99",,,,,,
2018-09-01,"2,472.99",,,,,,
2018-08-31,"2,472.99",,,,,,
2018-08-30,"2,473.43",,,,,,
2018-08-29,"2,473.65",,,,,,
2018-08-28,"2,472.73",,,,,,
2018-08-27,"2,472.18",,,,,,
2018-08-26,"2,469.79",,,,,,
2018-08-25,"2,469.79",,,,,,
2018-08-24,"2,469.79",,,,,,
2018-08-23,"2,469.36",,,,,,
2018-08-22,"2,468.38",,,,,,
2018-08-21,"2,468.94",,,,,,
2018-08-20,"2,467.76",,,,,,
2018-08-19,"2,464.56",,,,,,
2018-08-18,"2,464.56",,,,,,
2018-08-17,"2,464.56",,,,,,
2018-08-16,"2,463.71",,,,,,
2018-08-15,"2,460.07",,,,,,
2018-08-14,"2,458.64",,,,,,
2018-08-13,"2,458.22",,,,,,
2018-08-12,"2,455.99",,,,,,
2018-08-11,"2,455.99",,,,,,
2018-08-10,"2,455.99",,,,,,
2018-08-09,"2,455.70",,,,,,
2018-08-08,"2,455.50",,,,,,
2018-08-07,"2,456.05",,,,,,
2018-08-06,"2,456.45",,,,,,
2018-08-05,"2,457.53",,,,,,
2018-08-04,"2,457.53",,,,,,
2018-08-03,"2,457.53",,,,,,
2018-08-02,"2,460.57",,,,,,
2018-08-01,"2,462.51",,,,,,
2018-07-31,"2,463.25",,,,,,
2018-07-30,"2,463.61",,,,,,
2018-07-29,"2,464.44",,,,,,
2018-07-28,"2,464.44",,,,,,
2018-07-27,"2,464.44",,,,,,
2018-07-26,"2,464.05",,,,,,
2018-07-25,"2,464.84",,,,,,
2018-07-24,"2,463.02",,,,,,
2018-07-23,"2,463.24",,,,,,
2018-07-22,"2,461.66",,,,,,
2018-07-21,"2,461.66",,,,,,
2018-07-20,"2,461.66",,,,,,
2018-07-19,"2,461.28",,,,,,
2018-07-18,"2,461.20",,,,,,
2018-07-17,"2,461.17",,,,,,
2018-07-16,"2,461.60",,,,,,
2018-07-15,"2,461.66",,,,,,
2018-07-14,"2,461.66",,,,,,
2018-07-13,"2,461.66",,,,,,
2018-07-12,"2,461.66",,,,,,
2018-07-11,"2,461.66",,,,,,
2018-07-10,"2,461.66",,,,,,
2018-07-09,"2,463.20",,,,,,
2018-07-08,"2,463.31",,,,,,
2018-07-07,"2,463.31",,,,,,
2018-07-06,"2,463.31",,,,,,
2018-07-05,"2,463.46",,,,,,
2018-07-04,"2,463.15",,,,,,
2018-07-03,"2,462.84",,,,,,
2018-07-02,"2,462.78",,,,,,
2018-07-01,"2,462.82",,,,,,
2018-06-30,"2,462.82",,,,,,
2018-06-29,"2,462.82",,,,,,
2018-06-28,"2,463.29",,,,,,
2018-06-27,"2,464.44",,,,,,
2018-06-26,"2,464.61",,,,,,
2018-06-25,"2,460.90",,,,,,
2018-06-24,"2,454.05",,,,,,
2018-06-23,"2,454.05",,,,,,
2018-06-22,"2,454.05",,,,,,
2018-06-21,"2,450.98",,,,,,
2018-06-20,"2,441.23",,,,,,
2018-06-19,"2,426.54",,,,,,
2018-06-18,"2,423.66",,,,,,
2018-06-17,"2,418.64",,,,,,
2018-06-16,"2,418.64",,,,,,
2018-06-15,"2,418.64",,,,,,
2018-06-14,"2,415.21",,,,,,
2018-06-13,"2,414.54",,,,,,
2018-06-12,"2,414.45",,,,,,
2018-06-11,"2,414.29",,,,,,
2018-06-10,"2,412.80",,,,,,
2018-06-09,"2,412.80",,,,,,
2018-06-08,"2,412.80",,,,,,
2018-06-07,"2,412.04",,,,,,
2018-06-06,"2,411.27",,,,,,
2018-06-05,"2,409.95",,,,,,
2018-06-04,"2,409.73",,,,,,
2018-06-03,"2,409.80",,,,,,
2018-06-02,"2,409.80",,,,,,
2018-06-01,"2,409.80",,,,,,
2018-05-31,"2,409.80",,,,,,
2018-05-30,"2,409.04",,,,,,
2018-05-29,"2,410.07",,,,,,
2018-05-28,"2,410.38",,,,,,
2018-05-27,"2,410.82",,,,,,
2018-05-26,"2,410.82",,,,,,
2018-05-25,"2,410.82",,,,,,
2018-05-24,"2,411.51",,,,,,
2018-05-23,"2,410.95",,,,,,
2018-05-22,"2,408.41",,,,,,
2018-05-21,"2,405.92",,,,,,
2018-05-20,"2,405.65",,,,,,
2018-05-19,"2,405.65",,,,,,
2018-05-18,"2,405.65",,,,,,
2018-05-17,"2,404.05",,,,,,
2018-05-16,"2,401.30",,,,,,
2018-05-15,"2,401.00",,,,,,
2018-05-14,"2,400.49",,,,,,
2018-05-13,"2,401.46",,,,,,
2018-05-12,"2,401.46",,,,,,
2018-05-11,"2,401.46",,,,,,
2018-05-10,"2,401.85",,,,,,
2018-05-09,"2,402.06",,,,,,
2018-05-08,"2,402.94",,,,,,
2018-05-07,"2,402.10",,,,,,
2018-05-06,"2,402.60",,,,,,
2018-05-05,"2,402.60",,,,,,
2018-05-04,"2,402.60",,,,,,
2018-05-03,"2,402.19",,,,,,
2018-05-02,"2,402.67",,,,,,
2018-05-01,"2,402.14",,,,,,
2018-04-30,"2,402.86",,,,,,
2018-04-29,"2,401.65",,,,,,
2018-04-28,"2,401.65",,,,,,
2018-04-27,"2,401.65",,,,,,
2018-04-26,"2,398.64",,,,,,
2018-04-25,"2,397.82",,,,,,
2018-04-24,"2,397.07",,,,,,
2018-04-23,"2,395.90",,,,,,
2018-04-22,"2,394.96",,,,,,
2018-04-21,"2,394.96",,,,,,
2018-04-20,"2,394.96",,,,,,
2018-04-19,"2,393.52",,,,,,
2018-04-18,"2,394.15",,,,,,
2018-04-17,"2,394.17",,,,,,
2018-04-16,"2,396.68",,,,,,
2018-04-15,"2,393.93",,,,,,
2018-04-14,"2,393.93",,,,,,
2018-04-13,"2,393.93",,,,,,
2018-04-12,"2,392.93",,,,,,
2018-04-11,"2,392.76",,,,,,
2018-04-10,"2,391.45",,,,,,
2018-04-09,"2,391.46",,,,,,
2018-04-08,"2,391.58",,,,,,
2018-04-07,"2,391.58",,,,,,
2018-04-06,"2,391.58",,,,,,
2018-04-05,"2,391.14",,,,,,
2018-04-04,"2,390.79",,,,,,
2018-04-03,"2,391.64",,,,,,
2018-04-02,"2,392.45",,,,,,
2018-04-01,"2,392.77",,,,,,
2018-03-31,"2,392.77",,,,,,
2018-03-30,"2,392.77",,,,,,
2018-03-29,"2,393.84",,,,,,
2018-03-28,"2,394.03",,,,,,
2018-03-27,"2,394.68",,,,,,
2018-03-26,"2,395.23",,,,,,
2018-03-25,"2,396.35",,,,,,
2018-03-24,"2,396.35",,,,,,
2018-03-23,"2,396.35",,,,,,
2018-03-22,"2,396.93",,,,,,
2018-03-21,"2,398.69",,,,,,
2018-03-20,"2,398.42",,,,,,
2018-03-19,"2,398.38",,,,,,
2018-03-18,"2,397.19",,,,,,
2018-03-17,"2,397.19",,,,,,
2018-03-16,"2,397.19",,,,,,
2018-03-15,"2,395.47",,,,,,
2018-03-14,"2,395.40",,,,,,
2018-03-13,"2,396.22",,,,,,
2018-03-12,"2,394.91",,,,,,
2018-03-11,"2,394.77",,,,,,
2018-03-10,"2,394.77",,,,,,
2018-03-09,"2,394.77",,,,,,
2018-03-08,"2,394.18",,,,,,
2018-03-07,"2,394.18",,,,,,
2018-03-06,"2,393.92",,,,,,
2018-03-05,"2,393.88",,,,,,
2018-03-04,"2,393.75",,,,,,
2018-03-03,"2,393.75",,,,,,
2018-03-02,"2,393.75",,,,,,
2018-03-01,"2,393.81",,,,,,
2018-02-28,"2,394.23",,,,,,
2018-02-27,"2,395.30",,,,,,
2018-02-26,"2,395.93",,,,,,
2018-02-25,"2,397.69",,,,,,
2018-02-24,"2,397.69",,,,,,
2018-02-23,"2,397.69",,,,,,
2018-02-22,"2,398.35",,,,,,
2018-02-21,"2,398.26",,,,,,
2018-02-20,"2,398.21",,,,,,
2018-02-19,"2,397.63",,,,,,
2018-02-18,"2,395.85",,,,,,
2018-02-17,"2,395.85",,,,,,
2018-02-16,"2,395.85",,,,,,
2018-02-15,"2,395.85",,,,,,
2018-02-14,"2,396.26",,,,,,
2018-02-13,"2,400.13",,,,,,
2018-02-12,"2,402.06",,,,,,
2018-02-11,"2,405.35",,,,,,
2018-02-10,"2,405.35",,,,,,
2018-02-09,"2,405.35",,,,,,
2018-02-08,"2,409.64",,,,,,
2018-02-07,"2,410.67",,,,,,
2018-02-06,"2,412.92",,,,,,
2018-02-05,"2,414.84",,,,,,
2018-02-04,"2,415.43",,,,,,
2018-02-03,"2,415.43",,,,,,
2018-02-02,"2,415.43",,,,,,
2018-02-01,"2,416.38",,,,,,
2018-01-31,"2,417.71",,,,,,
2018-01-30,"2,419.09",,,,,,
2018-01-29,"2,418.95",,,,,,
2018-01-28,"2,417.73",,,,,,
2018-01-27,"2,417.73",,,,,,
2018-01-26,"2,417.73",,,,,,
2018-01-25,"2,420.08",,,,,,
2018-01-24,"2,420.19",,,,,,
2018-01-23,"2,421.07",,,,,,
2018-01-22,"2,422.30",,,,,,
2018-01-21,"2,423.37",,,,,,
2018-01-20,"2,423.37",,,,,,
2018-01-19,"2,423.37",,,,,,
2018-01-18,"2,422.78",,,,,,
2018-01-17,"2,424.68",,,,,,
2018-01-16,"2,429.73",,,,,,
2018-01-15,"2,431.51",,,,,,
2018-01-14,"2,432.75",,,,,,
2018-01-13,"2,432.75",,,,,,
2018-01-12,"2,432.75",,,,,,
2018-01-11,"2,433.67",,,,,,
2018-01-10,"2,433.66",,,,,,
2018-01-09,"2,432.32",,,,,,
2018-01-08,"2,432.64",,,,,,
2018-01-07,"2,430.35",,,,,,
2018-01-06,"2,430.35",,,,,,
2018-01-05,"2,430.35",,,,,,
2018-01-04,"2,428.91",,,,,,
2018-01-03,"2,428.21",,,,,,
2018-01-02,"2,428.23",,,,,,
2018-01-01,"2,427.13",,,,,,
2017-12-31,"2,427.13",,,,,,
2017-12-30,"2,427.13",,,,,,
2017-12-29,"2,427.13",,,,,,
2017-12-28,"2,427.13",,,,,,
2017-12-27,"2,427.40",,,,,,
2017-12-26,"2,426.79",,,,,,
2017-12-25,"2,427.17",,,,,,
2017-12-24,"2,426.41",,,,,,
2017-12-23,"2,426.41",,,,,,
2017-12-22,"2,426.41",,,,,,
2017-12-21,"2,426.27",,,,,,
2017-12-20,"2,427.09",,,,,,
2017-12-19,"2,428.21",,,,,,
2017-12-18,"2,425.78",,,,,,
2017-12-17,"2,434.22",,,,,,
2017-12-16,"2,434.22",,,,,,
2017-12-15,"2,434.22",,,,,,
2017-12-14,"2,436.29",,,,,,
2017-12-13,"2,436.27",,,,,,
2017-12-12,"2,437.18",,,,,,
2017-12-11,"2,437.41",,,,,,
2017-12-10,"2,438.16",,,,,,
2017-12-09,"2,438.16",,,,,,
2017-12-08,"2,438.16",,,,,,
2017-12-07,"2,439.64",,,,,,
2017-12-06,"2,440.77",,,,,,
2017-12-05,"2,441.66",,,,,,
2017-12-04,"2,442.22",,,,,,
2017-12-03,"2,443.72",,,,,,
2017-12-02,"2,443.72",,,,,,
2017-12-01,"2,443.72",,,,,,
2017-11-30,"2,443.57",,,,,,
2017-11-29,"2,444.38",,,,,,
2017-11-28,"2,444.32",,,,,,
2017-11-27,"2,444.60",,,,,,
2017-11-26,"2,444.11",,,,,,
2017-11-25,"2,444.11",,,,,,
2017-11-24,"2,444.11",,,,,,
2017-11-23,"2,444.27",,,,,,
2017-11-22,"2,444.01",,,,,,
2017-11-21,"2,444.27",,,,,,
2017-11-20,"2,445.66",,,,,,
2017-11-19,"2,444.96",,,,,,
2017-11-18,"2,444.96",,,,,,
2017-11-17,"2,444.96",,,,,,
2017-11-16,"2,444.25",,,,,,
2017-11-15,"2,445.54",,,,,,
2017-11-14,"2,450.90",,,,,,
2017-11-13,"2,452.31",,,,,,
2017-11-12,"2,452.82",,,,,,
2017-11-11,"2,452.82",,,,,,
2017-11-10,"2,452.82",,,,,,
2017-11-09,"2,453.79",,,,,,
2017-11-08,"2,454.08",,,,,,
2017-11-07,"2,455.20",,,,,,
2017-11-06,"2,454.37",,,,,,
2017-11-05,"2,455.43",,,,,,
2017-11-04,"2,455.43",,,,,,
2017-11-03,"2,455.43",,,,,,
2017-11-02,"2,455.86",,,,,,
2017-11-01,"2,456.22",,,,,,
2017-10-31,"2,456.17",,,,,,
2017-10-30,"2,456.20",,,,,,
2017-10-29,"2,456.21",,,,,,
2017-10-28,"2,456.21",,,,,,
2017-10-27,"2,456.21",,,,,,
2017-10-26,"2,456.05",,,,,,
2017-10-25,"2,456.04",,,,,,
2017-10-24,"2,455.56",,,,,,
2017-10-23,"2,455.14",,,,,,
2017-10-22,"2,455.77",,,,,,
2017-10-21,"2,455.77",,,,,,
2017-10-20,"2,455.77",,,,,,
2017-10-19,"2,455.84",,,,,,
2017-10-18,"2,456.92",,,,,,
2017-10-17,"2,456.91",,,,,,
2017-10-16,"2,457.47",,,,,,
2017-10-15,"2,460.58",,,,,,
2017-10-14,"2,460.58",,,,,,
2017-10-13,"2,460.58",,,,,,
2017-10-12,"2,460.51",,,,,,
2017-10-11,"2,460.48",,,,,,
2017-10-10,"2,461.06",,,,,,
2017-10-09,"2,460.68",,,,,,
2017-10-08,"2,459.85",,,,,,
2017-10-07,"2,459.85",,,,,,
2017-10-06,"2,459.85",,,,,,
2017-10-05,"2,462.43",,,,,,
2017-10-04,"2,462.97",,,,,,
2017-10-03,"2,463.12",,,,,,
2017-10-02,"2,465.28",,,,,,
2017-10-01,"2,464.43",,,,,,
2017-09-30,"2,464.43",,,,,,
2017-09-29,"2,464.43",,,,,,
2017-09-28,"2,463.42",,,,,,
2017-09-27,"2,463.02",,,,,,
2017-09-26,"2,463.82",,,,,,
2017-09-25,"2,466.64",,,,,,
2017-09-24,"2,465.72",,,,,,
2017-09-23,"2,465.72",,,,,,
2017-09-22,"2,465.72",,,,,,
2017-09-21,"2,465.12",,,,,,
2017-09-20,"2,466.86",,,,,,
2017-09-19,"2,468.25",,,,,,
2017-09-18,"2,465.03",,,,,,
2017-09-17,"2,460.55",,,,,,
2017-09-16,"2,460.55",,,,,,
2017-09-15,"2,460.55",,,,,,
2017-09-14,"2,456.78",,,,,,
2017-09-13,"2,454.66",,,,,,
2017-09-12,"2,451.72",,,,,,
2017-09-11,"2,446.79",,,,,,
2017-09-10,"2,441.52",,,,,,
2017-09-09,"2,441.52",,,,,,
2017-09-08,"2,441.52",,,,,,
2017-09-07,"2,438.69",,,,,,
2017-09-06,"2,437.33",,,,,,
2017-09-05,"2,435.35",,,,,,
2017-09-04,"2,433.17",,,,,,
2017-09-03,"2,431.16",,,,,,
2017-09-02,"2,431.16",,,,,,
2017-09-01,"2,431.16",,,,,,
2017-08-31,"2,430.05",,,,,,
2017-08-30,"2,431.25",,,,,,
2017-08-29,"2,433.65",,,,,,
2017-08-28,"2,434.74",,,,,,
2017-08-27,"2,436.66",,,,,,
2017-08-26,"2,436.66",,,,,,
2017-08-25,"2,436.66",,,,,,
2017-08-24,"2,440.08",,,,,,
2017-08-23,"2,440.53",,,,,,
2017-08-22,"2,443.25",,,,,,
2017-08-21,"2,444.38",,,,,,
2017-08-20,"2,444.42",,,,,,
2017-08-19,"2,444.42",,,,,,
2017-08-18,"2,444.42",,,,,,
2017-08-17,"2,444.90",,,,,,
2017-08-16,"2,444.19",,,,,,
2017-08-15,"2,441.41",,,,,,
2017-08-14,"2,441.00",,,,,,
2017-08-13,"2,442.06",,,,,,
2017-08-12,"2,442.06",,,,,,
2017-08-11,"2,442.06",,,,,,
2017-08-10,"2,443.52",,,,,,
2017-08-09,"2,447.51",,,,,,
2017-08-08,"2,448.16",,,,,,
2017-08-07,"2,450.58",,,,,,
2017-08-06,"2,456.17",,,,,,
2017-08-05,"2,456.17",,,,,,
2017-08-04,"2,456.17",,,,,,
2017-08-03,"2,457.34",,,,,,
2017-08-02,"2,455.81",,,,,,
2017-08-01,"2,449.52",,,,,,
2017-07-31,"2,444.95",,,,,,
2017-07-30,"2,441.63",,,,,,
2017-07-29,"2,441.63",,,,,,
2017-07-28,"2,441.63",,,,,,
2017-07-27,"2,437.55",,,,,,
2017-07-26,"2,430.50",,,,,,
2017-07-25,"2,424.68",,,,,,
2017-07-24,"2,424.34",,,,,,
2017-07-23,"2,422.49",,,,,,
2017-07-22,"2,422.49",,,,,,
2017-07-21,"2,422.49",,,,,,
2017-07-20,"2,418.84",,,,,,
2017-07-19,"2,418.07",,,,,,
2017-07-18,"2,410.96",,,,,,
2017-07-17,"2,404.31",,,,,,
2017-07-16,"2,402.54",,,,,,
2017-07-15,"2,387.08",,,,,,
2017-07-14,"2,387.08",,,,,,
2017-07-13,"2,387.08",,,,,,
2017-07-12,"2,387.08",,,,,,
2017-07-11,"2,387.08",,,,,,
2017-07-10,"2,387.08",,,,,,
2017-07-09,"2,387.08",,,,,,
2017-07-08,"2,387.08",,,,,,
2017-07-07,"2,387.08",,,,,,
2017-07-06,"2,387.08",,,,,,
2017-07-05,"2,371.37",,,,,,
2017-07-04,"2,358.99",,,,,,
2017-07-03,"2,352.27",,,,,,
2017-07-02,"2,349.87",,,,,,
2017-07-01,"2,349.87",,,,,,
2017-06-30,"2,349.87",,,,,,
2017-06-29,"2,349.21",,,,,,
2017-06-28,"2,350.22",,,,,,
2017-06-27,"2,353.38",,,,,,
2017-06-26,"2,361.12",,,,,,
2017-06-25,"2,361.12",,,,,,
2017-06-24,"2,361.12",,,,,,
2017-06-23,"2,361.12",,,,,,
2017-06-22,"2,355.51",,,,,,
2017-06-21,"2,358.54",,,,,,
2017-06-20,"2,359.27",,,,,,
2017-06-19,"2,361.68",,,,,,
2017-06-18,"2,364.81",,,,,,
2017-06-17,"2,364.81",,,,,,
2017-06-16,"2,364.81",,,,,,
2017-06-15,"2,368.32",,,,,,
2017-06-14,"2,369.95",,,,,,
2017-06-13,"2,372.16",,,,,,
2017-06-12,"2,374.81",,,,,,
2017-06-11,"2,375.60",,,,,,
2017-06-10,"2,375.60",,,,,,
2017-06-09,"2,375.60",,,,,,
2017-06-08,"2,377.95",,,,,,
2017-06-07,"2,383.68",,,,,,
2017-06-06,"2,387.54",,,,,,
2017-06-05,"2,389.86",,,,,,
2017-06-04,"2,395.19",,,,,,
2017-06-03,"2,395.19",,,,,,
2017-06-02,"2,395.19",,,,,,
2017-06-01,"2,397.97",,,,,,
2017-05-31,"2,397.97",,,,,,
2017-05-30,"2,402.35",,,,,,
2017-05-29,"2,406.33",,,,,,
2017-05-28,"2,404.49",,,,,,
2017-05-27,"2,404.49",,,,,,
2017-05-26,"2,404.49",,,,,,
2017-05-25,"2,408.31",,,,,,
2017-05-24,"2,411.04",,,,,,
2017-05-23,"2,416.51",,,,,,
2017-05-22,"2,417.20",,,,,,
2017-05-21,"2,418.19",,,,,,
2017-05-20,"2,418.19",,,,,,
2017-05-19,"2,418.19",,,,,,
2017-05-18,"2,418.32",,,,,,
2017-05-17,"2,418.37",,,,,,
2017-05-16,"2,418.60",,,,,,
2017-05-15,"2,414.84",,,,,,
2017-05-14,"2,411.77",,,,,,
2017-05-13,"2,411.77",,,,,,
2017-05-12,"2,411.77",,,,,,
2017-05-11,"2,411.60",,,,,,
2017-05-10,"2,411.55",,,,,,
2017-05-09,"2,413.21",,,,,,
2017-05-08,"2,414.25",,,,,,
2017-05-07,"2,414.38",,,,,,
2017-05-06,"2,414.38",,,,,,
2017-05-05,"2,414.38",,,,,,
2017-05-04,"2,416.02",,,,,,
2017-05-03,"2,417.32",,,,,,
2017-05-02,"2,418.67",,,,,,
2017-05-01,"2,419.02",,,,,,
2017-04-30,"2,419.42",,,,,,
2017-04-29,"2,419.42",,,,,,
2017-04-28,"2,419.42",,,,,,
2017-04-27,"2,420.57",,,,,,
2017-04-26,"2,420.51",,,,,,
2017-04-25,"2,423.16",,,,,,
2017-04-24,"2,422.41",,,,,,
2017-04-23,"2,422.58",,,,,,
2017-04-22,"2,422.58",,,,,,
2017-04-21,"2,422.58",,,,,,
2017-04-20,"2,422.08",,,,,,
2017-04-19,"2,415.98",,,,,,
2017-04-18,"2,411.53",,,,,,
2017-04-17,"2,404.89",,,,,,
2017-04-16,"2,406.80",,,,,,
2017-04-15,"2,406.80",,,,,,
2017-04-14,"2,406.80",,,,,,
2017-04-13,"2,408.75",,,,,,
2017-04-12,"2,410.87",,,,,,
2017-04-11,"2,419.66",,,,,,
2017-04-10,"2,421.28",,,,,,
2017-04-09,"2,428.75",,,,,,
2017-04-08,"2,428.75",,,,,,
2017-04-07,"2,428.75",,,,,,
2017-04-06,"2,435.25",,,,,,
2017-04-05,"2,437.51",,,,,,
2017-04-04,"2,441.55",,,,,,
2017-04-03,"2,443.38",,,,,,
2017-04-02,"2,447.45",,,,,,
2017-04-01,"2,447.45",,,,,,
2017-03-31,"2,447.45",,,,,,
2017-03-30,"2,452.44",,,,,,
2017-03-29,"2,453.83",,,,,,
2017-03-28,"2,456.03",,,,,,
2017-03-27,"2,458.85",,,,,,
2017-03-26,"2,459.18",,,,,,
2017-03-25,"2,459.18",,,,,,
2017-03-24,"2,459.18",,,,,,
2017-03-23,"2,459.57",,,,,,
2017-03-22,"2,459.38",,,,,,
2017-03-21,"2,457.58",,,,,,
2017-03-20,"2,458.10",,,,,,
2017-03-19,"2,457.12",,,,,,
2017-03-18,"2,457.12",,,,,,
2017-03-17,"2,457.12",,,,,,
2017-03-16,"2,454.96",,,,,,
2017-03-15,"2,457.12",,,,,,
2017-03-14,"2,458.38",,,,,,
2017-03-13,"2,458.80",,,,,,
2017-03-12,"2,461.32",,,,,,
2017-03-11,"2,461.32",,,,,,
2017-03-10,"2,461.32",,,,,,
2017-03-09,"2,464.00",,,,,,
2017-03-08,"2,466.88",,,,,,
2017-03-07,"2,466.88",,,,,,
2017-03-06,"2,468.55",,,,,,
2017-03-05,"2,470.25",,,,,,
2017-03-04,"2,470.25",,,,,,
2017-03-03,"2,470.25",,,,,,
2017-03-02,"2,470.84",,,,,,
2017-03-01,"2,470.83",,,,,,
2017-02-28,"2,470.83",,,,,,
2017-02-27,"2,470.83",,,,,,
2017-02-26,"2,470.83",,,,,,
2017-02-25,"2,470.83",,,,,,
2017-02-24,"2,470.83",,,,,,
2017-02-23,"2,473.63",,,,,,
2017-02-22,"2,476.02",,,,,,
2017-02-21,"2,479.84",,,,,,
2017-02-20,"2,482.29",,,,,,
2017-02-19,"2,483.11",,,,,,
2017-02-18,"2,483.11",,,,,,
2017-02-17,"2,483.11",,,,,,
2017-02-16,"2,483.39",,,,,,
2017-02-15,"2,482.58",,,,,,
2017-02-14,"2,485.38",,,,,,
2017-02-13,"2,485.16",,,,,,
2017-02-12,"2,483.59",,,,,,
2017-02-11,"2,483.59",,,,,,
2017-02-10,"2,483.59",,,,,,
2017-02-09,"2,481.67",,,,,,
2017-02-08,"2,479.41",,,,,,
2017-02-07,"2,477.86",,,,,,
2017-02-06,"2,476.13",,,,,,
2017-02-05,"2,474.20",,,,,,
2017-02-04,"2,474.20",,,,,,
2017-02-03,"2,474.20",,,,,,
2017-02-02,"2,471.00",,,,,,
2017-02-01,"2,463.13",,,,,,
2017-01-31,"2,459.44",,,,,,
2017-01-30,"2,463.23",,,,,,
2017-01-29,"2,465.63",,,,,,
2017-01-28,"2,465.63",,,,,,
2017-01-27,"2,465.63",,,,,,
2017-01-26,"2,474.49",,,,,,
2017-01-25,"2,479.91",,,,,,
2017-01-24,"2,484.27",,,,,,
2017-01-23,"2,487.89",,,,,,
2017-01-22,"2,489.44",,,,,,
2017-01-21,"2,489.44",,,,,,
2017-01-20,"2,489.44",,,,,,
2017-01-19,"2,491.83",,,,,,
2017-01-18,"2,495.23",,,,,,
2017-01-17,"2,490.83",,,,,,
2017-01-16,"2,495.29",,,,,,
2017-01-15,"2,495.28",,,,,,
2017-01-14,"2,495.28",,,,,,
2017-01-13,"2,495.28",,,,,,
2017-01-12,"2,497.04",,,,,,
2017-01-11,"2,497.66",,,,,,
2017-01-10,"2,498.75",,,,,,
2017-01-09,"2,498.62",,,,,,
2017-01-08,"2,498.71",,,,,,
2017-01-07,"2,498.71",,,,,,
2017-01-06,"2,498.08",,,,,,
2017-01-05,"2,497.12",,,,,,
2017-01-04,"2,493.00",,,,,,
2017-01-03,"2,491.48",,,,,,
2017-01-02,"2,489.43",,,,,,
2017-01-01,"2,489.53",,,,,,
2016-12-31,"2,489.53",,,,,,
2016-12-30,"2,489.53",,,,,,
2016-12-29,"2,489.53",,,,,,
2016-12-28,"2,489.53",,,,,,
2016-12-27,"2,486.98",,,,,,
2016-12-26,"2,490.11",,,,,,
2016-12-25,"2,490.24",,,,,,
2016-12-24,"2,490.24",,,,,,
2016-12-23,"2,490.24",,,,,,
2016-12-22,"2,490.34",,,,,,
2016-12-21,"2,489.68",,,,,,
2016-12-20,"2,488.82",,,,,,
2016-12-19,"2,488.49",,,,,,
2016-12-18,"2,489.30",,,,,,
2016-12-17,"2,489.30",,,,,,
2016-12-16,"2,489.30",,,,,,
2016-12-15,"2,488.17",,,,,,
2016-12-14,"2,487.58",,,,,,
2016-12-13,"2,483.00",,,,,,
2016-12-12,"2,480.65",,,,,,
2016-12-11,"2,478.64",,,,,,
2016-12-10,"2,478.64",,,,,,
2016-12-09,"2,478.64",,,,,,
2016-12-08,"2,475.65",,,,,,
2016-12-07,"2,474.86",,,,,,
2016-12-06,"2,472.63",,,,,,
2016-12-05,"2,470.03",,,,,,
2016-12-04,"2,468.68",,,,,,
2016-12-03,"2,468.68",,,,,,
2016-12-02,"2,468.68",,,,,,
2016-12-01,"2,468.07",,,,,,
2016-11-30,"2,466.64",,,,,,
2016-11-29,"2,465.57",,,,,,
2016-11-28,"2,462.60",,,,,,
2016-11-27,"2,459.66",,,,,,
2016-11-26,"2,459.66",,,,,,
2016-11-25,"2,459.66",,,,,,
2016-11-24,"2,459.66",,,,,,
2016-11-23,"2,451.72",,,,,,
2016-11-22,"2,445.29",,,,,,
2016-11-21,"2,434.67",,,,,,
2016-11-20,"2,434.22",,,,,,
2016-11-19,"2,434.22",,,,,,
2016-11-18,"2,434.22",,,,,,
2016-11-17,"2,428.64",,,,,,
2016-11-16,"2,424.44",,,,,,
2016-11-15,"2,446.56",,,,,,
2016-11-14,"2,459.55",,,,,,
2016-11-13,"2,452.98",,,,,,
2016-11-12,"2,452.98",,,,,,
2016-11-11,"2,452.98",,,,,,
2016-11-10,"2,453.39",,,,,,
2016-11-09,"2,428.08",,,,,,
2016-11-08,"2,420.95",,,,,,
2016-11-07,"2,413.08",,,,,,
2016-11-06,"2,406.41",,,,,,
2016-11-05,"2,406.41",,,,,,
2016-11-04,"2,406.41",,,,,,
2016-11-03,"2,396.13",,,,,,
2016-11-02,"2,388.45",,,,,,
2016-11-01,"2,381.65",,,,,,
2016-10-31,"2,374.21",,,,,,
2016-10-30,"2,374.21",,,,,,
2016-10-29,"2,374.21",,,,,,
2016-10-28,"2,374.21",,,,,,
2016-10-27,"2,363.10",,,,,,
2016-10-26,"2,348.86",,,,,,
2016-10-25,"2,340.11",,,,,,
2016-10-24,"2,335.88",,,,,,
2016-10-23,"2,330.86",,,,,,
2016-10-22,"2,330.86",,,,,,
2016-10-21,"2,330.86",,,,,,
2016-10-20,"2,326.58",,,,,,
2016-10-19,"2,319.29",,,,,,
2016-10-18,"2,319.29",,,,,,
2016-10-17,"2,306.59",,,,,,
2016-10-16,"2,290.92",,,,,,
2016-10-15,"2,290.92",,,,,,
2016-10-14,"2,290.92",,,,,,
2016-10-13,"2,286.28",,,,,,
2016-10-12,"2,272.75",,,,,,
2016-10-11,"2,271.98",,,,,,
2016-10-10,"2,269.97",,,,,,
2016-10-09,"2,273.59",,,,,,
2016-10-08,"2,273.59",,,,,,
2016-10-07,"2,273.59",,,,,,
2016-10-06,"2,275.79",,,,,,
2016-10-05,"2,281.78",,,,,,
2016-10-04,"2,289.67",,,,,,
2016-10-03,"2,290.03",,,,,,
2016-10-02,"2,287.30",,,,,,
2016-10-01,"2,287.30",,,,,,
2016-09-30,"2,287.30",,,,,,
2016-09-29,"2,284.39",,,,,,
2016-09-28,"2,277.62",,,,,,
2016-09-27,"2,272.82",,,,,,
2016-09-26,"2,263.94",,,,,,
2016-09-25,"2,257.89",,,,,,
2016-09-24,"2,257.89",,,,,,
2016-09-23,"2,257.89",,,,,,
2016-09-22,"2,253.61",,,,,,
2016-09-21,"2,249.42",,,,,,
2016-09-20,"2,247.52",,,,,,
2016-09-19,"2,247.86",,,,,,
2016-09-18,"2,246.43",,,,,,
2016-09-17,"2,246.43",,,,,,
2016-09-16,"2,246.43",,,,,,
2016-09-15,"2,244.97",,,,,,
2016-09-14,"2,240.74",,,,,,
2016-09-13,"2,238.52",,,,,,
2016-09-12,"2,232.65",,,,,,
2016-09-11,"2,232.86",,,,,,
2016-09-10,"2,232.86",,,,,,
2016-09-09,"2,232.86",,,,,,
2016-09-08,"2,223.62",,,,,,
2016-09-07,"2,220.22",,,,,,
2016-09-06,"2,212.61",,,,,,
2016-09-05,"2,213.18",,,,,,
2016-09-04,"2,211.58",,,,,,
2016-09-03,"2,211.58",,,,,,
2016-09-02,"2,211.58",,,,,,
2016-09-01,"2,207.70",,,,,,
2016-08-31,"2,219.65",,,,,,
2016-08-30,"2,231.93",,,,,,
2016-08-29,"2,233.56",,,,,,
2016-08-28,"2,253.24",,,,,,
2016-08-27,"2,253.24",,,,,,
2016-08-26,"2,253.24",,,,,,
2016-08-25,"2,250.95",,,,,,
2016-08-24,"2,254.97",,,,,,
2016-08-23,"2,257.87",,,,,,
2016-08-22,"2,260.05",,,,,,
2016-08-21,"2,263.70",,,,,,
2016-08-20,"2,263.70",,,,,,
2016-08-19,"2,263.70",,,,,,
2016-08-18,"2,265.28",,,,,,
2016-08-17,"2,251.99",,,,,,
2016-08-16,"2,237.32",,,,,,
2016-08-15,"2,187.38",,,,,,
2016-08-14,"2,169.44",,,,,,
2016-08-13,"2,169.44",,,,,,
2016-08-12,"2,169.44",,,,,,
2016-08-11,"2,152.07",,,,,,
2016-08-10,"2,141.59",,,,,,
2016-08-09,"2,131.81",,,,,,
2016-08-08,"2,122.65",,,,,,
2016-08-07,"2,111.27",,,,,,
2016-08-06,"2,111.27",,,,,,
2016-08-05,"2,111.27",,,,,,
2016-08-04,"2,098.30",,,,,,
2016-08-03,"2,090.84",,,,,,
2016-08-02,"2,087.61",,,,,,
2016-08-01,"2,074.64",,,,,,
2016-07-31,"2,073.09",,,,,,
2016-07-30,"2,073.09",,,,,,
2016-07-29,"2,073.09",,,,,,
2016-07-28,"2,068.43",,,,,,
2016-07-27,"2,061.70",,,,,,
2016-07-26,"2,053.05",,,,,,
2016-07-25,"2,049.30",,,,,,
2016-07-24,"2,048.74",,,,,,
2016-07-23,"2,048.74",,,,,,
2016-07-22,"2,048.74",,,,,,
2016-07-21,"2,043.40",,,,,,
2016-07-20,"2,037.51",,,,,,
2016-07-19,"2,032.54",,,,,,
2016-07-18,"2,023.20",,,,,,
2016-07-17,"2,017.57",,,,,,
2016-07-16,"2,017.57",,,,,,
2016-07-15,"2,017.57",,,,,,
2016-07-14,"2,017.57",,,,,,
2016-07-13,"2,017.57",,,,,,
2016-07-12,"2,017.57",,,,,,
2016-07-11,"2,017.57",,,,,,
2016-07-10,"2,017.57",,,,,,
2016-07-09,"2,017.57",,,,,,
2016-07-08,"2,017.57",,,,,,
2016-07-07,"2,012.24",,,,,,
2016-07-06,"2,007.44",,,,,,
2016-07-05,"1,993.87",,,,,,
2016-07-04,"1,995.62",,,,,,
2016-07-03,"1,992.76",,,,,,
2016-07-02,"1,992.76",,,,,,
2016-07-01,"1,992.76",,,,,,
2016-06-30,"1,982.25",,,,,,
2016-06-29,"1,962.53",,,,,,
2016-06-28,"1,962.53",,,,,,
2016-06-27,"1,944.46",,,,,,
2016-06-26,"1,938.76",,,,,,
2016-06-25,"1,938.76",,,,,,
2016-06-24,"1,938.76",,,,,,
2016-06-23,"1,941.72",,,,,,
2016-06-22,"1,941.90",,,,,,
2016-06-21,"1,947.12",,,,,,
2016-06-20,"1,950.34",,,,,,
2016-06-19,"1,952.72",,,,,,
2016-06-18,"1,952.72",,,,,,
2016-06-17,"1,952.72",,,,,,
2016-06-16,"1,956.76",,,,,,
2016-06-15,"1,961.13",,,,,,
2016-06-14,"1,970.45",,,,,,
2016-06-13,"1,970.18",,,,,,
2016-06-12,"1,974.22",,,,,,
2016-06-11,"1,974.22",,,,,,
2016-06-10,"1,974.22",,,,,,
2016-06-09,"1,980.11",,,,,,
2016-06-08,"1,980.48",,,,,,
2016-06-07,"1,985.41",,,,,,
2016-06-06,"1,984.65",,,,,,
2016-06-05,"1,984.44",,,,,,
2016-06-04,"1,984.44",,,,,,
2016-06-03,"1,984.44",,,,,,
2016-06-02,"1,988.95",,,,,,
2016-06-01,"1,988.53",,,,,,
2016-05-31,"1,988.53",,,,,,
2016-05-30,"1,990.53",,,,,,
2016-05-29,"1,994.96",,,,,,
2016-05-28,"1,994.96",,,,,,
2016-05-27,"1,994.96",,,,,,
2016-05-26,"1,998.60",,,,,,
2016-05-25,"1,997.83",,,,,,
2016-05-24,"2,000.01",,,,,,
2016-05-23,"2,000.20",,,,,,
2016-05-22,"1,998.33",,,,,,
2016-05-21,"1,998.33",,,,,,
2016-05-20,"1,998.33",,,,,,
2016-05-19,"2,001.09",,,,,,
2016-05-18,"2,001.86",,,,,,
2016-05-17,"1,991.54",,,,,,
2016-05-16,"1,998.70",,,,,,
2016-05-15,"2,003.01",,,,,,
2016-05-14,"2,003.01",,,,,,
2016-05-13,"2,003.01",,,,,,
2016-05-12,"2,012.16",,,,,,
2016-05-11,"2,017.93",,,,,,
2016-05-10,"2,020.06",,,,,,
2016-05-09,"2,021.40",,,,,,
2016-05-08,"2,021.03",,,,,,
2016-05-07,"2,021.03",,,,,,
2016-05-06,"2,021.03",,,,,,
2016-05-05,"2,020.79",,,,,,
2016-05-04,"2,019.89",,,,,,
2016-05-03,"2,017.26",,,,,,
2016-05-02,"2,015.41",,,,,,
2016-05-01,"2,011.84",,,,,,
2016-04-30,"2,011.84",,,,,,
2016-04-29,"2,011.84",,,,,,
2016-04-28,"2,009.41",,,,,,
2016-04-27,"2,005.71",,,,,,
2016-04-26,"1,996.79",,,,,,
2016-04-25,"1,996.27",,,,,,
2016-04-24,"1,980.38",,,,,,
2016-04-23,"1,980.38",,,,,,
2016-04-22,"1,980.38",,,,,,
2016-04-21,"1,982.67",,,,,,
2016-04-20,"1,978.39",,,,,,
2016-04-19,"1,986.24",,,,,,
2016-04-18,"1,992.39",,,,,,
2016-04-17,"2,005.08",,,,,,
2016-04-16,"2,005.08",,,,,,
2016-04-15,"2,005.08",,,,,,
2016-04-14,"2,008.46",,,,,,
2016-04-13,"2,013.15",,,,,,
2016-04-12,"2,020.04",,,,,,
2016-04-11,"2,023.91",,,,,,
2016-04-10,"2,026.93",,,,,,
2016-04-09,"2,026.93",,,,,,
2016-04-08,"2,026.93",,,,,,
2016-04-07,"2,032.89",,,,,,
2016-04-06,"2,042.75",,,,,,
2016-04-05,"2,042.49",,,,,,
2016-04-04,"2,047.17",,,,,,
2016-04-03,"2,048.79",,,,,,
2016-04-02,"2,048.79",,,,,,
2016-04-01,"2,048.79",,,,,,
2016-03-31,"2,048.90",,,,,,
2016-03-30,"2,050.73",,,,,,
2016-03-29,"2,050.77",,,,,,
2016-03-28,"2,050.85",,,,,,
2016-03-27,"2,050.69",,,,,,
2016-03-26,"2,050.69",,,,,,
2016-03-25,"2,050.69",,,,,,
2016-03-24,"2,050.15",,,,,,
2016-03-23,"2,049.36",,,,,,
2016-03-22,"2,048.62",,,,,,
2016-03-21,"2,048.21",,,,,,
2016-03-20,"2,047.66",,,,,,
2016-03-19,"2,047.66",,,,,,
2016-03-18,"2,047.66",,,,,,
2016-03-17,"2,046.21",,,,,,
2016-03-16,"2,041.62",,,,,,
2016-03-15,"2,044.82",,,,,,
2016-03-14,"2,046.52",,,,,,
2016-03-13,"2,047.92",,,,,,
2016-03-12,"2,047.92",,,,,,
2016-03-10,"2,048.18",,,,,,
2016-03-09,"2,047.00",,,,,,
2016-03-08,"2,045.88",,,,,,
2016-03-07,"2,045.88",,,,,,
2016-03-06,"2,042.34",,,,,,
2016-03-05,"2,042.34",,,,,,
2016-03-04,"2,042.34",,,,,,
2016-03-03,"2,040.97",,,,,,
2016-03-02,"2,037.59",,,,,,
2016-03-01,"2,034.64",,,,,,
2016-02-29,"2,032.47",,,,,,
2016-02-28,"2,036.88",,,,,,
2016-02-27,"2,036.88",,,,,,
2016-02-26,"2,036.88",,,,,,
2016-02-25,"2,037.14",,,,,,
2016-02-24,"2,034.32",,,,,,
2016-02-23,"2,033.45",,,,,,
2016-02-22,"2,029.17",,,,,,
2016-02-21,"2,029.30",,,,,,
2016-02-20,"2,029.30",,,,,,
2016-02-19,"2,029.30",,,,,,
2016-02-18,"2,026.75",,,,,,
2016-02-17,"2,022.11",,,,,,
2016-02-16,"2,021.72",,,,,,
2016-02-15,"2,020.45",,,,,,
2016-02-14,"2,019.42",,,,,,
2016-02-13,"2,019.42",,,,,,
2016-02-12,"2,019.42",,,,,,
2016-02-11,"2,018.82",,,,,,
2016-02-10,"2,018.82",,,,,,
2016-02-09,"2,018.82",,,,,,
2016-02-08,"2,018.82",,,,,,
2016-02-07,"2,018.53",,,,,,
2016-02-06,"2,018.53",,,,,,
2016-02-05,"2,018.53",,,,,,
2016-02-04,"2,017.42",,,,,,
2016-02-03,"2,014.43",,,,,,
2016-02-02,"2,013.38",,,,,,
2016-02-01,"2,010.73",,,,,,
2016-01-30,"2,011.38",,,,,,
2016-01-29,"2,011.38",,,,,,
2016-01-28,"2,008.59",,,,,,
2016-01-27,"2,007.81",,,,,,
2016-01-26,"2,007.68",,,,,,
2016-01-25,"2,006.44",,,,,,
2016-01-24,"2,007.09",,,,,,
2016-01-23,"2,007.09",,,,,,
2016-01-22,"2,007.09",,,,,,
2016-01-21,"2,007.10",,,,,,
2016-01-20,"2,007.31",,,,,,
2016-01-19,"2,006.79",,,,,,
2016-01-18,"2,004.88",,,,,,
2016-01-17,"2,003.48",,,,,,
2016-01-16,"2,003.48",,,,,,
2016-01-15,"2,003.48",,,,,,
2016-01-14,"1,999.93",,,,,,
2016-01-13,"1,999.37",,,,,,
2016-01-12,"1,998.88",,,,,,
2016-01-11,"1,998.23",,,,,,
2016-01-10,"1,998.32",,,,,,
2016-01-09,"1,998.32",,,,,,
2016-01-08,"1,998.32",,,,,,
2016-01-07,"1,998.61",,,,,,
2016-01-06,"1,998.14",,,,,,
2016-01-05,"1,997.63",,,,,,
2016-01-04,"1,996.66",,,,,,
2016-01-03,"1,995.51",,,,,,
2016-01-02,"1,995.51",,,,,,
2016-01-01,"1,995.51",,,,,,
2015-12-31,"1,995.51",,,,,,
2015-12-30,"1,995.98",,,,,,
2015-12-29,"1,993.32",,,,,,
2015-12-28,"1,993.32",,,,,,
2015-12-27,"1,992.71",,,,,,
2015-12-26,"1,992.71",,,,,,
2015-12-25,"1,992.71",,,,,,
2015-12-24,"1,996.50",,,,,,
2015-12-23,"1,996.32",,,,,,
2015-12-22,"1,996.27",,,,,,
2015-12-21,"1,996.25",,,,,,
2015-12-20,"1,996.03",,,,,,
2015-12-19,"1,996.03",,,,,,
2015-12-18,"1,996.03",,,,,,
2015-12-17,"1,996.37",,,,,,
2015-12-16,"1,995.30",,,,,,
2015-12-15,"1,993.47",,,,,,
2015-12-14,"1,996.02",,,,,,
2015-12-13,"1,994.16",,,,,,
2015-12-12,"1,994.16",,,,,,
2015-12-11,"1,994.16",,,,,,
2015-12-10,"1,997.42",,,,,,
2015-12-09,"1,997.56",,,,,,
2015-12-08,"1,997.36",,,,,,
2015-12-07,"1,997.04",,,,,,
2015-12-06,"1,996.90",,,,,,
2015-12-05,"1,996.90",,,,,,
2015-12-04,"1,996.90",,,,,,
2015-12-03,"1,996.77",,,,,,
2015-12-02,"1,995.86",,,,,,
2015-12-01,"1,995.39",,,,,,
2015-11-30,"1,994.83",,,,,,
2015-11-29,"1,994.28",,,,,,
2015-11-28,"1,994.28",,,,,,
2015-11-27,"1,994.28",,,,,,
2015-11-26,"1,994.36",,,,,,
2015-11-25,"1,993.81",,,,,,
2015-11-24,"1,993.84",,,,,,
2015-11-23,"1,993.42",,,,,,
2015-11-22,"1,992.95",,,,,,
2015-11-21,"1,992.95",,,,,,
2015-11-20,"1,992.95",,,,,,
2015-11-19,"1,993.46",,,,,,
2015-11-18,"1,992.76",,,,,,
2015-11-17,"1,991.70",,,,,,
2015-11-16,"1,991.59",,,,,,
2015-11-15,"1,989.53",,,,,,
2015-11-14,"1,989.53",,,,,,
2015-11-13,"1,989.53",,,,,,
2015-11-12,"1,993.09",,,,,,
2015-11-11,"1,993.09",,,,,,
2015-11-10,"1,992.84",,,,,,
2015-11-09,"1,992.79",,,,,,
2015-11-08,"1,992.09",,,,,,
2015-11-07,"1,992.09",,,,,,
2015-11-06,"1,992.09",,,,,,
2015-11-05,"1,993.15",,,,,,
2015-11-04,"1,992.52",,,,,,
2015-11-03,"1,992.84",,,,,,
2015-11-02,"1,992.09",,,,,,
2015-11-01,"1,991.67",,,,,,
2015-10-31,"1,991.67",,,,,,
2015-10-30,"1,991.67",,,,,,
2015-10-29,"1,990.43",,,,,,
2015-10-28,"1,992.12",,,,,,
2015-10-27,"1,991.30",,,,,,
2015-10-26,"1,993.26",,,,,,
2015-10-25,"1,991.70",,,,,,
2015-10-24,"1,991.70",,,,,,
2015-10-23,"1,991.70",,,,,,
2015-10-22,"1,992.26",,,,,,
2015-10-21,"1,991.98",,,,,,
2015-10-20,"1,991.22",,,,,,
2015-10-19,"1,992.53",,,,,,
2015-10-18,"1,992.78",,,,,,
2015-10-17,"1,992.78",,,,,,
2015-10-16,"1,992.78",,,,,,
2015-10-15,"1,990.36",,,,,,
2015-10-14,"1,994.64",,,,,,
2015-10-13,"1,994.43",,,,,,
2015-10-12,"1,994.63",,,,,,
2015-10-11,"1,994.45",,,,,,
2015-10-10,"1,994.45",,,,,,
2015-10-09,"1,994.45",,,,,,
2015-10-08,"1,993.59",,,,,,
2015-10-07,"1,995.99",,,,,,
2015-10-06,"1,995.06",,,,,,
2015-10-05,"1,996.34",,,,,,
2015-10-04,"1,996.69",,,,,,
2015-10-03,"1,996.69",,,,,,
2015-10-02,"1,996.69",,,,,,
2015-10-01,"1,996.27",,,,,,
2015-09-30,"1,996.83",,,,,,
2015-09-29,"1,996.99",,,,,,
2015-09-28,"1,993.89",,,,,,
2015-09-27,"1,996.76",,,,,,
2015-09-26,"1,996.76",,,,,,
2015-09-25,"1,996.76",,,,,,
2015-09-24,"1,996.27",,,,,,
2015-09-23,"1,995.28",,,,,,
2015-09-22,"1,995.17",,,,,,
2015-09-21,"1,993.66",,,,,,
2015-09-20,"1,993.59",,,,,,
2015-09-19,"1,993.59",,,,,,
2015-09-18,"1,993.59",,,,,,
2015-09-17,"1,992.50",,,,,,
2015-09-16,"1,990.09",,,,,,
2015-09-15,"1,986.49",,,,,,
2015-09-14,"1,993.94",,,,,,
2015-09-13,"1,997.26",,,,,,
2015-09-12,"1,997.26",,,,,,
2015-09-11,"1,997.26",,,,,,
2015-09-10,"1,995.73",,,,,,
2015-09-09,"1,994.89",,,,,,
2015-09-08,"1,993.35",,,,,,
2015-09-07,"1,989.47",,,,,,
2015-09-06,"1,993.28",,,,,,
2015-09-05,"1,993.28",,,,,,
2015-09-04,"1,993.28",,,,,,
2015-09-03,"1,993.93",,,,,,
2015-09-02,"1,991.91",,,,,,
2015-09-01,"1,992.17",,,,,,
2015-08-31,"1,991.49",,,,,,
2015-08-30,"1,991.88",,,,,,
2015-08-29,"1,991.88",,,,,,
2015-08-28,"1,991.88",,,,,,
2015-08-27,"1,992.18",,,,,,
2015-08-26,"1,992.65",,,,,,
2015-08-25,"1,990.56",,,,,,
2015-08-24,"1,989.59",,,,,,
2015-08-23,"1,992.69",,,,,,
2015-08-22,"1,992.69",,,,,,
2015-08-21,"1,992.69",,,,,,
2015-08-20,"1,991.89",,,,,,
2015-08-19,"1,993.22",,,,,,
2015-08-18,"1,991.57",,,,,,
2015-08-17,"1,992.93",,,,,,
2015-08-16,"1,992.16",,,,,,
2015-08-15,"1,992.16",,,,,,
2015-08-14,"1,992.16",,,,,,
2015-08-13,"1,991.18",,,,,,
2015-08-12,"1,990.59",,,,,,
2015-08-11,"1,989.00",,,,,,
2015-08-10,"1,988.42",,,,,,
2015-08-09,"1,987.92",,,,,,
2015-08-08,"1,987.92",,,,,,
2015-08-07,"1,987.92",,,,,,
2015-08-06,"1,987.84",,,,,,
2015-08-05,"1,987.99",,,,,,
2015-08-04,"1,988.03",,,,,,
2015-08-03,"1,986.27",,,,,,
2015-08-02,"1,985.06",,,,,,
2015-08-01,"1,985.06",,,,,,
2015-07-31,"1,985.06",,,,,,
2015-07-30,"1,985.06",,,,,,
2015-07-29,"1,982.42",,,,,,
2015-07-28,"1,978.80",,,,,,
2015-07-27,"1,984.84",,,,,,
2015-07-26,"1,985.06",,,,,,
2015-07-25,"1,985.06",,,,,,
2015-07-24,"1,985.06",,,,,,
2015-07-23,"1,986.88",,,,,,
2015-07-22,"1,978.29",,,,,,
2015-07-21,"1,974.79",,,,,,
2015-07-20,"1,976.44",,,,,,
2015-07-19,"1,984.28",,,,,,
2015-07-18,"1,984.28",,,,,,
2015-07-17,"1,984.28",,,,,,
2015-07-16,"1,983.41",,,,,,
2015-07-15,"1,973.45",,,,,,
2015-07-14,"1,973.45",,,,,,
2015-07-13,"1,973.45",,,,,,
2015-07-12,"1,973.45",,,,,,
2015-07-11,"1,973.45",,,,,,
2015-07-10,"1,973.45",,,,,,
2015-07-09,"1,971.62",,,,,,
2015-07-08,"1,967.05",,,,,,
2015-07-07,"1,972.54",,,,,,
2015-07-06,"1,972.08",,,,,,
2015-07-05,"1,976.72",,,,,,
2015-07-04,"1,976.72",,,,,,
2015-07-03,"1,976.72",,,,,,
2015-07-02,"1,977.48",,,,,,
2015-07-01,"1,969.39",,,,,,
2015-06-30,"1,963.56",,,,,,
2015-06-29,"1,953.19",,,,,,
2015-06-28,"1,948.93",,,,,,
2015-06-27,"1,948.93",,,,,,
2015-06-26,"1,948.93",,,,,,
2015-06-25,"1,942.56",,,,,,
2015-06-24,"1,931.93",,,,,,
2015-06-23,"1,928.90",,,,,,
2015-06-22,"1,923.22",,,,,,
2015-06-21,"1,917.38",,,,,,
2015-06-20,"1,917.38",,,,,,
2015-06-19,"1,917.38",,,,,,
2015-06-18,"1,913.32",,,,,,
2015-06-17,"1,898.95",,,,,,
2015-06-16,"1,882.64",,,,,,
2015-06-15,"1,872.13",,,,,,
2015-06-14,"1,862.17",,,,,,
2015-06-13,"1,862.17",,,,,,
2015-06-12,"1,862.17",,,,,,
2015-06-11,"1,863.61",,,,,,
2015-06-10,"1,863.41",,,,,,
2015-06-09,"1,866.47",,,,,,
2015-06-08,"1,869.69",,,,,,
2015-06-07,"1,877.91",,,,,,
2015-06-06,"1,877.91",,,,,,
2015-06-05,"1,877.91",,,,,,
2015-06-04,"1,890.81",,,,,,
2015-06-03,"1,896.38",,,,,,
2015-06-02,"1,901.92",,,,,,
2015-06-01,"1,907.32",,,,,,
2015-05-31,"1,907.32",,,,,,
2015-05-30,"1,907.32",,,,,,
2015-05-29,"1,907.32",,,,,,
2015-05-28,"1,914.13",,,,,,
2015-05-27,"1,917.55",,,,,,
2015-05-26,"1,925.01",,,,,,
2015-05-25,"1,927.89",,,,,,
2015-05-24,"1,935.23",,,,,,
2015-05-23,"1,935.23",,,,,,
2015-05-22,"1,935.23",,,,,,
2015-05-21,"1,936.77",,,,,,
2015-05-20,"1,939.09",,,,,,
2015-05-19,"1,940.60",,,,,,
2015-05-18,"1,940.73",,,,,,
2015-05-17,"1,943.19",,,,,,
2015-05-16,"1,943.19",,,,,,
2015-05-15,"1,943.19",,,,,,
2015-05-14,"1,943.88",,,,,,
2015-05-13,"1,943.34",,,,,,
2015-05-12,"1,944.13",,,,,,
2015-05-11,"1,945.45",,,,,,
2015-05-10,"1,947.56",,,,,,
2015-05-09,"1,947.56",,,,,,
2015-05-08,"1,947.56",,,,,,
2015-05-07,"1,948.51",,,,,,
2015-05-06,"1,952.93",,,,,,
2015-05-05,"1,954.19",,,,,,
2015-05-04,"1,958.09",,,,,,
2015-05-03,"1,959.23",,,,,,
2015-05-02,"1,959.23",,,,,,
2015-05-01,"1,959.23",,,,,,
2015-04-30,"1,960.41",,,,,,
2015-04-29,"1,962.33",,,,,,
2015-04-28,"1,963.03",,,,,,
2015-04-27,"1,963.84",,,,,,
2015-04-26,"1,962.81",,,,,,
2015-04-25,"1,962.81",,,,,,
2015-04-24,"1,962.81",,,,,,
2015-04-23,"1,964.01",,,,,,
2015-04-22,"1,964.66",,,,,,
2015-04-21,"1,969.85",,,,,,
2015-04-20,"1,970.35",,,,,,
2015-04-19,"1,970.79",,,,,,
2015-04-18,"1,970.79",,,,,,
2015-04-17,"1,970.79",,,,,,
2015-04-16,"1,980.61",,,,,,
2015-04-15,"1,982.99",,,,,,
2015-04-14,"1,984.52",,,,,,
2015-04-13,"1,984.15",,,,,,
2015-04-12,"1,985.10",,,,,,
2015-04-11,"1,985.10",,,,,,
2015-04-10,"1,985.10",,,,,,
2015-04-09,"1,985.95",,,,,,
2015-04-08,"1,986.16",,,,,,
2015-04-07,"1,986.45",,,,,,
2015-04-06,"1,986.04",,,,,,
2015-04-05,"1,985.85",,,,,,
2015-04-04,"1,985.85",,,,,,
2015-04-03,"1,985.85",,,,,,
2015-04-02,"1,985.40",,,,,,
2015-04-01,"1,983.05",,,,,,
2015-03-31,"1,984.69",,,,,,
2015-03-30,"1,982.09",,,,,,
2015-03-29,"1,985.14",,,,,,
2015-03-28,"1,985.14",,,,,,
2015-03-27,"1,985.14",,,,,,
2015-03-26,"1,989.51",,,,,,
2015-03-25,"1,993.92",,,,,,
2015-03-24,"1,992.63",,,,,,
2015-03-23,"1,986.55",,,,,,
2015-03-22,"1,989.71",,,,,,
2015-03-21,"1,989.71",,,,,,
2015-03-20,"1,989.71",,,,,,
2015-03-19,"1,989.92",,,,,,
2015-03-18,"1,989.18",,,,,,
2015-03-17,"1,988.42",,,,,,
2015-03-16,"1,985.10",,,,,,
2015-03-15,"1,987.43",,,,,,
2015-03-14,"1,987.43",,,,,,
2015-03-13,"1,987.43",,,,,,
2015-03-12,"1,988.19",,,,,,
2015-03-11,"1,988.54",,,,,,
2015-03-10,"1,987.98",,,,,,
2015-03-09,"1,986.45",,,,,,
2015-03-08,"1,985.51",,,,,,
2015-03-07,"1,985.51",,,,,,
2015-03-06,"1,985.51",,,,,,
2015-03-05,"1,984.44",,,,,,
2015-03-04,"1,979.20",,,,,,
2015-03-03,"1,977.95",,,,,,
2015-03-02,"1,974.25",,,,,,
2015-03-01,"1,974.52",,,,,,
2015-02-28,"1,974.52",,,,,,
2015-02-27,"1,974.52",,,,,,
2015-02-26,"1,973.53",,,,,,
2015-02-25,"1,982.89",,,,,,
2015-02-24,"1,975.95",,,,,,
2015-02-23,"1,974.69",,,,,,
2015-02-22,"1,973.57",,,,,,
2015-02-21,"1,973.57",,,,,,
2015-02-20,"1,973.57",,,,,,
2015-02-19,"1,973.57",,,,,,
2015-02-18,"1,973.57",,,,,,
2015-02-17,"1,968.61",,,,,,
2015-02-16,"1,965.08",,,,,,
2015-02-15,"1,961.42",,,,,,
2015-02-14,"1,961.42",,,,,,
2015-02-13,"1,961.42",,,,,,
2015-02-12,"1,961.25",,,,,,
2015-02-11,"1,957.58",,,,,,
2015-02-10,"1,956.17",,,,,,
2015-02-09,"1,951.09",,,,,,
2015-02-08,"1,949.09",,,,,,
2015-02-07,"1,949.09",,,,,,
2015-02-06,"1,949.09",,,,,,
2015-02-05,"1,949.54",,,,,,
2015-02-04,"1,946.07",,,,,,
2015-02-03,"1,946.23",,,,,,
2015-02-02,"1,944.24",,,,,,
2015-02-01,"1,944.78",,,,,,
2015-01-31,"1,944.78",,,,,,
2015-01-30,"1,944.78",,,,,,
2015-01-29,"1,943.97",,,,,,
2015-01-28,"1,943.64",,,,,,
2015-01-27,"1,944.61",,,,,,
2015-01-26,"1,944.02",,,,,,
2015-01-25,"1,944.06",,,,,,
2015-01-24,"1,944.06",,,,,,
2015-01-23,"1,944.06",,,,,,
2015-01-22,"1,944.43",,,,,,
2015-01-21,"1,942.39",,,,,,
2015-01-20,"1,940.80",,,,,,
2015-01-19,"1,936.78",,,,,,
2015-01-18,"1,932.86",,,,,,
2015-01-17,"1,932.86",,,,,,
2015-01-16,"1,932.86",,,,,,
2015-01-15,"1,940.20",,,,,,
2015-01-14,"1,938.97",,,,,,
2015-01-13,"1,933.44",,,,,,
2015-01-12,"1,929.59",,,,,,
2015-01-11,"1,926.44",,,,,,
2015-01-10,"1,926.44",,,,,,
2015-01-09,"1,925.91",,,,,,
2015-01-08,"1,924.90",,,,,,
2015-01-07,"1,909.47",,,,,,
2015-01-06,"1,902.52",,,,,,
2015-01-05,"1,892.91",,,,,,
2015-01-04,"1,888.44",,,,,,
2015-01-03,"1,888.44",,,,,,
2015-01-02,"1,888.44",,,,,,
2015-01-01,"1,888.44",,,,,,
2014-12-31,"1,888.44",,,,,,
2014-12-30,"1,885.60",,,,,,
2014-12-29,"1,884.33",,,,,,
2014-12-28,"1,884.33",,,,,,
2014-12-27,"1,884.33",,,,,,
2014-12-26,"1,884.33",,,,,,
2014-12-25,"1,881.02",,,,,,
2014-12-24,"1,881.48",,,,,,
2014-12-23,"1,878.16",,,,,,
2014-12-22,"1,869.98",,,,,,
2014-12-21,"1,871.32",,,,,,
2014-12-20,"1,871.32",,,,,,
2014-12-19,"1,871.32",,,,,,
2014-12-18,"1,890.02",,,,,,
2014-12-17,"1,897.10",,,,,,
2014-12-16,"1,895.89",,,,,,
2014-12-15,"1,891.30",,,,,,
2014-12-14,"1,889.95",,,,,,
2014-12-13,"1,889.95",,,,,,
2014-12-12,"1,889.95",,,,,,
2014-12-11,"1,888.44",,,,,,
2014-12-10,"1,882.04",,,,,,
2014-12-09,"1,880.37",,,,,,
2014-12-08,"1,879.17",,,,,,
2014-12-07,"1,875.73",,,,,,
2014-12-06,"1,875.73",,,,,,
2014-12-05,"1,875.73",,,,,,
2014-12-04,"1,875.37",,,,,,
2014-12-03,"1,875.59",,,,,,
2014-12-02,"1,875.74",,,,,,
2014-12-01,"1,888.95",,,,,,
2014-11-30,"1,895.17",,,,,,
2014-11-29,"1,895.17",,,,,,
2014-11-28,"1,895.17",,,,,,
2014-11-27,"1,895.32",,,,,,
2014-11-26,"1,892.79",,,,,,
2014-11-25,"1,890.43",,,,,,
2014-11-24,"1,887.83",,,,,,
2014-11-23,"1,885.80",,,,,,
2014-11-22,"1,885.80",,,,,,
2014-11-21,"1,885.80",,,,,,
2014-11-20,"1,883.13",,,,,,
2014-11-19,"1,881.65",,,,,,
2014-11-18,"1,879.23",,,,,,
2014-11-17,"1,878.36",,,,,,
2014-11-16,"1,876.45",,,,,,
2014-11-15,"1,876.45",,,,,,
2014-11-14,"1,876.45",,,,,,
2014-11-13,"1,876.90",,,,,,
2014-11-12,"1,874.86",,,,,,
2014-11-11,"1,873.54",,,,,,
2014-11-10,"1,873.43",,,,,,
2014-11-09,"1,873.41",,,,,,
2014-11-08,"1,873.41",,,,,,
2014-11-07,"1,873.41",,,,,,
2014-11-06,"1,873.23",,,,,,
2014-11-05,"1,868.58",,,,,,
2014-11-04,"1,869.21",,,,,,
2014-11-03,"1,866.02",,,,,,
2014-11-02,"1,862.36",,,,,,
2014-11-01,"1,862.36",,,,,,
2014-10-31,"1,862.36",,,,,,
2014-10-30,"1,861.20",,,,,,
2014-10-29,"1,857.30",,,,,,
2014-10-28,"1,856.44",,,,,,
2014-10-27,"1,854.56",,,,,,
2014-10-26,"1,853.21",,,,,,
2014-10-25,"1,853.21",,,,,,
2014-10-24,"1,853.21",,,,,,
2014-10-23,"1,853.30",,,,,,
2014-10-22,"1,852.67",,,,,,
2014-10-21,"1,852.31",,,,,,
2014-10-20,"1,851.39",,,,,,
2014-10-19,"1,850.11",,,,,,
2014-10-18,"1,850.11",,,,,,
2014-10-17,"1,850.11",,,,,,
2014-10-16,"1,850.53",,,,,,
2014-10-15,"1,849.72",,,,,,
2014-10-14,"1,848.75",,,,,,
2014-10-13,"1,845.71",,,,,,
2014-10-12,"1,846.47",,,,,,
2014-10-11,"1,846.47",,,,,,
2014-10-10,"1,846.47",,,,,,
2014-10-09,"1,846.28",,,,,,
2014-10-08,"1,844.48",,,,,,
2014-10-07,"1,843.76",,,,,,
2014-10-06,"1,842.95",,,,,,
2014-10-05,"1,842.21",,,,,,
2014-10-04,"1,842.21",,,,,,
2014-10-03,"1,842.21",,,,,,
2014-10-02,"1,841.54",,,,,,
2014-10-01,"1,841.35",,,,,,
2014-09-30,"1,840.91",,,,,,
2014-09-29,"1,840.54",,,,,,
2014-09-28,"1,839.34",,,,,,
2014-09-27,"1,839.34",,,,,,
2014-09-26,"1,839.34",,,,,,
2014-09-25,"1,839.04",,,,,,
2014-09-24,"1,839.30",,,,,,
2014-09-23,"1,838.97",,,,,,
2014-09-22,"1,838.99",,,,,,
2014-09-21,"1,838.84",,,,,,
2014-09-20,"1,838.84",,,,,,
2014-09-19,"1,838.84",,,,,,
2014-09-18,"1,838.75",,,,,,
2014-09-17,"1,842.61",,,,,,
2014-09-16,"1,843.84",,,,,,
2014-09-15,"1,844.12",,,,,,
2014-09-14,"1,844.22",,,,,,
2014-09-13,"1,844.22",,,,,,
2014-09-12,"1,844.22",,,,,,
2014-09-11,"1,844.59",,,,,,
2014-09-10,"1,842.63",,,,,,
2014-09-09,"1,841.35",,,,,,
2014-09-08,"1,836.72",,,,,,
2014-09-07,"1,834.51",,,,,,
2014-09-06,"1,834.51",,,,,,
2014-09-05,"1,834.51",,,,,,
2014-09-04,"1,832.41",,,,,,
2014-09-03,"1,819.24",,,,,,
2014-09-02,"1,802.97",,,,,,
2014-09-01,"1,802.50",,,,,,
2014-08-31,"1,811.03",,,,,,
2014-08-30,"1,811.03",,,,,,
2014-08-29,"1,811.03",,,,,,
2014-08-28,"1,817.66",,,,,,
2014-08-27,"1,826.34",,,,,,
2014-08-26,"1,829.01",,,,,,
2014-08-25,"1,835.86",,,,,,
2014-08-24,"1,847.70",,,,,,
2014-08-23,"1,847.70",,,,,,
2014-08-22,"1,847.70",,,,,,
2014-08-21,"1,855.58",,,,,,
2014-08-20,"1,858.68",,,,,,
2014-08-19,"1,859.45",,,,,,
2014-08-18,"1,871.57",,,,,,
2014-08-17,"1,886.67",,,,,,
2014-08-16,"1,886.67",,,,,,
2014-08-15,"1,886.67",,,,,,
2014-08-14,"1,897.73",,,,,,
2014-08-13,"1,891.98",,,,,,
2014-08-12,"1,888.01",,,,,,
2014-08-11,"1,884.00",,,,,,
2014-08-10,"1,880.99",,,,,,
2014-08-09,"1,880.99",,,,,,
2014-08-08,"1,880.99",,,,,,
2014-08-07,"1,878.81",,,,,,
2014-08-06,"1,874.73",,,,,,
2014-08-05,"1,872.15",,,,,,
2014-08-04,"1,869.77",,,,,,
2014-08-03,"1,867.78",,,,,,
2014-08-02,"1,867.78",,,,,,
2014-08-01,"1,867.78",,,,,,
2014-07-31,"1,870.92",,,,,,
2014-07-30,"1,870.00",,,,,,
2014-07-29,"1,867.19",,,,,,
2014-07-28,"1,860.88",,,,,,
2014-07-27,"1,856.92",,,,,,
2014-07-26,"1,856.92",,,,,,
2014-07-25,"1,856.92",,,,,,
2014-07-24,"1,853.09",,,,,,
2014-07-23,"1,849.51",,,,,,
2014-07-22,"1,846.65",,,,,,
2014-07-21,"1,843.90",,,,,,
2014-07-20,"1,841.93",,,,,,
2014-07-19,"1,841.93",,,,,,
2014-07-18,"1,841.93",,,,,,
2014-07-17,"1,840.25",,,,,,
2014-07-16,"1,836.95",,,,,,
2014-07-15,"1,838.54",,,,,,
2014-07-14,"1,838.54",,,,,,
2014-07-13,"1,838.54",,,,,,
2014-07-12,"1,838.54",,,,,,
2014-07-11,"1,838.54",,,,,,
2014-07-10,"1,838.54",,,,,,
2014-07-09,"1,834.71",,,,,,
2014-07-08,"1,832.65",,,,,,
2014-07-07,"1,829.87",,,,,,
2014-07-06,"1,827.70",,,,,,
2014-07-05,"1,827.70",,,,,,
2014-07-04,"1,827.70",,,,,,
2014-07-03,"1,826.95",,,,,,
2014-07-02,"1,826.30",,,,,,
2014-07-01,"1,826.41",,,,,,
2014-06-30,"1,825.74",,,,,,
2014-06-29,"1,825.84",,,,,,
2014-06-28,"1,825.84",,,,,,
2014-06-27,"1,825.84",,,,,,
2014-06-26,"1,826.56",,,,,,
2014-06-25,"1,825.67",,,,,,
2014-06-24,"1,825.13",,,,,,
2014-06-23,"1,824.65",,,,,,
2014-06-22,"1,824.10",,,,,,
2014-06-21,"1,824.10",,,,,,
2014-06-20,"1,824.10",,,,,,
2014-06-19,"1,824.94",,,,,,
2014-06-18,"1,823.20",,,,,,
2014-06-17,"1,825.14",,,,,,
2014-06-16,"1,824.55",,,,,,
2014-06-15,"1,824.14",,,,,,
2014-06-14,"1,824.14",,,,,,
2014-06-13,"1,824.14",,,,,,
2014-06-12,"1,824.70",,,,,,
2014-06-11,"1,824.78",,,,,,
2014-06-10,"1,824.83",,,,,,
2014-06-09,"1,823.34",,,,,,
2014-06-08,"1,825.21",,,,,,
2014-06-07,"1,825.21",,,,,,
2014-06-06,"1,825.21",,,,,,
2014-06-05,"1,826.30",,,,,,
2014-06-04,"1,823.62",,,,,,
2014-06-03,"1,823.82",,,,,,
2014-06-02,"1,821.08",,,,,,
2014-06-01,"1,818.65",,,,,,
2014-05-31,"1,818.65",,,,,,
2014-05-30,"1,818.65",,,,,,
2014-05-29,"1,818.32",,,,,,
2014-05-28,"1,821.46",,,,,,
2014-05-27,"1,825.34",,,,,,
2014-05-26,"1,821.39",,,,,,
2014-05-25,"1,825.14",,,,,,
2014-05-24,"1,825.14",,,,,,
2014-05-23,"1,825.14",,,,,,
2014-05-22,"1,826.09",,,,,,
2014-05-21,"1,824.55",,,,,,
2014-05-20,"1,819.32",,,,,,
2014-05-19,"1,812.51",,,,,,
2014-05-18,"1,816.40",,,,,,
2014-05-17,"1,816.40",,,,,,
2014-05-16,"1,816.40",,,,,,
2014-05-15,"1,818.55",,,,,,
2014-05-14,"1,813.99",,,,,,
2014-05-13,"1,810.68",,,,,,
2014-05-12,"1,808.13",,,,,,
2014-05-11,"1,808.90",,,,,,
2014-05-10,"1,808.90",,,,,,
2014-05-09,"1,808.90",,,,,,
2014-05-08,"1,806.72",,,,,,
2014-05-07,"1,801.97",,,,,,
2014-05-06,"1,800.05",,,,,,
2014-05-05,"1,798.29",,,,,,
2014-05-04,"1,796.01",,,,,,
2014-05-03,"1,796.01",,,,,,
2014-05-02,"1,796.01",,,,,,
2014-05-01,"1,795.35",,,,,,
2014-04-30,"1,796.19",,,,,,
2014-04-29,"1,796.94",,,,,,
2014-04-28,"1,792.29",,,,,,
2014-04-27,"1,790.48",,,,,,
2014-04-26,"1,790.48",,,,,,
2014-04-25,"1,790.48",,,,,,
2014-04-24,"1,788.46",,,,,,
2014-04-23,"1,785.37",,,,,,
2014-04-22,"1,784.83",,,,,,
2014-04-21,"1,781.27",,,,,,
2014-04-20,"1,781.38",,,,,,
2014-04-19,"1,781.38",,,,,,
2014-04-18,"1,781.38",,,,,,
2014-04-17,"1,779.92",,,,,,
2014-04-16,"1,778.40",,,,,,
2014-04-15,"1,778.89",,,,,,
2014-04-14,"1,779.12",,,,,,
2014-04-13,"1,778.78",,,,,,
2014-04-12,"1,778.78",,,,,,
2014-04-11,"1,778.78",,,,,,
2014-04-10,"1,780.86",,,,,,
2014-04-09,"1,782.46",,,,,,
2014-04-08,"1,782.12",,,,,,
2014-04-07,"1,778.05",,,,,,
2014-04-06,"1,784.87",,,,,,
2014-04-05,"1,784.87",,,,,,
2014-04-04,"1,784.87",,,,,,
2014-04-03,"1,784.49",,,,,,
2014-04-02,"1,782.76",,,,,,
2014-04-01,"1,782.55",,,,,,
2014-03-31,"1,782.01",,,,,,
2014-03-30,"1,782.54",,,,,,
2014-03-29,"1,782.54",,,,,,
2014-03-28,"1,782.54",,,,,,
2014-03-27,"1,784.28",,,,,,
2014-03-26,"1,785.16",,,,,,
2014-03-25,"1,781.28",,,,,,
2014-03-24,"1,778.93",,,,,,
2014-03-23,"1,775.80",,,,,,
2014-03-22,"1,775.80",,,,,,
2014-03-21,"1,775.80",,,,,,
2014-03-20,"1,773.96",,,,,,
2014-03-19,"1,769.87",,,,,,
2014-03-18,"1,768.81",,,,,,
2014-03-17,"1,767.93",,,,,,
2014-03-16,"1,764.80",,,,,,
2014-03-15,"1,764.80",,,,,,
2014-03-14,"1,764.80",,,,,,
2014-03-13,"1,767.94",,,,,,
2014-03-12,"1,768.58",,,,,,
2014-03-11,"1,775.30",,,,,,
2014-03-10,"1,776.97",,,,,,
2014-03-09,"1,775.05",,,,,,
2014-03-08,"1,775.05",,,,,,
2014-03-07,"1,775.05",,,,,,
2014-03-06,"1,770.73",,,,,,
2014-03-05,"1,766.52",,,,,,
2014-03-04,"1,750.33",,,,,,
2014-03-03,"1,751.61",,,,,,
2014-03-02,"1,752.38",,,,,,
2014-03-01,"1,752.38",,,,,,
2014-02-28,"1,752.38",,,,,,
2014-02-27,"1,787.59",,,,,,
2014-02-26,"1,783.94",,,,,,
2014-02-25,"1,780.82",,,,,,
2014-02-24,"1,776.11",,,,,,
2014-02-23,"1,769.66",,,,,,
2014-02-22,"1,769.66",,,,,,
2014-02-21,"1,769.66",,,,,,
2014-02-20,"1,761.96",,,,,,
2014-02-19,"1,755.88",,,,,,
2014-02-18,"1,748.83",,,,,,
2014-02-17,"1,749.80",,,,,,
2014-02-16,"1,749.68",,,,,,
2014-02-15,"1,749.68",,,,,,
2014-02-14,"1,749.68",,,,,,
2014-02-13,"1,748.69",,,,,,
2014-02-12,"1,747.58",,,,,,
2014-02-11,"1,744.10",,,,,,
2014-02-10,"1,741.45",,,,,,
2014-02-09,"1,736.65",,,,,,
2014-02-08,"1,736.65",,,,,,
2014-02-07,"1,736.65",,,,,,
2014-02-06,"1,730.29",,,,,,
2014-02-05,"1,728.95",,,,,,
2014-02-04,"1,726.32",,,,,,
2014-02-03,"1,722.89",,,,,,
2014-02-02,"1,723.22",,,,,,
2014-02-01,"1,723.22",,,,,,
2014-01-31,"1,723.22",,,,,,
2014-01-30,"1,723.22",,,,,,
2014-01-29,"1,721.85",,,,,,
2014-01-28,"1,723.21",,,,,,
2014-01-27,"1,722.55",,,,,,
2014-01-26,"1,723.26",,,,,,
2014-01-25,"1,723.26",,,,,,
2014-01-24,"1,723.26",,,,,,
2014-01-23,"1,723.47",,,,,,
2014-01-22,"1,719.92",,,,,,
2014-01-21,"1,717.31",,,,,,
2014-01-20,"1,716.17",,,,,,
2014-01-19,"1,712.17",,,,,,
2014-01-18,"1,712.17",,,,,,
2014-01-17,"1,712.17",,,,,,
2014-01-16,"1,708.18",,,,,,
2014-01-15,"1,702.94",,,,,,
2014-01-14,"1,704.70",,,,,,
2014-01-13,"1,712.39",,,,,,
2014-01-12,"1,722.19",,,,,,
2014-01-11,"1,722.19",,,,,,
2014-01-10,"1,722.19",,,,,,
2014-01-09,"1,736.61",,,,,,
2014-01-08,"1,722.74",,,,,,
2014-01-07,"1,721.16",,,,,,
2014-01-06,"1,693.04",,,,,,
2014-01-05,"1,693.96",,,,,,
2014-01-04,"1,693.96",,,,,,
2014-01-03,"1,693.96",,,,,,
2014-01-02,"1,678.37",,,,,,
2014-01-01,"1,659.34",,,,,,
2013-12-31,"1,659.34",,,,,,
2013-12-30,"1,654.10",,,,,,
2013-12-29,"1,638.81",,,,,,
2013-12-28,"1,638.81",,,,,,
2013-12-27,"1,638.81",,,,,,
2013-12-26,"1,625.54",,,,,,
2013-12-25,"1,617.27",,,,,,
2013-12-24,"1,620.27",,,,,,
2013-12-23,"1,630.03",,,,,,
2013-12-22,"1,629.65",,,,,,
2013-12-21,"1,629.65",,,,,,
2013-12-20,"1,629.65",,,,,,
2013-12-19,"1,641.38",,,,,,
2013-12-18,"1,647.44",,,,,,
2013-12-17,"1,655.44",,,,,,
2013-12-16,"1,660.93",,,,,,
2013-12-15,"1,671.93",,,,,,
2013-12-14,"1,671.93",,,,,,
2013-12-13,"1,671.93",,,,,,
2013-12-12,"1,691.69",,,,,,
2013-12-11,"1,705.00",,,,,,
2013-12-10,"1,709.86",,,,,,
2013-12-09,"1,713.73",,,,,,
2013-12-08,"1,723.22",,,,,,
2013-12-07,"1,723.22",,,,,,
2013-12-06,"1,723.22",,,,,,
2013-12-05,"1,730.61",,,,,,
2013-12-04,"1,732.78",,,,,,
2013-12-03,"1,739.66",,,,,,
2013-12-02,"1,742.06",,,,,,
2013-12-01,"1,741.71",,,,,,
2013-11-30,"1,741.71",,,,,,
2013-11-29,"1,741.71",,,,,,
2013-11-28,"1,745.75",,,,,,
2013-11-27,"1,745.43",,,,,,
2013-11-26,"1,746.59",,,,,,
2013-11-25,"1,745.84",,,,,,
2013-11-24,"1,745.93",,,,,,
2013-11-23,"1,745.93",,,,,,
2013-11-22,"1,745.93",,,,,,
2013-11-21,"1,748.49",,,,,,
2013-11-20,"1,746.01",,,,,,
2013-11-19,"1,748.20",,,,,,
2013-11-18,"1,742.98",,,,,,
2013-11-17,"1,752.48",,,,,,
2013-11-16,"1,752.48",,,,,,
2013-11-15,"1,752.48",,,,,,
2013-11-14,"1,738.82",,,,,,
2013-11-13,"1,731.58",,,,,,
2013-11-12,"1,726.07",,,,,,
2013-11-11,"1,723.89",,,,,,
2013-11-10,"1,716.26",,,,,,
2013-11-09,"1,716.26",,,,,,
2013-11-08,"1,716.26",,,,,,
2013-11-07,"1,715.48",,,,,,
2013-11-06,"1,706.16",,,,,,
2013-11-05,"1,699.54",,,,,,
2013-11-04,"1,702.28",,,,,,
2013-11-03,"1,702.28",,,,,,
2013-11-02,"1,702.28",,,,,,
2013-11-01,"1,702.28",,,,,,
2013-10-31,"1,716.28",,,,,,
2013-10-30,"1,719.03",,,,,,
2013-10-29,"1,714.20",,,,,,
2013-10-28,"1,710.72",,,,,,
2013-10-27,"1,700.02",,,,,,
2013-10-26,"1,700.02",,,,,,
2013-10-25,"1,700.02",,,,,,
2013-10-24,"1,701.37",,,,,,
2013-10-23,"1,699.39",,,,,,
2013-10-22,"1,696.37",,,,,,
2013-10-21,"1,697.50",,,,,,
2013-10-20,"1,692.24",,,,,,
2013-10-19,"1,692.24",,,,,,
2013-10-18,"1,692.24",,,,,,
2013-10-17,"1,695.65",,,,,,
2013-10-16,"1,690.76",,,,,,
2013-10-15,"1,692.81",,,,,,
2013-10-14,"1,686.75",,,,,,
2013-10-13,"1,685.30",,,,,,
2013-10-12,"1,685.30",,,,,,
2013-10-11,"1,685.30",,,,,,
2013-10-10,"1,683.88",,,,,,
2013-10-09,"1,669.06",,,,,,
2013-10-08,"1,670.88",,,,,,
2013-10-07,"1,663.88",,,,,,
2013-10-06,"1,659.12",,,,,,
2013-10-05,"1,659.12",,,,,,
2013-10-04,"1,659.12",,,,,,
2013-10-03,"1,662.76",,,,,,
2013-10-02,"1,657.29",,,,,,
2013-10-01,"1,650.04",,,,,,
2013-09-30,"1,655.44",,,,,,
2013-09-29,"1,646.48",,,,,,
2013-09-28,"1,646.48",,,,,,
2013-09-27,"1,646.48",,,,,,
2013-09-26,"1,629.31",,,,,,
2013-09-25,"1,630.01",,,,,,
2013-09-24,"1,619.05",,,,,,
2013-09-23,"1,615.70",,,,,,
2013-09-22,"1,617.35",,,,,,
2013-09-21,"1,617.35",,,,,,
2013-09-20,"1,617.35",,,,,,
2013-09-19,"1,638.19",,,,,,
2013-09-18,"1,658.43",,,,,,
2013-09-17,"1,674.97",,,,,,
2013-09-16,"1,683.62",,,,,,
2013-09-15,"1,705.61",,,,,,
2013-09-14,"1,705.61",,,,,,
2013-09-13,"1,705.61",,,,,,
2013-09-12,"1,722.96",,,,,,
2013-09-11,"1,717.29",,,,,,
2013-09-10,"1,710.61",,,,,,
2013-09-09,"1,712.38",,,,,,
2013-09-08,"1,683.97",,,,,,
2013-09-07,"1,683.97",,,,,,
2013-09-06,"1,683.97",,,,,,
2013-09-05,"1,669.75",,,,,,
2013-09-04,"1,653.72",,,,,,
2013-09-03,"1,644.15",,,,,,
2013-09-02,"1,622.40",,,,,,
2013-09-01,"1,616.98",,,,,,
2013-08-31,"1,616.98",,,,,,
2013-08-30,"1,616.98",,,,,,
2013-08-29,"1,614.48",,,,,,
2013-08-28,"1,602.89",,,,,,
2013-08-27,"1,598.21",,,,,,
2013-08-26,"1,590.08",,,,,,
2013-08-25,"1,585.89",,,,,,
2013-08-24,"1,585.89",,,,,,
2013-08-23,"1,585.89",,,,,,
2013-08-22,"1,584.77",,,,,,
2013-08-21,"1,579.15",,,,,,
2013-08-20,"1,577.49",,,,,,
2013-08-19,"1,573.90",,,,,,
2013-08-18,"1,571.57",,,,,,
2013-08-17,"1,571.57",,,,,,
2013-08-16,"1,571.57",,,,,,
2013-08-15,"1,568.73",,,,,,
2013-08-14,"1,568.18",,,,,,
2013-08-13,"1,567.38",,,,,,
2013-08-12,"1,567.40",,,,,,
2013-08-11,"1,563.67",,,,,,
2013-08-10,"1,563.67",,,,,,
2013-08-09,"1,563.67",,,,,,
2013-08-08,"1,570.32",,,,,,
2013-08-07,"1,563.48",,,,,,
2013-08-06,"1,548.26",,,,,,
2013-08-05,"1,527.81",,,,,,
2013-08-04,"1,506.94",,,,,,
2013-08-03,"1,506.94",,,,,,
2013-08-02,"1,506.94",,,,,,
2013-08-01,"1,501.78",,,,,,
2013-07-31,"1,499.60",,,,,,
2013-07-30,"1,500.75",,,,,,
2013-07-29,"1,501.45",,,,,,
2013-07-28,"1,506.90",,,,,,
2013-07-27,"1,506.90",,,,,,
2013-07-26,"1,506.90",,,,,,
2013-07-25,"1,501.78",,,,,,
2013-07-24,"1,495.70",,,,,,
2013-07-23,"1,486.89",,,,,,
2013-07-22,"1,479.12",,,,,,
2013-07-21,"1,470.49",,,,,,
2013-07-20,"1,470.49",,,,,,
2013-07-19,"1,470.49",,,,,,
2013-07-18,"1,470.36",,,,,,
2013-07-17,"1,462.71",,,,,,
2013-07-16,"1,462.86",,,,,,
2013-07-15,"1,461.23",,,,,,
2013-07-14,"1,462.75",,,,,,
2013-07-13,"1,462.75",,,,,,
2013-07-12,"1,462.75",,,,,,
2013-07-11,"1,462.75",,,,,,
2013-07-10,"1,462.75",,,,,,
2013-07-09,"1,462.58",,,,,,
2013-07-08,"1,463.72",,,,,,
2013-07-07,"1,460.21",,,,,,
2013-07-06,"1,460.21",,,,,,
2013-07-05,"1,460.21",,,,,,
2013-07-04,"1,456.60",,,,,,
2013-07-03,"1,451.11",,,,,,
2013-07-02,"1,451.08",,,,,,
2013-07-01,"1,447.51",,,,,,
2013-06-30,"1,446.17",,,,,,
2013-06-29,"1,446.17",,,,,,
2013-06-28,"1,446.17",,,,,,
2013-06-27,"1,444.03",,,,,,
2013-06-26,"1,440.12",,,,,,
2013-06-25,"1,440.12",,,,,,
2013-06-24,"1,440.02",,,,,,
2013-06-23,"1,437.55",,,,,,
2013-06-22,"1,437.55",,,,,,
2013-06-21,"1,437.55",,,,,,
2013-06-20,"1,439.77",,,,,,
2013-06-19,"1,438.02",,,,,,
2013-06-18,"1,437.98",,,,,,
2013-06-17,"1,436.86",,,,,,
2013-06-16,"1,433.17",,,,,,
2013-06-15,"1,433.17",,,,,,
2013-06-14,"1,433.17",,,,,,
2013-06-13,"1,433.73",,,,,,
2013-06-12,"1,432.98",,,,,,
2013-06-11,"1,432.59",,,,,,
2013-06-10,"1,433.22",,,,,,
2013-06-09,"1,433.43",,,,,,
2013-06-08,"1,433.43",,,,,,
2013-06-07,"1,433.43",,,,,,
2013-06-06,"1,436.93",,,,,,
2013-06-05,"1,438.17",,,,,,
2013-06-04,"1,441.28",,,,,,
2013-06-03,"1,441.83",,,,,,
2013-06-02,"1,442.20",,,,,,
2013-06-01,"1,442.20",,,,,,
2013-05-31,"1,442.20",,,,,,
2013-05-30,"1,442.73",,,,,,
2013-05-29,"1,442.06",,,,,,
2013-05-28,"1,441.92",,,,,,
2013-05-27,"1,441.93",,,,,,
2013-05-26,"1,440.04",,,,,,
2013-05-25,"1,440.04",,,,,,
2013-05-24,"1,440.04",,,,,,
2013-05-23,"1,439.00",,,,,,
2013-05-22,"1,440.38",,,,,,
2013-05-21,"1,439.67",,,,,,
2013-05-20,"1,439.87",,,,,,
2013-05-19,"1,437.70",,,,,,
2013-05-18,"1,437.70",,,,,,
2013-05-17,"1,437.70",,,,,,
2013-05-16,"1,438.96",,,,,,
2013-05-15,"1,438.98",,,,,,
2013-05-14,"1,437.47",,,,,,
2013-05-13,"1,436.82",,,,,,
2013-05-12,"1,436.42",,,,,,
2013-05-11,"1,436.42",,,,,,
2013-05-10,"1,436.42",,,,,,
2013-05-09,"1,436.87",,,,,,
2013-05-08,"1,436.37",,,,,,
2013-05-07,"1,435.61",,,,,,
2013-05-06,"1,433.66",,,,,,
2013-05-05,"1,432.81",,,,,,
2013-05-04,"1,432.81",,,,,,
2013-05-03,"1,432.81",,,,,,
2013-05-02,"1,434.94",,,,,,
2013-05-01,"1,433.84",,,,,,
2013-04-30,"1,436.12",,,,,,
2013-04-29,"1,433.31",,,,,,
2013-04-28,"1,430.76",,,,,,
2013-04-27,"1,430.76",,,,,,
2013-04-26,"1,430.76",,,,,,
2013-04-25,"1,428.26",,,,,,
2013-04-24,"1,425.77",,,,,,
2013-04-23,"1,424.82",,,,,,
2013-04-22,"1,422.89",,,,,,
2013-04-21,"1,420.54",,,,,,
2013-04-20,"1,420.54",,,,,,
2013-04-19,"1,420.54",,,,,,
2013-04-18,"1,416.34",,,,,,
2013-04-17,"1,414.65",,,,,,
2013-04-16,"1,415.43",,,,,,
2013-04-15,"1,413.20",,,,,,
2013-04-14,"1,411.09",,,,,,
2013-04-13,"1,411.09",,,,,,
2013-04-12,"1,411.09",,,,,,
2013-04-11,"1,409.80",,,,,,
2013-04-10,"1,411.54",,,,,,
2013-04-09,"1,410.56",,,,,,
2013-04-08,"1,409.18",,,,,,
2013-04-07,"1,409.80",,,,,,
2013-04-06,"1,409.80",,,,,,
2013-04-05,"1,409.80",,,,,,
2013-04-04,"1,410.63",,,,,,
2013-04-03,"1,408.18",,,,,,
2013-04-02,"1,409.63",,,,,,
2013-04-01,"1,410.57",,,,,,
2013-03-31,"1,410.32",,,,,,
2013-03-30,"1,410.32",,,,,,
2013-03-29,"1,410.32",,,,,,
2013-03-28,"1,410.47",,,,,,
2013-03-27,"1,410.68",,,,,,
2013-03-26,"1,410.37",,,,,,
2013-03-25,"1,410.27",,,,,,
2013-03-24,"1,405.19",,,,,,
2013-03-23,"1,405.19",,,,,,
2013-03-22,"1,405.19",,,,,,
2013-03-21,"1,408.22",,,,,,
2013-03-20,"1,403.99",,,,,,
2013-03-19,"1,405.81",,,,,,
2013-03-18,"1,402.04",,,,,,
2013-03-17,"1,399.82",,,,,,
2013-03-16,"1,399.82",,,,,,
2013-03-15,"1,399.82",,,,,,
2013-03-14,"1,401.46",,,,,,
2013-03-13,"1,401.06",,,,,,
2013-03-12,"1,400.46",,,,,,
2013-03-11,"1,399.17",,,,,,
2013-03-10,"1,398.55",,,,,,
2013-03-09,"1,398.55",,,,,,
2013-03-08,"1,398.55",,,,,,
2013-03-07,"1,398.55",,,,,,
2013-03-06,"1,402.37",,,,,,
2013-03-05,"1,403.04",,,,,,
2013-03-04,"1,402.73",,,,,,
2013-03-03,"1,401.68",,,,,,
2013-03-02,"1,401.68",,,,,,
2013-03-01,"1,401.68",,,,,,
2013-02-28,"1,402.15",,,,,,
2013-02-27,"1,401.31",,,,,,
2013-02-26,"1,398.31",,,,,,
2013-02-25,"1,396.44",,,,,,
2013-02-24,"1,395.68",,,,,,
2013-02-23,"1,395.68",,,,,,
2013-02-22,"1,395.68",,,,,,
2013-02-21,"1,392.38",,,,,,
2013-02-20,"1,392.95",,,,,,
2013-02-19,"1,392.95",,,,,,
2013-02-18,"1,392.32",,,,,,
2013-02-17,"1,391.18",,,,,,
2013-02-16,"1,391.18",,,,,,
2013-02-15,"1,391.18",,,,,,
2013-02-14,"1,390.53",,,,,,
2013-02-13,"1,391.09",,,,,,
2013-02-12,"1,390.29",,,,,,
2013-02-11,"1,390.29",,,,,,
2013-02-10,"1,390.29",,,,,,
2013-02-09,"1,390.29",,,,,,
2013-02-08,"1,390.29",,,,,,
2013-02-07,"1,391.63",,,,,,
2013-02-06,"1,392.52",,,,,,
2013-02-05,"1,392.61",,,,,,
2013-02-04,"1,393.14",,,,,,
2013-02-03,"1,392.63",,,,,,
2013-02-02,"1,392.63",,,,,,
2013-02-01,"1,392.63",,,,,,
2013-01-31,"1,392.56",,,,,,
2013-01-30,"1,392.30",,,,,,
2013-01-29,"1,392.68",,,,,,
2013-01-28,"1,392.69",,,,,,
2013-01-27,"1,391.28",,,,,,
2013-01-26,"1,391.28",,,,,,
2013-01-25,"1,391.28",,,,,,
2013-01-24,"1,388.33",,,,,,
2013-01-23,"1,387.90",,,,,,
2013-01-22,"1,393.20",,,,,,
2013-01-21,"1,390.82",,,,,,
2013-01-20,"1,388.85",,,,,,
2013-01-19,"1,388.85",,,,,,
2013-01-18,"1,388.85",,,,,,
2013-01-17,"1,392.03",,,,,,
2013-01-16,"1,392.82",,,,,,
2013-01-15,"1,396.69",,,,,,
2013-01-14,"1,396.20",,,,,,
2013-01-13,"1,395.64",,,,,,
2013-01-12,"1,395.64",,,,,,
2013-01-11,"1,395.64",,,,,,
2013-01-10,"1,397.05",,,,,,
2013-01-09,"1,396.53",,,,,,
2013-01-08,"1,394.71",,,,,,
2013-01-07,"1,393.45",,,,,,
2013-01-06,"1,393.53",,,,,,
2013-01-05,"1,393.53",,,,,,
2013-01-04,"1,388.90",,,,,,
2013-01-03,"1,392.89",,,,,,
2013-01-02,"1,392.43",,,,,,
2013-01-01,"1,392.10",,,,,,
2012-12-31,"1,392.10",,,,,,
2012-12-30,"1,392.10",,,,,,
2012-12-29,"1,392.10",,,,,,
2012-12-28,"1,392.10",,,,,,
2012-12-27,"1,391.80",,,,,,
2012-12-26,"1,391.70",,,,,,
2012-12-25,"1,392.92",,,,,,
2012-12-24,"1,391.08",,,,,,
2012-12-23,"1,391.33",,,,,,
2012-12-22,"1,391.33",,,,,,
2012-12-21,"1,391.33",,,,,,
2012-12-20,"1,394.76",,,,,,
2012-12-19,"1,393.33",,,,,,
2012-12-18,"1,394.25",,,,,,
2012-12-17,"1,394.31",,,,,,
2012-12-16,"1,395.47",,,,,,
2012-12-15,"1,395.47",,,,,,
2012-12-14,"1,395.47",,,,,,
2012-12-13,"1,394.66",,,,,,
2012-12-12,"1,398.52",,,,,,
2012-12-11,"1,401.14",,,,,,
2012-12-10,"1,401.67",,,,,,
2012-12-09,"1,400.98",,,,,,
2012-12-08,"1,400.98",,,,,,
2012-12-07,"1,400.98",,,,,,
2012-12-06,"1,401.64",,,,,,
2012-12-05,"1,402.01",,,,,,
2012-12-04,"1,400.52",,,,,,
2012-12-03,"1,398.01",,,,,,
2012-12-02,"1,397.28",,,,,,
2012-12-01,"1,397.28",,,,,,
2012-11-30,"1,397.28",,,,,,
2012-11-29,"1,396.51",,,,,,
2012-11-28,"1,396.86",,,,,,
2012-11-27,"1,397.10",,,,,,
2012-11-26,"1,395.92",,,,,,
2012-11-25,"1,395.08",,,,,,
2012-11-24,"1,395.08",,,,,,
2012-11-23,"1,395.08",,,,,,
2012-11-22,"1,395.09",,,,,,
2012-11-21,"1,394.20",,,,,,
2012-11-20,"1,394.20",,,,,,
2012-11-19,"1,394.86",,,,,,
2012-11-18,"1,395.06",,,,,,
2012-11-17,"1,395.06",,,,,,
2012-11-16,"1,395.06",,,,,,
2012-11-15,"1,393.43",,,,,,
2012-11-14,"1,395.59",,,,,,
2012-11-13,"1,395.59",,,,,,
2012-11-12,"1,396.13",,,,,,
2012-11-11,"1,396.32",,,,,,
2012-11-10,"1,396.32",,,,,,
2012-11-09,"1,396.32",,,,,,
2012-11-08,"1,398.42",,,,,,
2012-11-07,"1,398.22",,,,,,
2012-11-06,"1,398.96",,,,,,
2012-11-05,"1,398.29",,,,,,
2012-11-04,"1,397.68",,,,,,
2012-11-03,"1,397.68",,,,,,
2012-11-02,"1,397.68",,,,,,
2012-11-01,"1,397.08",,,,,,
2012-10-31,"1,397.28",,,,,,
2012-10-30,"1,396.87",,,,,,
2012-10-29,"1,396.09",,,,,,
2012-10-28,"1,392.96",,,,,,
2012-10-27,"1,392.96",,,,,,
2012-10-26,"1,392.96",,,,,,
2012-10-25,"1,393.97",,,,,,
2012-10-24,"1,391.23",,,,,,
2012-10-23,"1,389.31",,,,,,
2012-10-22,"1,387.58",,,,,,
2012-10-21,"1,384.77",,,,,,
2012-10-20,"1,384.77",,,,,,
2012-10-19,"1,384.77",,,,,,
2012-10-18,"1,383.72",,,,,,
2012-10-17,"1,381.57",,,,,,
2012-10-16,"1,380.87",,,,,,
2012-10-15,"1,379.11",,,,,,
2012-10-14,"1,379.21",,,,,,
2012-10-13,"1,379.21",,,,,,
2012-10-12,"1,379.21",,,,,,
2012-10-11,"1,379.05",,,,,,
2012-10-10,"1,379.59",,,,,,
2012-10-09,"1,380.02",,,,,,
2012-10-08,"1,382.98",,,,,,
2012-10-07,"1,382.65",,,,,,
2012-10-06,"1,382.65",,,,,,
2012-10-05,"1,382.65",,,,,,
2012-10-04,"1,386.86",,,,,,
2012-10-03,"1,389.65",,,,,,
2012-10-02,"1,391.46",,,,,,
2012-10-01,"1,393.76",,,,,,
2012-09-30,"1,394.47",,,,,,
2012-09-29,"1,394.47",,,,,,
2012-09-28,"1,394.47",,,,,,
2012-09-27,"1,395.08",,,,,,
2012-09-26,"1,400.31",,,,,,
2012-09-25,"1,401.90",,,,,,
2012-09-24,"1,402.68",,,,,,
2012-09-23,"1,402.62",,,,,,
2012-09-22,"1,402.62",,,,,,
2012-09-21,"1,402.62",,,,,,
2012-09-20,"1,402.14",,,,,,
2012-09-19,"1,401.98",,,,,,
2012-09-18,"1,400.06",,,,,,
2012-09-17,"1,399.27",,,,,,
2012-09-16,"1,395.24",,,,,,
2012-09-15,"1,395.24",,,,,,
2012-09-14,"1,395.24",,,,,,
2012-09-13,"1,394.42",,,,,,
2012-09-12,"1,394.13",,,,,,
2012-09-11,"1,393.78",,,,,,
2012-09-10,"1,393.47",,,,,,
2012-09-09,"1,389.26",,,,,,
2012-09-08,"1,389.26",,,,,,
2012-09-07,"1,389.26",,,,,,
2012-09-06,"1,386.33",,,,,,
2012-09-05,"1,384.84",,,,,,
2012-09-04,"1,382.81",,,,,,
2012-09-03,"1,381.87",,,,,,
2012-09-02,"1,381.99",,,,,,
2012-09-01,"1,381.99",,,,,,
2012-08-31,"1,381.99",,,,,,
2012-08-30,"1,381.09",,,,,,
2012-08-29,"1,378.86",,,,,,
2012-08-28,"1,376.46",,,,,,
2012-08-27,"1,373.15",,,,,,
2012-08-26,"1,370.35",,,,,,
2012-08-25,"1,370.35",,,,,,
2012-08-24,"1,370.35",,,,,,
2012-08-23,"1,368.21",,,,,,
2012-08-22,"1,365.80",,,,,,
2012-08-21,"1,366.48",,,,,,
2012-08-20,"1,363.68",,,,,,
2012-08-19,"1,364.49",,,,,,
2012-08-18,"1,364.49",,,,,,
2012-08-17,"1,364.49",,,,,,
2012-08-16,"1,362.45",,,,,,
2012-08-15,"1,361.78",,,,,,
2012-08-14,"1,360.42",,,,,,
2012-08-13,"1,360.81",,,,,,
2012-08-12,"1,359.81",,,,,,
2012-08-11,"1,359.81",,,,,,
2012-08-10,"1,359.81",,,,,,
2012-08-09,"1,359.44",,,,,,
2012-08-08,"1,358.01",,,,,,
2012-08-07,"1,356.46",,,,,,
2012-08-06,"1,354.75",,,,,,
2012-08-05,"1,353.49",,,,,,
2012-08-04,"1,353.49",,,,,,
2012-08-03,"1,353.49",,,,,,
2012-08-02,"1,350.41",,,,,,
2012-08-01,"1,348.56",,,,,,
2012-07-31,"1,349.10",,,,,,
2012-07-30,"1,348.84",,,,,,
2012-07-29,"1,345.73",,,,,,
2012-07-28,"1,345.73",,,,,,
2012-07-27,"1,345.73",,,,,,
2012-07-26,"1,347.42",,,,,,
2012-07-25,"1,349.80",,,,,,
2012-07-24,"1,349.74",,,,,,
2012-07-23,"1,347.04",,,,,,
2012-07-22,"1,347.29",,,,,,
2012-07-21,"1,347.29",,,,,,
2012-07-20,"1,347.29",,,,,,
2012-07-19,"1,345.40",,,,,,
2012-07-18,"1,344.82",,,,,,
2012-07-17,"1,343.11",,,,,,
2012-07-16,"1,342.24",,,,,,
2012-07-15,"1,339.99",,,,,,
2012-07-14,"1,339.99",,,,,,
2012-07-13,"1,339.99",,,,,,
2012-07-12,"1,339.99",,,,,,
2012-07-11,"1,339.99",,,,,,
2012-07-10,"1,339.99",,,,,,
2012-07-09,"1,338.79",,,,,,
2012-07-08,"1,338.68",,,,,,
2012-07-07,"1,338.68",,,,,,
2012-07-06,"1,338.68",,,,,,
2012-07-05,"1,337.78",,,,,,
2012-07-04,"1,340.43",,,,,,
2012-07-03,"1,338.84",,,,,,
2012-07-02,"1,341.69",,,,,,
2012-07-01,"1,342.23",,,,,,
2012-06-30,"1,342.23",,,,,,
2012-06-29,"1,342.23",,,,,,
2012-06-28,"1,341.16",,,,,,
2012-06-27,"1,341.16",,,,,,
2012-06-26,"1,342.61",,,,,,
2012-06-25,"1,339.84",,,,,,
2012-06-24,"1,337.59",,,,,,
2012-06-23,"1,337.59",,,,,,
2012-06-22,"1,337.59",,,,,,
2012-06-21,"1,333.98",,,,,,
2012-06-20,"1,333.62",,,,,,
2012-06-19,"1,334.42",,,,,,
2012-06-18,"1,331.59",,,,,,
2012-06-17,"1,327.34",,,,,,
2012-06-16,"1,327.34",,,,,,
2012-06-15,"1,327.34",,,,,,
2012-06-14,"1,322.98",,,,,,
2012-06-13,"1,320.03",,,,,,
2012-06-12,"1,320.25",,,,,,
2012-06-11,"1,320.34",,,,,,
2012-06-10,"1,318.75",,,,,,
2012-06-09,"1,318.75",,,,,,
2012-06-08,"1,318.75",,,,,,
2012-06-07,"1,318.40",,,,,,
2012-06-06,"1,315.13",,,,,,
2012-06-05,"1,316.05",,,,,,
2012-06-04,"1,315.84",,,,,,
2012-06-03,"1,316.00",,,,,,
2012-06-02,"1,316.00",,,,,,
2012-06-01,"1,316.00",,,,,,
2012-05-31,"1,316.00",,,,,,
2012-05-30,"1,315.01",,,,,,
2012-05-29,"1,318.81",,,,,,
2012-05-28,"1,319.60",,,,,,
2012-05-27,"1,320.33",,,,,,
2012-05-26,"1,320.33",,,,,,
2012-05-25,"1,320.33",,,,,,
2012-05-24,"1,320.64",,,,,,
2012-05-23,"1,321.16",,,,,,
2012-05-22,"1,322.31",,,,,,
2012-05-21,"1,321.61",,,,,,
2012-05-20,"1,319.86",,,,,,
2012-05-19,"1,319.86",,,,,,
2012-05-18,"1,319.86",,,,,,
2012-05-17,"1,320.23",,,,,,
2012-05-16,"1,317.13",,,,,,
2012-05-15,"1,316.85",,,,,,
2012-05-14,"1,315.89",,,,,,
2012-05-13,"1,315.71",,,,,,
2012-05-12,"1,315.71",,,,,,
2012-05-11,"1,315.71",,,,,,
2012-05-10,"1,316.21",,,,,,
2012-05-09,"1,316.39",,,,,,
2012-05-08,"1,317.78",,,,,,
2012-05-07,"1,316.36",,,,,,
2012-05-06,"1,317.61",,,,,,
2012-05-05,"1,317.61",,,,,,
2012-05-04,"1,317.61",,,,,,
2012-05-03,"1,315.96",,,,,,
2012-05-02,"1,315.62",,,,,,
2012-05-01,"1,317.67",,,,,,
2012-04-30,"1,316.81",,,,,,
2012-04-29,"1,320.65",,,,,,
2012-04-28,"1,320.65",,,,,,
2012-04-27,"1,320.65",,,,,,
2012-04-26,"1,320.51",,,,,,
2012-04-25,"1,319.26",,,,,,
2012-04-24,"1,321.37",,,,,,
2012-04-23,"1,320.32",,,,,,
2012-04-22,"1,317.84",,,,,,
2012-04-21,"1,317.84",,,,,,
2012-04-20,"1,317.84",,,,,,
2012-04-19,"1,317.52",,,,,,
2012-04-18,"1,315.20",,,,,,
2012-04-17,"1,313.50",,,,,,
2012-04-16,"1,313.54",,,,,,
2012-04-15,"1,312.17",,,,,,
2012-04-14,"1,312.17",,,,,,
2012-04-13,"1,312.17",,,,,,
2012-04-12,"1,311.80",,,,,,
2012-04-11,"1,307.11",,,,,,
2012-04-10,"1,303.28",,,,,,
2012-04-09,"1,301.70",,,,,,
2012-04-08,"1,300.67",,,,,,
2012-04-07,"1,300.67",,,,,,
2012-04-06,"1,300.67",,,,,,
2012-04-05,"1,304.25",,,,,,
2012-04-04,"1,307.32",,,,,,
2012-04-03,"1,314.65",,,,,,
2012-04-02,"1,316.36",,,,,,
2012-04-01,"1,318.80",,,,,,
2012-03-31,"1,318.80",,,,,,
2012-03-30,"1,318.80",,,,,,
2012-03-29,"1,325.16",,,,,,
2012-03-28,"1,328.04",,,,,,
2012-03-27,"1,329.39",,,,,,
2012-03-26,"1,330.18",,,,,,
2012-03-25,"1,331.00",,,,,,
2012-03-24,"1,331.00",,,,,,
2012-03-23,"1,331.00",,,,,,
2012-03-22,"1,330.05",,,,,,
2012-03-21,"1,329.11",,,,,,
2012-03-20,"1,329.68",,,,,,
2012-03-19,"1,333.81",,,,,,
2012-03-18,"1,333.16",,,,,,
2012-03-17,"1,333.16",,,,,,
2012-03-16,"1,333.16",,,,,,
2012-03-15,"1,335.35",,,,,,
2012-03-14,"1,336.76",,,,,,
2012-03-13,"1,340.90",,,,,,
2012-03-12,"1,340.37",,,,,,
2012-03-11,"1,338.24",,,,,,
2012-03-10,"1,338.24",,,,,,
2012-03-09,"1,338.24",,,,,,
2012-03-08,"1,335.08",,,,,,
2012-03-07,"1,335.08",,,,,,
2012-03-06,"1,335.58",,,,,,
2012-03-05,"1,335.86",,,,,,
2012-03-04,"1,341.56",,,,,,
2012-03-03,"1,341.56",,,,,,
2012-03-02,"1,341.56",,,,,,
2012-03-01,"1,340.81",,,,,,
2012-02-29,"1,340.19",,,,,,
2012-02-28,"1,333.14",,,,,,
2012-02-27,"1,328.62",,,,,,
2012-02-26,"1,324.35",,,,,,
2012-02-25,"1,324.35",,,,,,
2012-02-24,"1,324.35",,,,,,
2012-02-23,"1,324.35",,,,,,
2012-02-22,"1,324.35",,,,,,
2012-02-21,"1,324.35",,,,,,
2012-02-20,"1,326.78",,,,,,
2012-02-19,"1,327.33",,,,,,
2012-02-18,"1,327.33",,,,,,
2012-02-17,"1,329.97",,,,,,
2012-02-16,"1,333.15",,,,,,
2012-02-15,"1,333.73",,,,,,
2012-02-14,"1,336.67",,,,,,
2012-02-13,"1,335.25",,,,,,
2012-02-12,"1,340.56",,,,,,
2012-02-11,"1,340.56",,,,,,
2012-02-10,"1,340.56",,,,,,
2012-02-09,"1,342.16",,,,,,
2012-02-08,"1,346.25",,,,,,
2012-02-07,"1,352.77",,,,,,
2012-02-06,"1,355.65",,,,,,
2012-02-05,"1,360.10",,,,,,
2012-02-04,"1,360.10",,,,,,
2012-02-03,"1,360.10",,,,,,
2012-02-02,"1,362.69",,,,,,
2012-02-01,"1,364.48",,,,,,
2012-01-31,"1,366.30",,,,,,
2012-01-30,"1,367.83",,,,,,
2012-01-29,"1,370.33",,,,,,
2012-01-28,"1,370.33",,,,,,
2012-01-27,"1,370.33",,,,,,
2012-01-26,"1,370.92",,,,,,
2012-01-25,"1,373.12",,,,,,
2012-01-24,"1,377.11",,,,,,
2012-01-23,"1,380.92",,,,,,
2012-01-22,"1,386.19",,,,,,
2012-01-21,"1,386.19",,,,,,
2012-01-20,"1,386.19",,,,,,
2012-01-19,"1,387.41",,,,,,
2012-01-18,"1,393.19",,,,,,
2012-01-17,"1,393.13",,,,,,
2012-01-16,"1,403.96",,,,,,
2012-01-15,"1,399.42",,,,,,
2012-01-14,"1,399.42",,,,,,
2012-01-13,"1,399.42",,,,,,
2012-01-12,"1,400.05",,,,,,
2012-01-11,"1,410.54",,,,,,
2012-01-10,"1,418.98",,,,,,
2012-01-09,"1,433.53",,,,,,
2012-01-08,"1,428.57",,,,,,
2012-01-07,"1,428.57",,,,,,
2012-01-06,"1,428.57",,,,,,
2012-01-05,"1,416.82",,,,,,
2012-01-04,"1,412.25",,,,,,
2012-01-03,"1,403.87",,,,,,
2012-01-02,"1,398.19",,,,,,
2012-01-01,"1,396.37",,,,,,
2011-12-31,"1,396.37",,,,,,
2011-12-30,"1,396.37",,,,,,
2011-12-29,"1,395.05",,,,,,
2011-12-28,"1,395.05",,,,,,
2011-12-27,"1,393.37",,,,,,
2011-12-26,"1,391.01",,,,,,
2011-12-25,"1,387.28",,,,,,
2011-12-24,"1,387.28",,,,,,
2011-12-23,"1,387.28",,,,,,
2011-12-22,"1,377.55",,,,,,
2011-12-21,"1,375.63",,,,,,
2011-12-20,"1,373.80",,,,,,
2011-12-19,"1,375.56",,,,,,
2011-12-18,"1,375.45",,,,,,
2011-12-17,"1,375.45",,,,,,
2011-12-16,"1,375.45",,,,,,
2011-12-15,"1,379.23",,,,,,
2011-12-14,"1,377.24",,,,,,
2011-12-13,"1,379.98",,,,,,
2011-12-12,"1,381.46",,,,,,
2011-12-11,"1,369.70",,,,,,
2011-12-10,"1,369.70",,,,,,
2011-12-09,"1,369.70",,,,,,
2011-12-08,"1,370.70",,,,,,
2011-12-07,"1,365.55",,,,,,
2011-12-06,"1,352.10",,,,,,
2011-12-05,"1,350.31",,,,,,
2011-12-04,"1,344.48",,,,,,
2011-12-03,"1,344.48",,,,,,
2011-12-02,"1,344.48",,,,,,
2011-12-01,"1,346.48",,,,,,
2011-11-30,"1,340.90",,,,,,
2011-11-29,"1,339.24",,,,,,
2011-11-28,"1,334.50",,,,,,
2011-11-27,"1,328.05",,,,,,
2011-11-26,"1,328.05",,,,,,
2011-11-25,"1,328.05",,,,,,
2011-11-24,"1,326.66",,,,,,
2011-11-23,"1,321.79",,,,,,
2011-11-22,"1,319.66",,,,,,
2011-11-21,"1,321.04",,,,,,
2011-11-20,"1,321.38",,,,,,
2011-11-19,"1,321.38",,,,,,
2011-11-18,"1,321.38",,,,,,
2011-11-17,"1,324.86",,,,,,
2011-11-16,"1,329.80",,,,,,
2011-11-15,"1,337.11",,,,,,
2011-11-14,"1,336.37",,,,,,
2011-11-13,"1,332.02",,,,,,
2011-11-12,"1,332.02",,,,,,
2011-11-11,"1,332.02",,,,,,
2011-11-10,"1,333.74",,,,,,
2011-11-09,"1,327.84",,,,,,
2011-11-08,"1,317.95",,,,,,
2011-11-07,"1,315.34",,,,,,
2011-11-06,"1,306.03",,,,,,
2011-11-05,"1,306.03",,,,,,
2011-11-04,"1,306.03",,,,,,
2011-11-03,"1,302.16",,,,,,
2011-11-02,"1,300.32",,,,,,
2011-11-01,"1,298.58",,,,,,
2011-10-31,"1,297.67",,,,,,
2011-10-30,"1,297.08",,,,,,
2011-10-29,"1,297.08",,,,,,
2011-10-28,"1,297.08",,,,,,
2011-10-27,"1,297.08",,,,,,
2011-10-26,"1,300.27",,,,,,
2011-10-25,"1,300.49",,,,,,
2011-10-24,"1,298.33",,,,,,
2011-10-23,"1,296.42",,,,,,
2011-10-22,"1,296.42",,,,,,
2011-10-21,"1,296.42",,,,,,
2011-10-20,"1,294.16",,,,,,
2011-10-19,"1,290.68",,,,,,
2011-10-18,"1,288.78",,,,,,
2011-10-17,"1,287.35",,,,,,
2011-10-16,"1,285.81",,,,,,
2011-10-15,"1,285.81",,,,,,
2011-10-14,"1,285.81",,,,,,
2011-10-13,"1,283.49",,,,,,
2011-10-12,"1,284.07",,,,,,
2011-10-11,"1,284.31",,,,,,
2011-10-10,"1,287.59",,,,,,
2011-10-09,"1,288.02",,,,,,
2011-10-08,"1,288.02",,,,,,
2011-10-07,"1,288.02",,,,,,
2011-10-06,"1,294.60",,,,,,
2011-10-05,"1,293.66",,,,,,
2011-10-04,"1,291.71",,,,,,
2011-10-03,"1,289.23",,,,,,
2011-10-02,"1,285.64",,,,,,
2011-10-01,"1,285.64",,,,,,
2011-09-30,"1,285.64",,,,,,
2011-09-29,"1,280.83",,,,,,
2011-09-28,"1,271.46",,,,,,
2011-09-27,"1,264.44",,,,,,
2011-09-26,"1,262.96",,,,,,
2011-09-25,"1,259.36",,,,,,
2011-09-24,"1,259.36",,,,,,
2011-09-23,"1,259.36",,,,,,
2011-09-22,"1,259.73",,,,,,
2011-09-21,"1,261.86",,,,,,
2011-09-20,"1,261.90",,,,,,
2011-09-19,"1,262.84",,,,,,
2011-09-18,"1,259.87",,,,,,
2011-09-17,"1,259.87",,,,,,
2011-09-16,"1,259.87",,,,,,
2011-09-15,"1,259.08",,,,,,
2011-09-14,"1,255.04",,,,,,
2011-09-13,"1,255.94",,,,,,
2011-09-12,"1,254.47",,,,,,
2011-09-11,"1,251.34",,,,,,
2011-09-10,"1,251.34",,,,,,
2011-09-09,"1,251.34",,,,,,
2011-09-08,"1,250.49",,,,,,
2011-09-07,"1,247.49",,,,,,
2011-09-06,"1,252.70",,,,,,
2011-09-05,"1,254.80",,,,,,
2011-09-04,"1,254.81",,,,,,
2011-09-03,"1,254.81",,,,,,
2011-09-02,"1,254.81",,,,,,
2011-09-01,"1,250.46",,,,,,
2011-08-31,"1,248.67",,,,,,
2011-08-30,"1,244.28",,,,,,
2011-08-29,"1,244.90",,,,,,
2011-08-28,"1,242.83",,,,,,
2011-08-27,"1,242.83",,,,,,
2011-08-26,"1,242.83",,,,,,
2011-08-25,"1,241.31",,,,,,
2011-08-24,"1,239.66",,,,,,
2011-08-23,"1,240.69",,,,,,
2011-08-22,"1,240.54",,,,,,
2011-08-21,"1,237.78",,,,,,
2011-08-20,"1,237.78",,,,,,
2011-08-19,"1,237.78",,,,,,
2011-08-18,"1,237.12",,,,,,
2011-08-17,"1,235.86",,,,,,
2011-08-16,"1,233.69",,,,,,
2011-08-15,"1,232.70",,,,,,
2011-08-14,"1,232.13",,,,,,
2011-08-13,"1,232.13",,,,,,
2011-08-12,"1,232.13",,,,,,
2011-08-11,"1,230.97",,,,,,
2011-08-10,"1,234.76",,,,,,
2011-08-09,"1,234.04",,,,,,
2011-08-08,"1,236.68",,,,,,
2011-08-07,"1,233.88",,,,,,
2011-08-06,"1,233.88",,,,,,
2011-08-05,"1,233.88",,,,,,
2011-08-04,"1,232.61",,,,,,
2011-08-03,"1,237.53",,,,,,
2011-08-02,"1,243.01",,,,,,
2011-08-01,"1,252.90",,,,,,
2011-07-31,"1,251.25",,,,,,
2011-07-30,"1,251.25",,,,,,
2011-07-29,"1,251.25",,,,,,
2011-07-28,"1,254.04",,,,,,
2011-07-27,"1,256.54",,,,,,
2011-07-26,"1,253.95",,,,,,
2011-07-25,"1,254.72",,,,,,
2011-07-24,"1,252.35",,,,,,
2011-07-23,"1,252.35",,,,,,
2011-07-22,"1,252.35",,,,,,
2011-07-21,"1,245.65",,,,,,
2011-07-20,"1,242.64",,,,,,
2011-07-19,"1,241.40",,,,,,
2011-07-18,"1,238.51",,,,,,
2011-07-17,"1,234.71",,,,,,
2011-07-16,"1,234.71",,,,,,
2011-07-15,"1,234.71",,,,,,
2011-07-14,"1,234.71",,,,,,
2011-07-13,"1,234.71",,,,,,
2011-07-12,"1,234.71",,,,,,
2011-07-11,"1,234.71",,,,,,
2011-07-10,"1,234.71",,,,,,
2011-07-09,"1,234.45",,,,,,
2011-07-08,"1,239.23",,,,,,
2011-07-07,"1,244.25",,,,,,
2011-07-06,"1,245.61",,,,,,
2011-07-05,"1,249.10",,,,,,
2011-07-04,"1,251.97",,,,,,
2011-07-03,"1,254.29",,,,,,
2011-07-02,"1,254.29",,,,,,
2011-07-01,"1,254.29",,,,,,
2011-06-30,"1,258.64",,,,,,
2011-06-29,"1,261.35",,,,,,
2011-06-28,"1,263.90",,,,,,
2011-06-27,"1,264.92",,,,,,
2011-06-26,"1,264.68",,,,,,
2011-06-25,"1,264.68",,,,,,
2011-06-24,"1,264.68",,,,,,
2011-06-23,"1,266.57",,,,,,
2011-06-22,"1,264.64",,,,,,
2011-06-21,"1,261.30",,,,,,
2011-06-20,"1,261.39",,,,,,
2011-06-19,"1,258.37",,,,,,
2011-06-18,"1,258.37",,,,,,
2011-06-17,"1,258.37",,,,,,
2011-06-16,"1,256.72",,,,,,
2011-06-15,"1,258.37",,,,,,
2011-06-14,"1,255.33",,,,,,
2011-06-13,"1,253.63",,,,,,
2011-06-12,"1,249.32",,,,,,
2011-06-11,"1,249.32",,,,,,
2011-06-10,"1,249.32",,,,,,
2011-06-09,"1,248.36",,,,,,
2011-06-08,"1,252.99",,,,,,
2011-06-07,"1,253.45",,,,,,
2011-06-06,"1,253.69",,,,,,
2011-06-05,"1,250.15",,,,,,
2011-06-04,"1,250.15",,,,,,
2011-06-03,"1,250.15",,,,,,
2011-06-02,"1,245.33",,,,,,
2011-06-01,"1,245.35",,,,,,
2011-05-31,"1,245.35",,,,,,
2011-05-30,"1,234.50",,,,,,
2011-05-29,"1,238.07",,,,,,
2011-05-28,"1,238.07",,,,,,
2011-05-27,"1,238.07",,,,,,
2011-05-26,"1,231.04",,,,,,
2011-05-25,"1,229.31",,,,,,
2011-05-24,"1,218.76",,,,,,
2011-05-23,"1,221.05",,,,,,
2011-05-22,"1,221.44",,,,,,
2011-05-21,"1,221.44",,,,,,
2011-05-20,"1,221.44",,,,,,
2011-05-19,"1,220.74",,,,,,
2011-05-18,"1,214.34",,,,,,
2011-05-17,"1,215.20",,,,,,
2011-05-16,"1,218.50",,,,,,
2011-05-15,"1,219.85",,,,,,
2011-05-14,"1,219.85",,,,,,
2011-05-13,"1,219.85",,,,,,
2011-05-12,"1,218.74",,,,,,
2011-05-11,"1,223.69",,,,,,
2011-05-10,"1,239.52",,,,,,
2011-05-09,"1,252.63",,,,,,
2011-05-08,"1,256.08",,,,,,
2011-05-07,"1,256.08",,,,,,
2011-05-06,"1,256.08",,,,,,
2011-05-05,"1,266.63",,,,,,
2011-05-04,"1,268.31",,,,,,
2011-05-03,"1,267.25",,,,,,
2011-05-02,"1,264.53",,,,,,
2011-05-01,"1,258.47",,,,,,
2011-04-30,"1,258.47",,,,,,
2011-04-29,"1,258.47",,,,,,
2011-04-28,"1,253.88",,,,,,
2011-04-27,"1,251.46",,,,,,
2011-04-26,"1,246.97",,,,,,
2011-04-25,"1,243.09",,,,,,
2011-04-24,"1,238.15",,,,,,
2011-04-23,"1,238.15",,,,,,
2011-04-22,"1,238.15",,,,,,
2011-04-21,"1,230.42",,,,,,
2011-04-20,"1,225.52",,,,,,
2011-04-19,"1,219.51",,,,,,
2011-04-18,"1,211.90",,,,,,
2011-04-17,"1,208.94",,,,,,
2011-04-16,"1,208.94",,,,,,
2011-04-15,"1,208.94",,,,,,
2011-04-14,"1,205.89",,,,,,
2011-04-13,"1,204.52",,,,,,
2011-04-12,"1,204.22",,,,,,
2011-04-11,"1,205.09",,,,,,
2011-04-10,"1,207.97",,,,,,
2011-04-09,"1,207.97",,,,,,
2011-04-08,"1,207.97",,,,,,
2011-04-07,"1,208.55",,,,,,
2011-04-06,"1,203.17",,,,,,
2011-04-05,"1,198.68",,,,,,
2011-04-04,"1,196.20",,,,,,
2011-04-01,"1,195.32",,,,,,
2011-03-31,"1,195.27",,,,,,
2011-03-30,"1,198.12",,,,,,
2011-03-29,"1,200.04",,,,,,
2011-03-28,"1,204.68",,,,,,
2011-03-25,"1,209.51",,,,,,
2011-03-24,"1,212.29",,,,,,
2011-03-23,"1,214.43",,,,,,
2011-03-22,"1,215.27",,,,,,
2011-03-21,"1,217.89",,,,,,
2011-03-18,"1,220.92",,,,,,
2011-03-17,"1,225.98",,,,,,
2011-03-16,"1,230.63",,,,,,
2011-03-15,"1,234.41",,,,,,
2011-03-14,"1,238.00",,,,,,
2011-03-11,"1,239.28",,,,,,
2011-03-10,"1,242.30",,,,,,
2011-03-09,"1,247.02",,,,,,
2011-03-08,"1,249.03",,,,,,
2011-03-07,"1,249.03",,,,,,
2011-03-04,"1,251.42",,,,,,
2011-03-03,"1,251.49",,,,,,
2011-03-02,"1,252.23",,,,,,
2011-03-01,"1,255.10",,,,,,
2011-02-28,"1,254.51",,,,,,
2011-02-25,"1,255.24",,,,,,
2011-02-24,"1,253.81",,,,,,
2011-02-23,"1,253.20",,,,,,
2011-02-22,"1,252.20",,,,,,
2011-02-21,"1,251.03",,,,,,
2011-02-18,"1,249.52",,,,,,
2011-02-17,"1,250.98",,,,,,
2011-02-16,"1,253.69",,,,,,
2011-02-15,"1,255.91",,,,,,
2011-02-14,"1,257.64",,,,,,
2011-02-11,"1,258.43",,,,,,
2011-02-10,"1,259.01",,,,,,
2011-02-09,"1,256.21",,,,,,
2011-02-08,"1,252.71",,,,,,
2011-02-07,"1,251.86",,,,,,
2011-02-02,"1,248.87",,,,,,
2011-02-01,"1,246.55",,,,,,
2011-01-31,"1,245.46",,,,,,
2011-01-28,"1,245.01",,,,,,
2011-01-27,"1,247.39",,,,,,
2011-01-26,"1,249.08",,,,,,
2011-01-25,"1,252.69",,,,,,
2011-01-24,"1,247.94",,,,,,
2011-01-21,"1,244.63",,,,,,
2011-01-20,"1,243.74",,,,,,
2011-01-19,"1,242.71",,,,,,
2011-01-18,"1,244.50",,,,,,
2011-01-17,"1,244.45",,,,,,
2011-01-14,"1,251.29",,,,,,
2011-01-13,"1,253.07",,,,,,
2011-01-12,"1,274.63",,,,,,
2011-01-11,"1,277.30",,,,,,
2011-01-10,"1,279.63",,,,,,
2011-01-07,"1,282.77",,,,,,
2011-01-06,"1,274.20",,,,,,
2011-01-05,"1,267.38",,,,,,
2011-01-04,"1,259.79",,,,,,
2011-01-03,"1,257.18",,,,,,
2010-12-31,"1,257.18",,,,,,
2010-12-30,"1,256.47",,,,,,
2010-12-29,"1,255.06",,,,,,
2010-12-28,"1,250.57",,,,,,
2010-12-27,"1,248.00",,,,,,
2010-12-24,"1,246.35",,,,,,
2010-12-23,"1,243.42",,,,,,
2010-12-22,"1,243.82",,,,,,
2010-12-21,"1,242.36",,,,,,
2010-12-20,"1,240.29",,,,,,
2010-12-17,"1,230.71",,,,,,
2010-12-16,"1,215.37",,,,,,
2010-12-15,"1,212.76",,,,,,
2010-12-14,"1,211.75",,,,,,
2010-12-13,"1,211.14",,,,,,
2010-12-10,"1,213.21",,,,,,
2010-12-09,"1,216.05",,,,,,
2010-12-08,"1,218.66",,,,,,
2010-12-07,"1,224.91",,,,,,
2010-12-06,"1,233.06",,,,,,
2010-12-03,"1,236.37",,,,,,
2010-12-02,"1,240.13",,,,,,
2010-12-01,"1,243.54",,,,,,
2010-11-30,"1,246.69",,,,,,
2010-11-29,"1,250.45",,,,,,
2010-11-25,"1,255.00",,,,,,
2010-11-24,"1,258.38",,,,,,
2010-11-23,"1,262.45",,,,,,
2010-11-22,"1,267.88",,,,,,
2010-11-19,"1,272.91",,,,,,
2010-11-18,"1,275.78",,,,,,
2010-11-17,"1,277.07",,,,,,
2010-11-16,"1,277.62",,,,,,
2010-11-15,"1,279.07",,,,,,
2010-11-12,"1,280.68",,,,,,
2010-11-11,"1,280.46",,,,,,
2010-11-10,"1,281.83",,,,,,
2010-11-09,"1,282.95",,,,,,
2010-11-08,"1,285.65",,,,,,
2010-11-05,"1,286.41",,,,,,
2010-11-04,"1,285.70",,,,,,
2010-11-03,"1,283.48",,,,,,
2010-11-02,"1,283.22",,,,,,
2010-11-01,"1,283.38",,,,,,
2010-10-29,"1,285.47",,,,,,
2010-10-28,"1,286.52",,,,,,
2010-10-27,"1,289.26",,,,,,
2010-10-26,"1,290.92",,,,,,
2010-10-25,"1,295.03",,,,,,
2010-10-22,"1,295.36",,,,,,
2010-10-21,"1,296.98",,,,,,
2010-10-20,"1,301.88",,,,,,
2010-10-19,"1,305.22",,,,,,
2010-10-18,"1,308.68",,,,,,
2010-10-15,"1,310.80",,,,,,
2010-10-14,"1,311.44",,,,,,
2010-10-13,"1,313.82",,,,,,
2010-10-12,"1,315.63",,,,,,
2010-10-11,"1,315.80",,,,,,
2010-10-08,"1,315.00",,,,,,
2010-10-07,"1,312.63",,,,,,
2010-10-06,"1,315.80",,,,,,
2010-10-05,"1,317.59",,,,,,
2010-10-04,"1,320.22",,,,,,
2010-10-01,"1,323.41",,,,,,
2010-09-30,"1,325.59",,,,,,
2010-09-29,"1,328.16",,,,,,
2010-09-28,"1,328.04",,,,,,
2010-09-27,"1,327.93",,,,,,
2010-09-24,"1,325.69",,,,,,
2010-09-23,"1,324.51",,,,,,
2010-09-22,"1,327.59",,,,,,
2010-09-21,"1,332.76",,,,,,
2010-09-20,"1,336.08",,,,,,
2010-09-17,"1,338.18",,,,,,
2010-09-16,"1,334.37",,,,,,
2010-09-15,"1,329.86",,,,,,
2010-09-14,"1,326.14",,,,,,
2010-09-13,"1,323.30",,,,,,
2010-09-10,"1,319.86",,,,,,
2010-09-09,"1,319.59",,,,,,
2010-09-08,"1,320.98",,,,,,
2010-09-07,"1,323.35",,,,,,
2010-09-06,"1,327.58",,,,,,
2010-09-03,"1,318.81",,,,,,
2010-09-02,"1,308.98",,,,,,
2010-09-01,"1,304.56",,,,,,
2010-08-31,"1,301.80",,,,,,
2010-08-30,"1,300.10",,,,,,
2010-08-27,"1,299.69",,,,,,
2010-08-26,"1,302.87",,,,,,
2010-08-25,"1,305.45",,,,,,
2010-08-24,"1,307.36",,,,,,
2010-08-23,"1,309.34",,,,,,
2010-08-20,"1,312.68",,,,,,
2010-08-19,"1,316.05",,,,,,
2010-08-18,"1,318.42",,,,,,
2010-08-17,"1,321.65",,,,,,
2010-08-16,"1,324.71",,,,,,
2010-08-13,"1,327.10",,,,,,
2010-08-12,"1,333.59",,,,,,
2010-08-11,"1,338.19",,,,,,
2010-08-10,"1,341.07",,,,,,
2010-08-09,"1,343.20",,,,,,
2010-08-06,"1,345.97",,,,,,
2010-08-05,"1,347.82",,,,,,
2010-08-04,"1,349.94",,,,,,
2010-08-03,"1,352.27",,,,,,
2010-08-02,"1,353.49",,,,,,
2010-07-30,"1,356.29",,,,,,
2010-07-29,"1,358.18",,,,,,
2010-07-28,"1,360.25",,,,,,
2010-07-27,"1,362.51",,,,,,
2010-07-26,"1,365.04",,,,,,
2010-07-23,"1,366.64",,,,,,
2010-07-22,"1,366.75",,,,,,
2010-07-21,"1,366.80",,,,,,
2010-07-20,"1,367.02",,,,,,
2010-07-19,"1,366.98",,,,,,
2010-07-16,"1,366.86",,,,,,
2010-07-15,"1,369.03",,,,,,
2010-07-14,"1,369.38",,,,,,
2010-07-09,"1,369.82",,,,,,
2010-07-08,"1,368.47",,,,,,
2010-07-07,"1,367.20",,,,,,
2010-07-06,"1,366.15",,,,,,
2010-07-05,"1,366.06",,,,,,
2010-07-02,"1,365.88",,,,,,
2010-07-01,"1,367.27",,,,,,
2010-06-30,"1,368.65",,,,,,
2010-06-29,"1,371.25",,,,,,
2010-06-28,"1,372.07",,,,,,
2010-06-25,"1,375.87",,,,,,
2010-06-24,"1,378.27",,,,,,
2010-06-23,"1,379.38",,,,,,
2010-06-22,"1,380.05",,,,,,
2010-06-21,"1,380.31",,,,,,
2010-06-18,"1,380.77",,,,,,
2010-06-17,"1,380.68",,,,,,
2010-06-16,"1,380.83",,,,,,
2010-06-15,"1,380.80",,,,,,
2010-06-14,"1,383.25",,,,,,
2010-06-11,"1,385.13",,,,,,
2010-06-10,"1,385.38",,,,,,
2010-06-09,"1,385.09",,,,,,
2010-06-08,"1,384.34",,,,,,
2010-06-07,"1,384.11",,,,,,
2010-06-04,"1,383.57",,,,,,
2010-06-03,"1,383.40",,,,,,
2010-06-02,"1,383.73",,,,,,
2010-05-31,"1,384.85",,,,,,
2010-05-28,"1,385.56",,,,,,
2010-05-27,"1,385.81",,,,,,
2010-05-26,"1,385.98",,,,,,
2010-05-25,"1,386.95",,,,,,
2010-05-24,"1,389.65",,,,,,
2010-05-21,"1,390.86",,,,,,
2010-05-20,"1,392.36",,,,,,
2010-05-19,"1,389.54",,,,,,
2010-05-18,"1,386.64",,,,,,
2010-05-17,"1,384.60",,,,,,
2010-05-14,"1,383.62",,,,,,
2010-05-13,"1,384.21",,,,,,
2010-05-12,"1,385.85",,,,,,
2010-05-11,"1,386.65",,,,,,
2010-05-10,"1,387.65",,,,,,
2010-05-07,"1,395.07",,,,,,
2010-05-06,"1,394.06",,,,,,
2010-05-05,"1,390.59",,,,,,
2010-05-04,"1,384.13",,,,,,
2010-05-03,"1,377.35",,,,,,
2010-04-30,"1,372.46",,,,,,
2010-04-29,"1,373.24",,,,,,
2010-04-28,"1,375.31",,,,,,
2010-04-27,"1,379.90",,,,,,
2010-04-26,"1,383.33",,,,,,
2010-04-23,"1,395.98",,,,,,
2010-04-22,"1,400.55",,,,,,
2010-04-21,"1,406.32",,,,,,
2010-04-20,"1,408.81",,,,,,
2010-04-19,"1,410.46",,,,,,
2010-04-16,"1,401.47",,,,,,
2010-04-15,"1,392.05",,,,,,
2010-04-14,"1,385.47",,,,,,
2010-04-13,"1,384.72",,,,,,
2010-04-12,"1,382.91",,,,,,
2010-04-09,"1,372.30",,,,,,
2010-04-08,"1,367.36",,,,,,
2010-04-07,"1,365.26",,,,,,
2010-04-06,"1,365.02",,,,,,
2010-04-05,"1,364.98",,,,,,
2010-04-02,"1,364.69",,,,,,
2010-04-01,"1,365.47",,,,,,
2010-03-31,"1,367.10",,,,,,
2010-03-30,"1,369.43",,,,,,
2010-03-29,"1,370.43",,,,,,
2010-03-26,"1,372.97",,,,,,
2010-03-25,"1,375.61",,,,,,
2010-03-24,"1,389.93",,,,,,
2010-03-23,"1,405.30",,,,,,
2010-03-22,"1,412.32",,,,,,
2010-03-19,"1,415.53",,,,,,
2010-03-18,"1,416.92",,,,,,
2010-03-17,"1,418.79",,,,,,
2010-03-16,"1,420.07",,,,,,
2010-03-15,"1,420.00",,,,,,
2010-03-12,"1,420.99",,,,,,
2010-03-11,"1,423.91",,,,,,
2010-03-10,"1,425.94",,,,,,
2010-03-09,"1,427.52",,,,,,
2010-03-08,"1,427.52",,,,,,
2010-03-05,"1,430.28",,,,,,
2010-03-04,"1,440.90",,,,,,
2010-03-03,"1,445.96",,,,,,
2010-03-02,"1,447.62",,,,,,
2010-03-01,"1,449.82",,,,,,
2010-02-26,"1,447.75",,,,,,
2010-02-25,"1,445.14",,,,,,
2010-02-24,"1,440.91",,,,,,
2010-02-23,"1,438.19",,,,,,
2010-02-22,"1,438.09",,,,,,
2010-02-19,"1,438.08",,,,,,
2010-02-18,"1,437.80",,,,,,
2010-02-17,"1,439.30",,,,,,
2010-02-16,"1,439.30",,,,,,
2010-02-15,"1,439.30",,,,,,
2010-02-12,"1,442.52",,,,,,
2010-02-11,"1,446.80",,,,,,
2010-02-10,"1,448.60",,,,,,
2010-02-09,"1,451.03",,,,,,
2010-02-08,"1,453.57",,,,,,
2010-02-05,"1,455.20",,,,,,
2010-02-04,"1,454.01",,,,,,
2010-02-03,"1,455.03",,,,,,
2010-02-02,"1,455.29",,,,,,
2010-02-01,"1,455.70",,,,,,
2010-01-29,"1,456.06",,,,,,
2010-01-28,"1,453.74",,,,,,
2010-01-27,"1,451.74",,,,,,
2010-01-26,"1,448.82",,,,,,
2010-01-25,"1,447.82",,,,,,
2010-01-22,"1,446.63",,,,,,
2010-01-21,"1,447.30",,,,,,
2010-01-20,"1,448.16",,,,,,
2010-01-19,"1,451.29",,,,,,
2010-01-18,"1,454.66",,,,,,
2010-01-15,"1,458.00",,,,,,
2010-01-14,"1,461.99",,,,,,
2010-01-13,"1,463.25",,,,,,
2010-01-12,"1,470.64",,,,,,
2010-01-11,"1,469.99",,,,,,
2010-01-08,"1,463.79",,,,,,
2010-01-07,"1,459.99",,,,,,
2010-01-06,"1,452.77",,,,,,
2010-01-05,"1,449.51",,,,,,
2010-01-04,"1,445.55",,,,,,