date,spy_open,spy_high,spy_low,spy_close,spy_volume,spy_return_1d,spy_gap_pct,spy_range_pct,spy_return_5d,spy_return_20d,qqq_open,qqq_high,qqq_low,qqq_close,qqq_volume,qqq_return_1d,qqq_gap_pct,qqq_range_pct,qqq_return_5d,qqq_return_20d,dia_open,dia_high,dia_low,dia_close,dia_volume,dia_return_1d,dia_gap_pct,dia_range_pct,dia_return_5d,dia_return_20d,vix_close,vix_pct_chg,market_direction
2020-01-02,294.91296621198353,296.1435228475682,293.9923228046252,296.1252746582031,59151200.0,,,,,,206.3945739224965,208.0888671875,205.9902579449058,208.0888671875,30969400.0,,,,,,254.43389468565942,256.3791915917788,254.17629098873275,256.37030029296875,3865500.0,,,,,,12.470000267028809,,0
2020-01-03,292.74359626818324,295.0041745676097,292.68890732538284,293.88299560546875,77709700.0,-0.76,-1.1400000000000001,0.7799999999999999,,,205.33568349207874,207.42465700741818,205.31642615077655,206.1828155517578,27518900.0,-0.9199999999999999,-1.32,1.01,,,253.45694616605408,255.02916182425258,253.3148208415496,254.32745361328125,3296700.0,-0.8,-1.1400000000000001,0.67,,,14.020000457763672,12.43,-1
2020-01-06,292.1328420420894,295.0861837981025,292.01434006994486,295.004150390625,55653900.0,0.38,-0.6,1.05,,,204.56553489290675,207.54015491021366,204.31524823238857,207.5112762451172,21655300.0,0.64,-0.7799999999999999,1.5599999999999998,,,252.52411576663766,254.95794597645116,252.40863732177215,254.91354370117188,1645100.0,0.22999999999999998,-0.7100000000000001,1.0,,,13.850000381469727,-1.21,1
2020-01-07,294.43891159464124,294.9129193650481,293.72792775638845,294.1745910644531,40496400.0,-0.27999999999999997,-0.19,0.4,,,207.58828468928186,208.06961534518254,206.827788716139,207.48239135742188,22139300.0,-0.01,0.04,0.6,,,254.309512785168,254.74477979179443,253.66996277661494,253.8120880126953,1413000.0,-0.43,-0.24,0.42,,,13.789999961853027,-0.43,-1
2020-01-08,294.3660894233574,296.95480128822834,294.1199891894408,295.74249267578125,68296000.0,0.53,0.06999999999999999,0.96,,,207.45354561144848,209.99497129030985,207.12624423887158,209.04193115234375,26397300.0,0.75,-0.01,1.38,,,253.43916832364715,256.41485435673127,253.2259668018685,255.2867431640625,3136700.0,0.58,-0.15,1.26,,,13.449999809265137,-2.4699999999999998,1
2020-01-09,297.30119760730037,297.82077038824355,296.71781178644477,297.7478332519531,48473300.0,0.6799999999999999,0.53,0.37,0.5499999999999999,,210.7650811571285,211.21753317284433,209.58101179361842,210.81321716308594,23547000.0,0.8500000000000001,0.8200000000000001,0.7799999999999999,1.31,,256.6635559852704,257.45409580927696,256.20164196404244,257.20538330078125,1783100.0,0.75,0.54,0.49,0.33,,12.539999961853027,-6.77,1
2020-01-10,298.33117684890317,298.4861195611985,296.42610473911026,296.8909606933594,53029300.0,-0.29,0.2,0.69,1.02,,211.64111627023362,211.6603589222655,209.89868678422323,210.2741241455078,21898500.0,-0.26,0.38999999999999996,0.84,1.9800000000000002,,257.56077267058583,257.63184890211556,255.67765914964593,256.032958984375,2989600.0,-0.45999999999999996,0.13999999999999999,0.76,0.67,,12.5600004196167,0.16,-1
2020-01-13,297.5107715003253,298.9418355342063,297.0823563543286,298.9327392578125,47086800.0,0.69,0.21,0.63,1.3299999999999998,,211.14055103559195,212.72893665361346,210.80361363101824,212.70005798339844,22756900.0,1.15,0.41000000000000003,0.9199999999999999,2.5,,256.52145540335556,256.77903213180264,255.94408992880335,256.7257385253906,1463300.0,0.27,0.19,0.33,0.7100000000000001,,12.319999694824219,-1.91,1
2020-01-14,298.49524063629786,299.54348231822837,297.9209789989077,298.4770202636719,62832800.0,-0.15,-0.15,0.54,1.46,,212.59415098290106,212.95034570776983,211.5352322018764,211.86253356933594,24418100.0,-0.38999999999999996,-0.05,0.67,2.11,,256.5924839300988,258.0314654030799,256.4592499247544,256.90338134765625,2198500.0,0.06999999999999999,-0.05,0.61,1.22,,12.390000343322754,0.5700000000000001,-1
2020-01-15,298.38584690535674,299.9080685509151,298.3038135068561,299.1515197753906,72056600.0,0.22999999999999998,-0.03,0.54,1.15,,211.97799059898475,212.94065178670863,211.25599470819185,211.94911193847656,25742100.0,0.04,0.05,0.8,1.39,,256.7169571227051,258.69776671765584,256.66366349910544,257.9072265625,2195100.0,0.38999999999999996,-0.06999999999999999,0.79,1.03,,12.420000076293945,0.24,1
2020-01-16,300.52792945323296,301.6399841308594,300.30004962435345,301.6399841308594,54050300.0,0.83,0.45999999999999996,0.44999999999999996,1.31,,213.00807927105038,214.01887661802502,212.5556272651574,213.98036193847656,18805000.0,0.96,0.5,0.69,1.5,,259.04412157773123,260.2343906462578,258.90199625658335,260.1988525390625,2522000.0,0.89,0.44,0.52,1.16,,12.319999694824219,-0.8099999999999999,1
2020-01-17,302.3509165966451,302.7884279904779,301.5761197469233,302.57879638671875,95846000.0,0.31,0.24,0.4,1.92,,214.94300412180323,215.2125480984314,213.826313539175,215.03927612304688,24325200.0,0.49,0.44999999999999996,0.65,2.27,,260.84564437707326,260.9256224147788,260.19692458666435,260.62347412109375,2147400.0,0.16,0.25,0.27999999999999997,1.79,,12.100000381469727,-1.79,1
2020-01-21,301.6217259743135,302.78846954692693,301.5488166711206,301.986328125,77742400.0,-0.2,-0.32,0.41000000000000003,1.02,,214.44242044664878,215.4820963868952,214.34616313252403,214.94300842285156,21146300.0,-0.04,-0.27999999999999997,0.53,1.05,,259.8859818081961,260.6324709039611,258.93508623414664,259.3438720703125,4476900.0,-0.49,-0.27999999999999997,0.65,1.02,,12.850000381469727,6.2,-1
2020-01-22,302.8432196250379,303.4904184768439,301.8679149339362,302.0228576660156,48914900.0,0.01,0.27999999999999997,0.54,1.1900000000000002,,216.03083166997536,216.7431916501498,215.24144233199746,215.510986328125,20736400.0,0.26,0.51,0.7000000000000001,1.72,,259.9392419810438,260.4457967563637,259.1216433724364,259.3260498046875,2077000.0,-0.01,0.22999999999999998,0.51,0.9400000000000001,,12.90999984741211,0.47000000000000003,1
2020-01-23,301.3755880663374,302.77933537903976,300.2635335646252,302.369140625,51963000.0,0.11,-0.21,0.83,1.08,,215.3858938599657,216.30041936652574,214.38471765289333,216.2041473388672,26496100.0,0.32,-0.06,0.89,2.01,,258.3839635700478,259.3703863203192,257.36198599118285,259.0860290527344,1872600.0,-0.09,-0.36,0.77,0.45999999999999996,,12.979999542236328,0.54,1
2020-01-24,303.0254945486543,303.1075279519649,298.39496067890184,299.6802062988281,87578400.0,-0.89,0.22,1.5599999999999998,-0.65,,217.21494709781263,217.4459911531301,213.39317964760033,214.3847198486328,37436500.0,-0.84,0.47000000000000003,1.87,0.19,,259.9749230195825,260.1793024306472,256.2424494490945,257.5399169921875,3612500.0,-0.6,0.33999999999999997,1.52,-1.02,,14.5600004196167,12.17,-1
2020-01-27,294.4480801750021,296.3531521856209,294.1108224827082,294.8764953613281,84062500.0,-1.6,-1.7500000000000002,0.75,-2.55,,209.54249938714563,211.0923847858952,209.07079002611857,209.95645141601562,42264400.0,-2.07,-2.26,0.9400000000000001,-2.36,,253.14095282456933,254.74056881621902,252.26113962079344,253.5941619873047,4129100.0,-1.53,-1.71,0.96,-2.7,,18.229999542236328,25.21,-1
2020-01-28,296.298487210109,298.84163406721996,294.9676767051918,297.9665832519531,63834000.0,1.05,0.48,1.31,-1.3299999999999998,,211.43893603364953,213.67231739217365,210.8805906940185,213.1813507080078,26731900.0,1.54,0.7100000000000001,1.3299999999999998,-0.8200000000000001,,254.3583848132081,256.109088210738,253.9407034811963,255.3092803955078,2999200.0,0.6799999999999999,0.3,0.86,-1.5599999999999998,,16.280000686645508,-10.7,1
2020-01-29,299.32480337785205,299.55268327227856,297.5199845997412,297.72052001953125,53888900.0,-0.08,0.45999999999999996,0.6799999999999999,-1.4200000000000002,,214.36541898599006,214.60608431969396,212.584504330009,213.5279083251953,28924500.0,0.16,0.5599999999999999,0.95,-0.9199999999999999,,256.8200224641863,257.07774765723275,255.23817069792096,255.3092803955078,2126300.0,0.0,0.59,0.72,-1.55,,16.389999389648438,0.6799999999999999,-1
2020-01-30,295.66030404986134,298.89621334965136,294.9128795742361,298.6865539550781,75491800.0,0.32,-0.69,1.34,-1.22,,212.15128205303816,214.384648420806,211.4870434682269,214.28839111328125,39568100.0,0.36,-0.64,1.3599999999999999,-0.89,,253.8694731814963,256.62436215088593,253.14074836748273,256.41998291015625,3433200.0,0.44,-0.5599999999999999,1.3599999999999999,-1.03,,15.489999771118164,-5.489999999999999,1
2020-01-31,298.06685040639036,298.2218209474655,292.35163365596884,293.2631530761719,113845600.0,-1.82,-0.21,1.97,-2.1399999999999997,-0.97,215.1836740824446,215.21255274563228,210.13932370267952,210.8902130126953,52015800.0,-1.59,0.42,2.37,-1.63,1.35,255.0161638951373,255.25612537787563,250.26171005501826,250.9815673828125,4885700.0,-2.12,-0.5499999999999999,1.95,-2.55,-2.1,18.84000015258789,21.63,-1
2020-02-03,294.7398209430448,297.3011883827756,294.62131896327486,295.4416809082031,69083000.0,0.74,0.5,0.91,0.19,0.53,211.92026298780607,214.56758162518346,211.7758696650221,214.07662963867188,25408600.0,1.51,0.49,1.32,1.96,3.83,252.10990493152678,254.3938215186682,251.9410533786788,252.3676300048828,3157400.0,0.5499999999999999,0.44999999999999996,0.98,-0.48,-0.77,17.969999313354492,-4.62,1
2020-02-04,299.04215432222543,300.81050405404096,298.7231169921296,299.9445495605469,62573200.0,1.52,1.22,0.7100000000000001,0.66,1.67,217.00310393852186,219.3519998115752,216.26185064011347,218.9765625,30691200.0,2.29,1.37,1.44,2.7199999999999998,5.53,255.6558601520484,256.82892611586914,255.42482142855954,255.97579956054688,3004100.0,1.43,1.3,0.5599999999999999,0.26,0.42,16.049999237060547,-10.68,1
2020-02-05,302.8704711762649,303.61792358805616,301.41206272649225,303.40826416015625,65951100.0,1.15,0.98,0.74,1.91,3.1399999999999997,221.61426389329836,221.6527638820413,218.37972134420056,219.6985626220703,38534800.0,0.33,1.2,1.49,2.8899999999999997,5.89,258.3930071041946,260.4191995687337,257.67317735497704,260.25921630859375,3305900.0,1.67,0.9400000000000001,1.0699999999999998,1.94,2.54,15.149999618530273,-5.609999999999999,1
2020-02-06,304.3654472195234,304.62067153969036,303.35364621707834,304.42926025390625,50359700.0,0.33999999999999997,0.32,0.42,1.92,2.94,220.2472362904374,221.65272802141786,219.46748311539727,221.594970703125,22467100.0,0.86,0.25,0.9900000000000001,3.4099999999999997,6.01,261.28999782709303,261.39666233637456,259.89478916195486,261.0411682128906,2857200.0,0.3,0.4,0.58,1.7999999999999998,2.25,14.960000038146973,-1.25,1
2020-02-07,303.3719308599242,304.4383931119409,302.25987594185665,302.8067932128906,64139400.0,-0.53,-0.35000000000000003,0.72,3.25,1.7000000000000002,220.60346778448653,221.8356730775583,220.00660778790325,220.6419677734375,25884900.0,-0.43,-0.44999999999999996,0.83,4.62,4.66,260.17022942083554,260.21465261775825,258.30399410347025,258.7749938964844,3839300.0,-0.8699999999999999,-0.33,0.73,3.11,0.61,15.470000267028809,3.4099999999999997,-1
2020-02-10,301.92265678230643,305.1311958627106,301.8861882082759,305.0673828125,42070000.0,0.75,-0.29,1.0699999999999998,3.26,2.75,219.9103396565095,223.3181540393469,219.8525823314005,223.30853271484375,21478900.0,1.21,-0.33,1.5699999999999998,4.31,6.2,257.89545018147305,260.34819332663454,257.85989531837964,260.3393249511719,2877700.0,0.6,-0.33999999999999997,0.96,3.16,1.68,15.039999961853027,-2.78,1
2020-02-11,306.41633961218275,307.2002328793031,305.0672809970112,305.5959777832031,54864500.0,0.16999999999999998,0.44,0.7000000000000001,1.8800000000000001,2.23,224.54068985302013,225.28194297425551,222.75976103537513,223.34698486328125,30198000.0,0.02,0.5499999999999999,1.13,2.0,5.01,261.583335585227,261.6455497826275,259.7437588591285,260.3302917480469,1994500.0,-0.0,0.48,0.73,1.7000000000000002,1.4000000000000001,15.180000305175781,0.9299999999999999,1
2020-02-12,307.0269985310537,307.77445094789596,306.66239641614675,307.5648193359375,43992700.0,0.64,0.47000000000000003,0.36,1.37,3.04,224.665906561869,225.62856789472264,224.10756122612838,225.52267456054688,24471300.0,0.97,0.59,0.6799999999999999,2.65,6.45,261.8321524911041,262.9341085266528,261.7432789449215,262.8008117675781,2804400.0,0.95,0.58,0.45999999999999996,0.98,2.3,13.739999771118164,-9.49,1
2020-02-13,306.14282963542433,308.2028719590965,305.86938499837,307.2366638183594,54501900.0,-0.11,-0.45999999999999996,0.76,0.9199999999999999,2.7,223.9535301346014,226.15801810640116,223.68398613863585,225.23387145996094,22773200.0,-0.13,-0.7000000000000001,1.0999999999999999,1.6400000000000001,6.2700000000000005,261.6187587673003,262.9073296798805,261.20107769844236,262.0008850097656,2638000.0,-0.3,-0.44999999999999996,0.65,0.37,1.59,14.149999618530273,2.98,-1
2020-02-14,307.64690946641167,307.8474448392001,306.4528213248784,307.72894287109375,64582200.0,0.16,0.13,0.44999999999999996,1.63,2.02,225.59005912839783,226.09064714753535,224.82956311869074,225.8788604736328,23438500.0,0.29,0.16,0.5599999999999999,2.37,5.56,262.13435427723095,262.2765465560236,260.7391179669573,261.7522277832031,1861700.0,-0.09,0.05,0.59,1.15,0.6,13.680000305175781,-3.32,1
2020-02-18,306.73540821888315,307.7927740817303,305.5504162851949,306.9359436035156,57226200.0,-0.26,-0.32,0.73,0.61,1.44,224.78143050256236,226.38907323212206,224.54076515941188,225.9654998779297,24394500.0,0.04,-0.49,0.8200000000000001,1.1900000000000002,5.08,260.51704502581055,261.1657924552979,259.28179151756,260.3393249511719,2397800.0,-0.54,-0.47000000000000003,0.72,0.0,-0.11,14.829999923706055,8.41,-1
2020-02-19,307.9020874174254,309.0779271915285,307.61951868249895,308.4034118652344,48814700.0,0.48,0.31,0.48,0.9199999999999999,2.12,227.31321643870044,228.6031790494799,227.0436724510464,228.1314697265625,22230500.0,0.96,0.6,0.69,2.1399999999999997,6.140000000000001,261.06780407092754,261.9120618576502,260.73012807662997,261.361083984375,1474400.0,0.38999999999999996,0.27999999999999997,0.44999999999999996,0.4,0.7799999999999999,14.380000114440918,-3.0300000000000002,1
2020-02-20,307.8565243216202,308.67691395841035,304.15575813081296,307.1364440917969,74163400.0,-0.41000000000000003,-0.18,1.47,-0.13999999999999999,1.69,227.63088940490908,228.1025840242257,223.2218990442658,226.01361083984375,42604000.0,-0.9299999999999999,-0.22,2.1399999999999997,0.22,4.87,260.88131128075213,261.53005847024144,257.86869541811905,260.1881408691406,3493900.0,-0.44999999999999996,-0.18,1.4000000000000001,-0.9900000000000001,0.33,15.5600004196167,8.21,-1
2020-02-21,305.78739481387316,306.09730805211063,303.1530905628107,303.9734802246094,113788200.0,-1.03,-0.44,0.96,-1.06,0.53,224.8872974103317,225.2723560384982,220.7574870704223,221.67201232910156,66017200.0,-1.92,-0.5,2.0,-1.58,2.53,259.1399975060393,259.3627794939898,257.3131960828716,258.1954040527344,3271800.0,-0.77,-0.4,0.79,-1.4500000000000002,-0.33999999999999997,17.079999923706055,9.77,-1
2020-02-24,294.5484154937722,304.04643281297626,292.81650624331786,293.8921203613281,161088400.0,-3.32,-3.1,3.6900000000000004,-4.5,-1.9300000000000002,213.40276152038396,215.87680824645918,212.0357841628467,213.12359619140625,84522600.0,-3.8600000000000003,-3.73,1.73,-5.65,-0.59,249.80996877237416,251.99324384905825,248.5980474136966,249.12380981445312,6595200.0,-3.51,-3.25,1.31,-4.82,-3.27,25.030000686645508,46.550000000000004,-1
2020-02-25,295.2776038121276,295.8883062471929,284.11149089171784,284.9865417480469,218913200.0,-3.0300000000000002,0.47000000000000003,4.01,-7.1499999999999995,-3.35,214.9141610556472,215.62653579132436,206.72191769607358,207.32838439941406,97743000.0,-2.7199999999999998,0.84,4.18,-8.25,-1.25,250.22878166084573,250.72781126523188,240.4976771802419,241.22840881347656,9903700.0,-3.17,0.44,4.109999999999999,-7.340000000000001,-4.88,27.850000381469727,11.27,-1
2020-02-26,286.3810972156628,289.9633610159589,283.2090281846531,283.938232421875,194773800.0,-0.37,0.49,2.37,-7.93,-4.71,208.61834956856265,212.0550429818306,206.8759201700028,208.3969268798828,79537700.0,0.52,0.62,2.5,-8.649999999999999,-2.2399999999999998,242.37814799460173,245.33670255714003,239.5621773237023,240.37310791015625,7477600.0,-0.35000000000000003,0.48,2.39,-8.03,-5.8500000000000005,27.559999465942383,-1.04,-1
2020-02-27,278.4326260777627,283.99289834255785,271.1860656738281,271.1860656738281,284353500.0,-4.49,-1.94,4.51,-11.709999999999999,-8.91,203.0252787407927,208.33917366018667,197.82691317530848,197.96168518066406,121822600.0,-5.01,-2.58,5.04,-12.41,-7.290000000000001,236.02431560348973,238.58187761237863,229.36761085270243,229.4656219482422,11188900.0,-4.54,-1.81,3.83,-11.81,-10.12,39.15999984741211,42.089999999999996,-1
2020-02-28,263.15569806188904,271.5325647241753,260.2752930240666,270.0467834472656,384975800.0,-0.42,-2.96,4.15,-11.16,-9.59,191.22306338168502,199.43456409770943,190.7706113403432,198.11572265625,148173700.0,0.08,-3.4000000000000004,4.38,-10.63,-7.55,223.2455644395405,227.34474827729434,220.10878762637833,226.84571838378906,17541400.0,-1.1400000000000001,-2.71,3.15,-12.139999999999999,-11.53,40.11000061035156,2.4299999999999997,-1
2020-03-02,271.82406323577266,281.80520704679384,268.40586711108745,281.74139404296875,238703600.0,4.33,0.66,4.96,-4.130000000000001,-3.93,201.0806679001257,208.48353457441118,198.25044173808763,208.33912658691406,112933900.0,5.16,1.5,5.17,-2.2399999999999998,-1.21,228.76154182818638,238.15404187055626,226.40005723555754,237.95799255371094,8544500.0,4.9,0.84,5.18,-4.4799999999999995,-5.19,33.41999816894531,-16.68,1
2020-03-03,282.1153329998057,286.0713249612982,271.240910200409,273.6746520996094,300139100.0,-2.86,0.13,5.26,-3.9699999999999998,-7.37,209.0033738201867,211.4100268213454,199.86771373973244,201.65826416015625,131953500.0,-3.2099999999999995,0.32,5.54,-2.73,-5.800000000000001,238.64425016931636,241.51368561325316,229.18046791738323,231.0696563720703,11482600.0,-2.8899999999999997,0.29,5.18,-4.21,-8.44,36.81999969482422,10.17,-1
2020-03-04,279.0342862432625,285.3967010302959,276.4911395839047,285.17791748046875,176613400.0,4.2,1.96,3.25,0.44,-4.92,205.35491080541635,210.17783851853628,203.47770956270426,210.0719451904297,73086200.0,4.17,1.83,3.32,0.8,-4.07,236.55005573230227,241.59381878075894,234.33112741976666,241.39779663085938,5408100.0,4.47,2.37,3.1399999999999997,0.43,-5.7,31.989999771118164,-13.120000000000001,1
2020-03-05,277.9951665598652,281.1763600202487,273.4649145191371,275.6981201171875,186366800.0,-3.32,-2.52,2.7,1.66,-9.13,204.7484628726104,208.2814285748599,202.25517328240088,203.6895294189453,78705500.0,-3.04,-2.53,2.87,2.8899999999999997,-7.290000000000001,235.49851466509384,237.51247374126334,231.30130712027952,232.99444580078125,5872900.0,-3.4799999999999995,-2.44,2.5700000000000003,1.54,-10.48,39.619998931884766,23.849999999999998,-1
2020-03-06,267.2119474918185,272.3438069509594,264.55032601369834,271.1405944824219,228667200.0,-1.6500000000000001,-3.08,2.83,0.41000000000000003,-10.93,197.02791641464526,201.34063558032835,195.33363755753174,200.25283813476562,89828400.0,-1.69,-3.27,2.9499999999999997,1.08,-9.629999999999999,226.05258698628185,231.78255087024058,224.94758264351265,230.66864013671875,7372400.0,-1.0,-2.98,2.93,1.69,-11.64,41.939998626708984,5.86,-1
2020-03-09,250.94129282702897,259.04471406948755,249.25500410266218,249.9659881591797,309417300.0,-7.8100000000000005,-7.449999999999999,3.61,-11.28,-17.45,186.25574126985805,193.64898916317597,184.93689972694642,186.34239196777344,116424000.0,-6.950000000000001,-6.99,4.35,-10.56,-15.55,215.2074684587562,220.17105924774935,211.34888157476837,212.73013305664062,10406900.0,-7.779999999999999,-6.7,3.82,-10.6,-17.79,54.459999084472656,29.849999999999998,-1
2020-03-10,259.4548189035631,262.99148976667317,249.3004824278456,262.9003601074219,276444100.0,5.17,3.8,5.48,-3.94,-13.819999999999999,193.6008461955448,196.67173859347517,186.4482639320729,196.48883056640625,100599200.0,5.45,3.9,5.489999999999999,-2.56,-12.01,220.36716252876997,223.26333017672576,211.2776544762325,223.20095825195312,9407100.0,4.92,3.5900000000000003,5.63,-3.4099999999999997,-14.27,47.29999923706055,-13.15,1
2020-03-11,255.8633745588797,256.99364912955997,246.9122519977793,250.08432006835938,255316300.0,-4.87,-2.68,3.83,-12.31,-18.17,191.9065362300721,193.25425617585452,185.53370842889754,187.9307403564453,89168800.0,-4.36,-2.33,3.93,-10.54,-15.86,217.0254130353151,218.24626823735844,208.16760781505,210.16372680664062,7687200.0,-5.84,-2.77,4.52,-12.94,-19.27,53.900001525878906,13.950000000000001,-1
2020-03-12,233.34892983989002,243.0657284595874,225.76508294392715,226.15704345703125,392220700.0,-9.569999999999999,-6.69,6.92,-17.97,-26.47,175.2909801794273,183.65650863431884,170.33328071109597,170.6990966796875,137820700.0,-9.17,-6.7299999999999995,7.090000000000001,-16.2,-24.310000000000002,196.49388835538798,204.0684826910832,188.76780376468432,189.01731872558594,17322600.0,-10.059999999999999,-6.5,7.28,-18.87,-28.08,75.47000122070312,40.02,-1
2020-03-13,239.81168618296002,247.45934891414748,226.53085295661577,245.49046325683594,329566100.0,8.55,6.04,9.25,-9.46,-20.1,180.08504987039206,187.21835867942104,171.478855812187,185.15826416015625,134882000.0,8.469999999999999,5.5,9.22,-7.539999999999999,-17.79,201.08316229439282,207.16957223817064,190.06881230141087,206.83985900878906,13676000.0,9.43,6.38,9.049999999999999,-10.33,-21.05,57.83000183105469,-23.369999999999997,1
2020-03-16,219.84020754106757,234.1692913616769,216.35821121478764,218.62789916992188,297240000.0,-10.94,-10.45,7.26,-12.540000000000001,-28.95,167.64744420772877,177.7842655957843,162.84377416044902,162.97854614257812,92054400.0,-11.98,-9.46,8.07,-12.540000000000001,-27.85,184.01807758403393,194.54230541456448,179.57134045093068,180.4446563720703,12407000.0,-12.76,-11.03,7.24,-15.18,-31.06,82.69000244140625,42.99,-1
2020-03-17,223.35866962977036,233.50389718402428,216.09387404457632,230.43206787109375,262070500.0,5.4,2.16,7.960000000000001,-12.35,-24.93,168.91816285210587,177.50509903983192,163.44061824425333,175.339111328125,121257100.0,7.580000000000001,3.64,8.63,-10.76,-22.400000000000002,184.47247657482455,191.12030011131787,177.64644368370116,190.2291717529297,16128100.0,5.42,2.23,7.470000000000001,-14.77,-26.93,75.91000366210938,-8.200000000000001,1
2020-03-18,215.34645080566406,226.39406110097966,207.8446502974257,218.7646484375,327597100.0,-5.06,-6.550000000000001,8.05,-12.520000000000001,-29.07,165.20231138074408,172.52816468747216,160.57191273504014,170.00599670410156,114156300.0,-3.04,-5.779999999999999,6.819999999999999,-9.54,-25.480000000000004,177.39692912544615,183.07341242658316,169.0203143841771,177.6820831298828,13369800.0,-6.6000000000000005,-6.75,7.39,-15.459999999999999,-32.019999999999996,76.44999694824219,0.7100000000000001,-1
2020-03-19,218.08099810602204,225.49165465544974,211.6730183757266,219.22950744628906,289322000.0,0.21,-0.31,6.32,-3.06,-28.62,169.12998408539326,176.63874595959146,165.22158114311028,171.02642822265625,120896500.0,0.6,-0.52,6.72,0.19,-24.33,176.77310147524875,182.66345958084256,171.38178659711565,179.3930206298828,13532100.0,0.96,-0.51,6.35,-5.09,-31.05,72.0,-5.82,1
2020-03-20,222.37076338943308,224.149511692918,209.50694631687315,209.78201293945312,347158800.0,-4.31,1.43,6.68,-14.549999999999999,-30.990000000000002,174.9540675165637,176.04186478188208,163.74869072798472,164.32627868652344,118983900.0,-3.92,2.3,7.19,-11.25,-25.869999999999997,181.70082585125283,183.4884281125752,170.71601595628877,171.5204315185547,12206000.0,-4.390000000000001,1.29,7.12,-17.080000000000002,-33.57,66.04000091552734,-8.28,-1
2020-03-23,209.22271174158334,210.58885308857097,200.1180920586079,204.4182586669922,326025200.0,-2.56,-0.27,4.99,-6.5,-30.44,164.88870592266807,168.06261919939575,159.11007109457017,164.4449462890625,124639800.0,0.06999999999999999,0.33999999999999997,5.45,0.8999999999999999,-22.84,169.93847174260935,170.89483218917806,162.76124728774326,166.36326599121094,15712300.0,-3.01,-0.9199999999999999,4.74,-7.8,-33.22,61.59000015258789,-6.74,-1
2020-03-24,214.9348561536564,223.81025556170377,214.3663954320049,222.939208984375,235494500.0,9.06,5.140000000000001,4.62,-3.25,-21.77,173.561465555149,177.3431375763082,171.6706221843956,177.17913818359375,94881800.0,7.739999999999999,5.54,3.45,1.05,-14.540000000000001,175.42642730004724,185.20461806365225,175.37280139123942,184.6951446533203,14123600.0,11.020000000000001,5.45,5.91,-2.91,-23.44,61.66999816894531,0.13,1
2020-03-25,224.51628064557806,235.04206747049008,219.8218620415987,226.2766876220703,299430300.0,1.5,0.7100000000000001,6.83,3.4299999999999997,-20.31,177.91232809492413,182.82271258391634,173.6290010211754,175.8671417236328,88754900.0,-0.74,0.41000000000000003,5.19,3.45,-15.61,188.20768916544893,196.78817085823576,183.51523376463192,189.53944396972656,17556100.0,2.62,1.9,7.19,6.67,-21.15,63.95000076293945,3.6999999999999997,1
2020-03-26,228.77971920189324,240.95586078896224,228.34878482606823,239.48887634277344,257632800.0,5.84,1.11,5.57,9.24,-11.690000000000001,177.38168606992068,185.91939774696826,177.13086611442938,185.12832641601562,79887600.0,5.27,0.86,5.0,8.25,-6.4799999999999995,191.65778862746927,201.88287674342112,191.28239375251184,201.1678466796875,16071900.0,6.140000000000001,1.1199999999999999,5.59,12.139999999999999,-12.33,61.0,-4.61,1
2020-03-27,232.21801874837786,239.13128235143066,230.18254563117415,232.3555450439453,224341200.0,-2.98,-3.04,3.74,10.76,-13.96,180.33374802416697,183.78742144963604,178.14386067142345,178.7612762451172,58845000.0,-3.44,-2.59,3.05,8.780000000000001,-9.77,194.50016274430524,199.55013622570905,191.783011936732,193.3739776611328,10545600.0,-3.8699999999999997,-3.3099999999999996,3.8600000000000003,12.740000000000002,-14.760000000000002,65.54000091552734,7.4399999999999995,-1
2020-03-30,234.44605962945386,240.61665407010992,232.45643301160396,239.9014892578125,171369500.0,3.25,0.8999999999999999,3.51,17.36,-14.85,180.45916242068188,185.69756024276714,179.76456807167224,185.263427734375,49356900.0,3.64,0.95,3.32,12.659999999999998,-11.08,194.27664964168062,199.9612264121469,192.25666362878135,199.40707397460938,7691800.0,3.1199999999999997,0.47000000000000003,3.9800000000000004,19.86,-16.2,57.08000183105469,-12.91,1
2020-03-31,238.90208181788717,241.4418275508448,234.92282878626662,236.32565307617188,194881100.0,-1.49,-0.42,2.7199999999999998,6.0,-13.65,184.9547021205792,188.36013644435263,182.5236222301767,183.6812744140625,62659300.0,-0.8500000000000001,-0.16999999999999998,3.15,3.6700000000000004,-8.91,198.3791997575067,200.88184617500508,195.2419620418345,195.94805908203125,8426600.0,-1.73,-0.52,2.83,6.09,-15.2,53.540000915527344,-6.2,-1
2020-04-01,227.36774076850008,236.24314028710725,223.62687128450554,225.68984985351562,189554600.0,-4.5,-3.7900000000000005,5.34,-0.26,-20.86,178.24998520367816,181.0380045603474,174.477954685729,175.8767852783203,53715400.0,-4.25,-2.96,3.5700000000000003,0.01,-16.28,188.27923708624272,191.97064079395187,185.7050986341244,187.1441192626953,8570300.0,-4.49,-3.91,3.2,-1.26,-22.470000000000002,57.060001373291016,6.569999999999999,-1
2020-04-02,224.80967193777292,231.67708998353663,224.2595386780604,230.8977508544922,177660400.0,2.31,-0.38999999999999996,3.29,-3.5900000000000003,-16.25,174.84455843155314,183.39191468551573,174.5840818460189,179.44622802734375,56465300.0,2.03,-0.59,5.01,-3.0700000000000003,-11.899999999999999,186.1877909788407,191.97962096397362,185.1777909049509,191.23777770996094,8231900.0,2.19,-0.51,3.63,-4.9399999999999995,-17.919999999999998,50.90999984741211,-10.780000000000001,1
2020-04-03,229.9166755402143,232.2638985790031,224.83716977069236,227.560302734375,135561200.0,-1.4500000000000002,-0.42,3.2199999999999998,-2.06,-16.07,179.00246512870046,180.46883272396678,174.89277913043884,176.89938354492188,47487600.0,-1.4200000000000002,-0.25,3.11,-1.04,-11.66,190.13831476274993,191.76503940164866,186.527364118714,188.23452758789062,6664500.0,-1.5699999999999998,-0.5700000000000001,2.74,-2.6599999999999997,-18.4,46.79999923706055,-8.07,-1
2020-04-06,236.40818218401068,244.80680088287363,227.54196002564834,242.84466552734375,188061200.0,6.72,3.8899999999999997,7.59,1.23,-2.85,183.75847655393267,190.67546505651794,182.5140036100985,189.5467529296875,64763500.0,7.1499999999999995,3.88,4.61,2.31,1.72,195.69782279552712,203.70628970841597,194.95596596283622,202.47283935546875,10322500.0,7.5600000000000005,3.9600000000000004,4.65,1.54,-4.82,45.2400016784668,-3.3300000000000005,1
2020-04-07,251.41747622455648,252.16932399949252,242.87218203318542,243.09222412109375,201427200.0,0.1,3.53,3.83,2.86,-7.53,195.22894158616256,195.50871656586375,189.08372522680358,189.4696044921875,69904500.0,-0.04,3.0,3.39,3.15,-3.5700000000000003,210.4544812500447,211.08013949525974,202.4013219991545,202.535400390625,10857700.0,0.03,3.94,4.29,3.36,-9.26,46.70000076293945,3.2300000000000004,1
2020-04-08,245.68700700539043,253.05872554058368,243.202271556666,251.25247192382812,153774500.0,3.36,1.0699999999999998,4.05,11.33,0.47000000000000003,191.15787427152372,194.07131164117683,189.2477466611197,193.49249267578125,45940400.0,2.12,0.89,2.55,10.02,2.96,204.80562712868647,210.2667535583492,202.74988143318208,209.4444580078125,7010200.0,3.4099999999999997,1.1199999999999999,3.71,11.92,-0.33999999999999997,43.349998474121094,-7.17,1
2020-04-09,254.50731705377976,257.82644327518784,252.57271536480266,255.0758056640625,189999200.0,1.52,1.3,2.09,10.47,12.790000000000001,195.20962881995843,196.04892419321612,192.0067754575091,193.77220153808594,68252600.0,0.13999999999999999,0.89,2.09,7.9799999999999995,13.52,212.58174352162865,214.68218248254294,210.14166926791745,211.95608520507812,9393200.0,1.2,1.5,2.17,10.83,12.139999999999999,41.66999816894531,-3.88,1
2020-04-13,254.10393966346695,254.443180523553,248.8502112627236,252.7469482421875,114839100.0,-0.91,-0.38,2.19,11.07,2.96,192.94256764018388,196.24188378038906,191.73667659243273,195.8656463623047,42853900.0,1.08,-0.43,2.33,10.72,5.779999999999999,211.30361094493367,211.5538742680127,206.43239561155724,209.11380004882812,6761900.0,-1.34,-0.31,2.42,11.09,1.0999999999999999,41.16999816894531,-1.2,-1
2020-04-14,257.6248038351175,261.2189556921162,252.60947200950213,260.20123291015625,134143400.0,2.9499999999999997,1.9300000000000002,3.4099999999999997,7.1499999999999995,19.02,199.9174086917818,205.00144874228786,199.1359937600668,204.384033203125,63959600.0,4.35,2.07,2.9899999999999998,7.829999999999999,25.41,213.35044237341452,214.93247504773524,211.72373052909168,214.2263641357422,5391900.0,2.44,2.03,1.53,5.800000000000001,18.72,37.7599983215332,-8.28,1
2020-04-15,254.4982607416238,260.3387789369605,252.56363036130944,254.67247009277344,121775000.0,-2.12,-2.19,2.9899999999999998,4.760000000000001,10.52,201.1233207046582,204.35511447733495,199.8113107060023,202.039794921875,47036000.0,-1.15,-1.6,2.22,6.63,15.229999999999999,209.57852090407053,211.45550905267035,207.71047949682398,210.11480712890625,6828000.0,-1.92,-2.17,1.7500000000000002,3.74,10.45,40.84000015258789,8.16,-1
2020-04-16,255.94687953066466,256.75373788155946,252.83867290726175,255.9010467529297,131798300.0,0.48,0.5,1.54,1.8499999999999999,16.98,204.220041332607,206.80546439797175,202.29061586161308,205.72499084472656,64657400.0,1.82,1.08,2.23,6.32,21.01,210.66898278783134,210.99075183054546,207.5227981077738,210.3472137451172,6126400.0,0.11,0.26,1.6500000000000001,0.43,18.38,40.11000061035156,-1.79,1
2020-04-17,261.658962878332,263.4193550866855,258.9266530783905,262.8142395019531,146684800.0,2.7,2.25,1.76,3.0300000000000002,19.88,208.54199102410055,208.8699898853912,204.59631869764576,207.6930389404297,62863200.0,0.96,1.37,2.08,7.180000000000001,21.44,216.06174777129655,217.0096985964507,213.06585308799936,216.8040008544922,5924500.0,3.0700000000000003,2.7199999999999998,1.87,2.29,20.849999999999998,38.150001525878906,-4.89,1
2020-04-20,259.11925837284326,262.95183530213035,257.96400942467557,258.1840515136719,100109300.0,-1.76,-1.41,1.9,2.15,23.07,205.83111892088505,208.26219924335518,205.06900230315188,205.23300170898438,38249100.0,-1.18,-0.8999999999999999,1.54,4.78,24.89,213.05686943897817,215.62349200812795,211.28615531676934,211.62599182128906,7357400.0,-2.39,-1.73,2.0,1.2,23.380000000000003,43.83000183105469,14.89,-1
2020-04-21,253.7280442757594,254.92915404106213,249.40952219223675,250.34475708007812,126385700.0,-3.04,-1.73,2.1399999999999997,-3.7900000000000005,22.470000000000002,203.168520189689,203.70875699876774,196.44447084168215,197.66000366210938,72932800.0,-3.6900000000000004,-1.01,3.54,-3.29,20.200000000000003,206.8773731092818,208.67490209491672,205.16032744109333,205.88470458984375,6571400.0,-2.71,-2.2399999999999998,1.66,-3.8899999999999997,23.76,45.40999984741211,3.5999999999999996,-1
2020-04-22,255.21338720127235,257.64311202094046,253.89307862361522,255.9010467529297,92951600.0,2.22,1.94,1.5,0.48,14.790000000000001,201.72144351385245,204.856759976232,200.97861056876033,203.52545166015625,40089100.0,2.97,2.0500000000000003,1.96,0.74,14.87,209.6228672431101,211.29520916714483,208.71963366829937,209.95376586914062,4318000.0,1.9800000000000002,1.82,1.25,-0.08,13.68,41.97999954223633,-7.55,1
2020-04-23,257.17555508386147,260.3388009581545,255.5801935025374,255.88275146484375,104709700.0,-0.01,0.5,1.8599999999999999,-0.01,13.08,204.3165137465589,206.8730114526164,202.6861615090846,203.09133911132812,43278500.0,-0.21,0.38999999999999996,2.06,-1.28,15.479999999999999,210.6155244487287,213.66507532308196,210.00741006984273,210.2220458984375,6364800.0,0.13,0.32,1.7399999999999998,-0.06,10.91,41.380001068115234,-1.43,-1
2020-04-24,257.3955098331214,260.1186421969253,255.35085912854342,259.4493103027344,85063200.0,1.39,0.59,1.8599999999999999,-1.28,8.33,203.5254833764921,206.73797912654427,202.10735422411724,206.29420471191406,34231900.0,1.58,0.21,2.2800000000000002,-0.67,11.43,211.59915971489863,213.13734834627746,209.44390529413573,212.69020080566406,3568500.0,1.17,0.66,1.76,-1.9,5.7299999999999995,35.93000030517578,-13.170000000000002,1
2020-04-27,261.42067588061485,264.30884067979105,260.9622361353189,263.19024658203125,77896600.0,1.44,0.76,1.29,1.94,13.270000000000001,208.56128029584335,208.98575631914073,206.93091317015575,207.95350646972656,36451700.0,0.8,1.0999999999999999,1.0,1.3299999999999998,16.33,213.84391006776298,216.58940347506197,213.24473379178784,215.81137084960938,3632500.0,1.47,0.54,1.5699999999999998,1.9800000000000002,11.600000000000001,33.290000915527344,-7.35,1
2020-04-28,266.8302527082662,267.17867138306195,261.67739457497856,261.97998046875,105270000.0,-0.45999999999999996,1.38,2.09,4.65,9.2,209.65136266091562,209.65136266091562,203.75696771039384,204.03672790527344,46862800.0,-1.8800000000000001,0.8200000000000001,2.83,3.2300000000000004,10.13,219.11134984190224,219.245502363177,214.95288095386317,215.605712890625,4709900.0,-0.1,1.53,1.9900000000000002,4.72,8.12,33.56999969482422,0.84,-1
2020-04-29,267.2978754969445,270.36942737195216,266.27097494933463,268.8382263183594,118745600.0,2.62,2.03,1.5599999999999998,5.06,13.76,208.5612692855443,212.20788260903336,207.5483178689419,211.27210998535156,48716400.0,3.55,2.22,2.2800000000000002,3.81,15.02,219.53159562036913,221.49010441433228,218.38689878436685,220.39906311035156,5015300.0,2.22,1.82,1.44,4.9799999999999995,12.479999999999999,31.229999542236328,-6.97,1
2020-04-30,267.462857175173,268.9390474225819,264.60219818898923,266.3351135253906,122901700.0,-0.9299999999999999,-0.51,1.6099999999999999,4.08,18.01,212.18856700260577,212.27538761746118,209.68032267790934,211.18527221679688,43359500.0,-0.04,0.43,1.23,3.9899999999999998,20.080000000000002,218.38696487729968,219.25443262981375,216.33903412546624,217.51055908203125,4928900.0,-1.31,-0.91,1.32,3.47,16.23,34.150001525878906,9.35,-1
2020-05-01,261.59485828058166,266.5001686462375,258.11987753446385,259.2843322753906,125180000.0,-2.65,-1.78,3.15,-0.06,12.29,206.93089089908722,209.02431586108833,204.210393799122,205.23300170898438,48795000.0,-2.82,-2.01,2.2800000000000002,-0.51,14.37,214.255307576612,214.92602917046096,211.5008759270351,212.19842529296875,4723500.0,-2.44,-1.5,1.5699999999999998,-0.22999999999999998,10.96,37.189998626708984,8.9,-1
2020-05-04,257.4047574252565,260.3021001779905,255.92859477193736,259.9995422363281,80873200.0,0.27999999999999997,-0.72,1.69,-1.21,14.26,203.99817348249172,207.8473681017223,203.67015994573165,207.62548828125,32841000.0,1.17,-0.6,2.04,-0.16,17.37,210.34722324179202,212.61872751261492,208.94317293911746,212.3236083984375,3845500.0,0.06,-0.8699999999999999,1.73,-1.6199999999999999,12.8,35.970001220703125,-3.2800000000000002,1
2020-05-05,262.81430977989436,265.20735144767355,260.1278320243504,262.4017028808594,79569900.0,0.9199999999999999,1.08,1.95,0.16,8.05,209.76716263198642,212.3718843602269,209.19798558832846,209.97940063476562,37783100.0,1.13,1.03,1.53,2.91,10.780000000000001,214.64875003849258,216.18693896240205,213.4682737567591,213.55770874023438,3143500.0,0.58,1.0999999999999999,1.28,-0.95,5.47,33.61000061035156,-6.5600000000000005,1
2020-05-06,264.09790497007816,264.48297858278846,260.19199044127004,260.6229248046875,73632600.0,-0.6799999999999999,0.65,1.6400000000000001,-3.06,7.21,211.65798922960508,213.24011768360376,210.41351615459038,211.27210998535156,36455200.0,0.62,0.8,1.35,0.0,11.51,214.93500564892878,215.11386204343322,211.59034876950452,211.82286071777344,3082300.0,-0.8099999999999999,0.64,1.6500000000000001,-3.8899999999999997,4.590000000000001,34.119998931884766,1.52,-1
2020-05-07,263.83194948008304,265.6932128523996,263.26348893990684,263.76776123046875,75250400.0,1.21,1.23,0.9299999999999999,-0.96,4.9799999999999995,213.99258422851562,214.8704616228657,212.64197757813062,213.99258422851562,38624800.0,1.29,1.29,1.05,1.3299999999999998,10.59,213.95121650415757,215.68613795622753,213.33415055222622,213.65609741210938,3411500.0,0.8699999999999999,1.0,1.11,-1.77,2.01,31.440000534057617,-7.85,1
2020-05-08,266.8944094168429,268.5998195757135,265.7666377314456,268.1322021484375,76452400.0,1.6500000000000001,1.1900000000000002,1.0699999999999998,3.4099999999999997,5.12,215.6615217181276,217.0603521546101,214.62927208878122,216.92529296875,31852300.0,1.37,0.7799999999999999,1.1400000000000001,5.7,11.95,216.66090423472394,218.02917481364253,215.8292025940088,217.86819458007812,3894800.0,1.97,1.41,1.03,2.67,2.79,27.979999542236328,-11.01,1
2020-05-11,266.20670188943353,269.5624830979567,265.7849452947577,268.1871643066406,79514200.0,0.02,-0.72,1.41,3.15,6.11,215.60369081585847,219.88700371674187,215.372154421074,218.86441040039062,35714100.0,0.89,-0.61,2.08,5.41,11.74,216.13333418121317,218.15445078469602,215.5252197791552,216.92031860351562,2743000.0,-0.44,-0.8,1.21,2.16,3.73,27.56999969482422,-1.47,1
2020-05-12,269.36997290557235,269.78255179515514,262.7042425975372,262.841796875,95870800.0,-1.9900000000000002,0.44,2.64,0.16999999999999998,1.01,219.46251531178982,220.0509906955732,214.25305747493283,214.28199768066406,41054100.0,-2.09,0.27,2.65,2.0500000000000003,4.84,218.0381420337519,218.33326112989812,212.78863281790782,212.91383361816406,6433900.0,-1.8499999999999999,0.52,2.56,-0.3,-0.61,33.040000915527344,19.84,-1
2020-05-13,262.2824804769914,263.31855852406073,255.77263209509584,258.1932067871094,144721100.0,-1.77,-0.21,2.87,-0.9299999999999999,1.38,214.80293566222824,216.68412250371614,209.06289797857121,211.60008239746094,65521200.0,-1.25,0.24,3.56,0.16,4.73,211.9122829939914,212.39519659469875,206.60016515687363,208.20989990234375,7531300.0,-2.21,-0.47000000000000003,2.7199999999999998,-1.71,-0.91,35.279998779296875,6.78,-1
2020-05-14,255.7635079143885,261.41146013220174,250.29888679853764,261.2831115722656,121977900.0,1.2,-0.9400000000000001,4.3,-0.9400000000000001,2.1,210.27845103036063,214.0408250771921,208.3683238004577,214.0022430419922,51549300.0,1.1400000000000001,-0.62,2.68,0.0,4.02,205.7595223484663,211.7334100889109,204.1676773567494,211.72447204589844,6964500.0,1.69,-1.18,3.63,-0.8999999999999999,0.65,32.61000061035156,-7.57,1
2020-05-15,258.89919065123917,262.53002466488874,257.95480613821377,262.48419189453125,111146300.0,0.45999999999999996,-0.91,1.7500000000000002,-2.11,-0.13,211.05986788943042,215.44931412930026,210.6257500679816,215.3914337158203,55747200.0,0.65,-1.37,2.25,-0.7100000000000001,3.71,209.8176932588393,212.5864662928969,209.14566017256038,212.2818145751953,4811100.0,0.26,-0.8999999999999999,1.63,-2.56,-2.09,31.889999389648438,-2.21,1
2020-05-18,268.6914141285281,272.0838780548613,268.3705288222218,270.4793395996094,119703800.0,3.05,2.36,1.41,0.8500000000000001,4.760000000000001,218.29520351678974,220.6105082670921,217.51378853157144,219.4046173095703,42398100.0,1.8599999999999999,1.35,1.44,0.25,6.909999999999999,218.1955745178997,221.50197762593513,218.06117344543503,220.36399841308594,5207700.0,3.81,2.79,1.6199999999999999,1.59,4.130000000000001,29.299999237060547,-8.12,1
2020-05-19,269.88350227805404,271.58888481740087,267.68299694495283,267.7013244628906,95189300.0,-1.03,-0.22,1.44,1.8499999999999999,6.93,219.6651068252477,221.73924822664506,218.71005055162215,218.85475158691406,36237300.0,-0.25,0.12,1.38,2.13,10.72,219.9339979666315,220.44474961154646,216.9053785315538,217.03977966308594,4404700.0,-1.51,-0.2,1.6099999999999999,1.94,5.42,30.530000686645508,4.2,-1
2020-05-20,271.2311790085488,273.11076994991015,271.00195923614234,272.2489013671875,85861700.0,1.7000000000000002,1.32,0.79,5.4399999999999995,6.39,221.401547244776,223.5817924760534,221.3822488705958,223.224853515625,37417000.0,2.0,1.16,1.01,5.489999999999999,9.68,219.8891641064726,220.94650300144065,219.28881634369148,220.1848602294922,3280600.0,1.4500000000000002,1.31,0.76,5.75,4.87,27.989999771118164,-8.32,1
2020-05-21,272.1205969507901,272.9274551573874,269.2782657160711,270.3693542480469,78293900.0,-0.69,-0.05,1.34,3.4799999999999995,5.66,223.27312687956453,223.9484228776267,220.28251139055502,220.79380798339844,43642900.0,-1.09,0.02,1.6400000000000001,3.17,8.72,220.0235624084108,221.66332423727832,218.52717087194065,219.5486602783203,3378200.0,-0.29,-0.06999999999999999,1.4200000000000002,3.6999999999999997,4.44,29.530000686645508,5.5,-1
2020-05-22,270.085071160358,271.0569607245508,268.8472788343605,270.88275146484375,63958200.0,0.19,-0.11,0.8200000000000001,3.2,4.41,220.38859943299562,221.75848961391858,219.4721253700253,221.555908203125,28762400.0,0.35000000000000003,-0.18,1.04,2.86,7.3999999999999995,219.45017429786333,219.62042487260567,217.89105256725037,219.4232940673828,2521100.0,-0.06,-0.04,0.79,3.36,3.17,28.15999984741211,-4.64,1
2020-05-26,276.833326122004,277.07172366444183,270.90111666487996,274.22021484375,88951400.0,1.23,2.1999999999999997,2.2800000000000002,1.38,4.19,225.12534464540408,225.32794077890404,220.71660076810772,220.95777893066406,33055300.0,-0.27,1.6099999999999999,2.08,0.7100000000000001,6.25,224.76370914873633,225.82104834532,223.90351442961426,224.23504638671875,4872300.0,2.19,2.4299999999999997,0.8699999999999999,1.76,3.9,28.010000228881836,-0.53,1
2020-05-27,277.0075509205538,278.3370370080894,272.1939349208289,278.30035400390625,104817400.0,1.49,1.02,2.2399999999999998,3.9600000000000004,6.23,220.62013439092797,222.27944129727737,216.03774938428387,222.16366577148438,55665600.0,0.5499999999999999,-0.15,2.82,1.51,8.88,227.3532605406877,229.199109157479,224.30671613836867,229.1811981201172,5326100.0,2.21,1.39,2.18,5.59,6.3,27.6200008392334,-1.39,1
2020-05-28,279.32730748503195,281.3352756373356,277.1176247426951,277.7869567871094,90405200.0,-0.18,0.37,1.52,2.03,3.3300000000000005,221.0253613371906,225.23150994600775,220.9674809215291,221.8743133544922,42784300.0,-0.13,-0.51,1.92,-0.61,5.0200000000000005,231.06286327220568,231.12559291539915,227.4966119594137,227.90879821777344,4957600.0,-0.5599999999999999,0.8200000000000001,1.58,3.51,3.4099999999999997,28.59000015258789,3.51,-1
2020-05-29,277.3192788350179,279.6114768667384,274.57781894297864,279.0246887207031,119090800.0,0.44999999999999996,-0.16999999999999998,1.81,3.2,4.760000000000001,222.25052635957226,225.3569025684961,220.68768170666104,225.1253662109375,50691800.0,1.47,0.16999999999999998,2.1,1.96,6.6000000000000005,226.94099520738675,228.77788755506333,224.62023159766673,227.85494995117188,5082300.0,-0.02,-0.42,1.82,3.7800000000000002,4.760000000000001,27.510000228881836,-3.7800000000000002,1
2020-06-01,278.3828651183529,280.75757894742645,277.8694149921172,280.1524353027344,55758300.0,0.4,-0.22999999999999998,1.04,3.42,8.05,224.2571731076787,226.1769424081336,223.8133986850556,225.8007049560547,25776000.0,0.3,-0.38999999999999996,1.05,1.92,10.02,227.39798314410146,228.98398441941904,226.4302542475963,228.73309326171875,2060800.0,0.38999999999999996,-0.2,1.1199999999999999,4.24,7.79,28.229999542236328,2.62,1
2020-06-02,281.0692526334309,282.51793715561183,279.7397948418293,282.4720764160156,74267200.0,0.83,0.33,0.9900000000000001,3.01,8.64,226.2251773187427,227.37318803651186,223.82303687432616,227.3153076171875,33383400.0,0.67,0.19,1.5699999999999998,2.88,9.48,229.8801091415568,231.1077125616778,229.127449031136,231.04498291015625,3045800.0,1.01,0.5,0.8699999999999999,3.04,8.82,26.84000015258789,-4.92,1
2020-06-03,284.4526057998422,287.1849160018017,284.17755322085765,286.2313537597656,92567600.0,1.3299999999999998,0.7000000000000001,1.06,2.85,9.08,227.92304120694092,229.09035017383184,227.04516374494932,228.33787536621094,37228700.0,0.44999999999999996,0.27,0.8999999999999999,2.78,8.74,233.2851147163082,236.55567060220523,232.66684202598995,235.8119659423828,5184500.0,2.06,0.97,1.68,2.8899999999999997,10.42,25.65999984741211,-4.3999999999999995,1
2020-06-04,285.2503333753304,286.9832488519643,283.38906933428206,285.47955322265625,75794400.0,-0.26,-0.33999999999999997,1.26,2.77,9.54,227.9905644471948,229.39903680936783,225.43406684460547,226.73643493652344,38716100.0,-0.7000000000000001,-0.15,1.7399999999999998,2.19,7.32,235.09497540354386,236.94082319247508,234.21687010002455,235.95516967773438,3937100.0,0.06,-0.3,1.16,3.53,11.39,25.809999465942383,0.58,-1
2020-06-05,290.86163222663976,294.56580447547407,290.79744395981476,292.7962341308594,150524700.0,2.56,1.8900000000000001,1.32,4.9399999999999995,11.01,227.88448542050463,231.8205158708471,227.31530833488364,231.23204040527344,47365600.0,1.9800000000000002,0.51,1.9900000000000002,2.71,8.06,242.29017324098996,245.4711442871667,241.743599794834,243.31167602539062,7866800.0,3.1199999999999997,2.68,1.58,6.78,13.88,24.520000457763672,-5.0,1
2020-06-08,293.60310815038525,296.52795553104175,293.0621526886974,296.3354187011719,73641200.0,1.21,0.27999999999999997,1.18,5.779999999999999,10.52,231.0873002751125,233.15178510188434,229.51482840298513,233.02638244628906,32937300.0,0.7799999999999999,-0.06,1.5699999999999998,3.2,7.42,244.53031271440327,247.64855453839965,244.53031271440327,247.55894470214844,4667600.0,1.7500000000000002,0.5,1.28,8.23,13.63,25.809999465942383,5.26,1
2020-06-09,293.6764120455833,296.408722278723,292.8145433136846,294.1257019042969,77479200.0,-0.75,-0.8999999999999999,1.21,4.130000000000001,9.67,232.16780398505347,235.56358270573824,231.9845061835832,234.7146453857422,35046300.0,0.72,-0.37,1.54,3.26,7.24,244.83502046776874,246.42997747676267,243.84042488885797,244.96047973632812,4632600.0,-1.05,-1.0999999999999999,1.05,6.02,12.93,27.56999969482422,6.819999999999999,-1
2020-06-10,294.7034495380097,295.5928238577627,291.76942366351983,292.4845886230469,95000800.0,-0.5599999999999999,0.2,1.3,2.18,11.28,236.40287348902956,239.07513205434915,235.88192033604716,237.53158569335938,58084400.0,1.2,0.72,1.3599999999999999,4.03,10.85,244.79920352995728,245.6773090479143,241.9408213117197,242.34402465820312,6531200.0,-1.0699999999999998,-0.06999999999999999,1.53,2.77,13.819999999999999,27.56999969482422,0.0,-1
2020-06-11,285.57125517345406,286.2039042091924,275.07300264511355,275.62310791015625,209243600.0,-5.76,-2.36,3.81,-3.45,6.75,233.6148620539446,234.9943943327635,225.70421980527954,225.76210021972656,72919400.0,-4.95,-1.6500000000000001,3.91,-0.43,6.69,234.88900636765425,236.11658237216574,225.24756339396905,225.82998657226562,14257800.0,-6.81,-3.08,4.4799999999999995,-4.29,8.459999999999999,40.790000915527344,47.949999999999996,-1
2020-06-12,282.6188812960742,283.38905659074294,273.7801789307393,278.9238586425781,194678900.0,1.2,2.54,3.49,-4.74,6.75,230.65314639784796,231.9169176274737,223.56251717747816,227.55642700195312,72034800.0,0.79,2.17,3.6999999999999997,-1.59,6.329999999999999,232.07540703180942,233.25819173085588,225.29234706655132,230.0503387451172,9817200.0,1.87,2.77,3.53,-5.45,8.66,36.09000015258789,-11.52,1
2020-06-15,273.24835223856235,282.6555425806839,272.07474788246594,281.52777099609375,135782700.0,0.9299999999999999,-2.03,3.7900000000000005,-5.0,7.26,224.23785952148637,231.00049137039335,223.30208686970917,230.3251953125,45307400.0,1.22,-1.46,3.38,-1.16,6.93,224.27088414525178,232.61306666139856,223.20460309236935,231.49301147460938,7421300.0,0.63,-2.5100000000000002,4.09,-6.49,9.049999999999999,34.400001525878906,-4.68,1
2020-06-16,289.25711767246935,289.4038217313861,282.0962919334156,286.9465637207031,137627500.0,1.92,2.75,2.6,-2.44,6.09,235.1776934477975,235.76616886523365,230.66284445134943,234.280517578125,48890100.0,1.72,2.11,2.22,-0.18,6.78,239.3243560038936,239.36917460483022,231.79759290053298,236.39430236816406,9238000.0,2.12,3.38,3.27,-3.5000000000000004,7.2700000000000005,33.66999816894531,-2.12,1
2020-06-17,287.96425988813667,288.2576679504427,285.0210574809537,285.75457763671875,83398900.0,-0.42,0.35000000000000003,1.13,-2.3,6.74,235.77583611994174,236.83702623970618,234.1647672801912,235.0233612060547,34749300.0,0.32,0.64,1.1400000000000001,-1.06,7.39,237.1022385078742,237.1829065481566,234.10051236622004,234.602294921875,3669300.0,-0.76,0.3,1.3,-3.19,8.09,33.470001220703125,-0.59,-1
2020-06-18,284.2417880969982,286.3414217497539,283.7833484028866,285.8646545410156,80828700.0,0.04,-0.53,0.8999999999999999,3.7199999999999998,5.0,234.70494804151127,235.90119709768177,233.9331896520828,235.66001892089844,30578600.0,0.27,-0.13999999999999999,0.84,4.38,5.57,233.0072353720232,234.9964536844399,232.17389386304114,234.27066040039062,3268700.0,-0.13999999999999999,-0.6799999999999999,1.2,3.74,6.4,32.939998626708984,-1.58,1
2020-06-19,289.32370435481204,289.517088519657,282.287904485518,284.2310485839844,135549600.0,-0.5700000000000001,1.21,2.53,1.9,5.13,238.02357000153597,238.28404656279602,233.89460065572752,235.62144470214844,49422100.0,-0.02,1.0,1.8599999999999999,3.54,6.72,237.4275508523973,237.65220885032616,231.496574222261,232.56594848632812,5852600.0,-0.73,1.35,2.63,1.09,5.93,35.119998931884766,6.619999999999999,-1
2020-06-22,283.6323430698322,286.4503381503588,282.49041850503755,286.0543518066406,74649400.0,0.64,-0.21,1.39,1.6099999999999999,5.6000000000000005,235.49002211302061,238.57281006462253,235.20011676944222,238.4471893310547,24068700.0,1.2,-0.06,1.43,3.53,7.62,231.7392809927862,234.1655715293165,230.6609113604979,233.93194580078125,2823500.0,0.59,-0.36,1.51,1.05,6.61,31.770000457763672,-9.54,1
2020-06-23,288.6973956071107,289.627527981212,286.9660723422408,287.37127685546875,68471200.0,0.45999999999999996,0.9199999999999999,0.9299999999999999,0.15,4.8,240.04173550092696,242.70896797011602,239.490900584289,240.4766082763672,32767400.0,0.8500000000000001,0.67,1.35,2.64,8.83,236.18741692956644,236.47498572752394,234.56089533822004,234.99224853515625,2948000.0,0.44999999999999996,0.96,0.8200000000000001,-0.59,4.8,31.3700008392334,-1.26,1
2020-06-24,285.3360587710118,285.9530836646762,278.2081916960514,280.0408020019531,132813500.0,-2.55,-0.7100000000000001,2.7,-2.0,0.63,239.72277080949863,240.95009059556097,234.02107404845484,235.51898193359375,46032400.0,-2.06,-0.31,2.88,0.21,6.01,232.94342863332696,233.2130073105633,227.30001978920384,228.81871032714844,5903500.0,-2.63,-0.8699999999999999,2.52,-2.4699999999999998,-0.16,33.84000015258789,7.870000000000001,-1
2020-06-25,279.4697872300513,283.3100111754416,277.45298321689944,283.0429382324219,89468000.0,1.0699999999999998,-0.2,2.09,-0.9900000000000001,1.8900000000000001,235.6060007330898,238.06062605115267,233.03539853079238,237.76104736328125,36940800.0,0.95,0.04,2.13,0.89,7.16,227.65936951385348,231.5863859642312,226.50912194424126,231.34376525878906,4312300.0,1.0999999999999999,-0.51,2.22,-1.25,1.51,32.220001220703125,-4.79,1
2020-06-26,281.9470509652658,282.1588713157659,275.7400992165521,276.32025146484375,127961000.0,-2.3800000000000003,-0.38999999999999996,2.27,-2.78,-0.97,237.51946071648175,237.6934186778951,231.62447264881834,232.14633178710938,52824600.0,-2.36,-0.1,2.55,-1.47,3.1199999999999997,229.73518399828762,230.09463118624353,224.38832823326402,224.99940490722656,5331400.0,-2.74,-0.7000000000000001,2.4699999999999998,-3.25,-1.25,34.72999954223633,7.79,-1
2020-06-29,277.5727234684733,280.51963173893165,275.2888463730119,280.3815002441406,79773300.0,1.47,0.44999999999999996,1.8900000000000001,-1.9800000000000002,0.08,231.9046720676223,234.687880737474,229.37273430298757,234.67820739746094,34377800.0,1.09,-0.1,2.29,-1.58,3.93,226.6169955858524,230.15760761616656,225.51168214127355,229.96890258789062,3759000.0,2.21,0.72,2.06,-1.69,0.54,31.780000686645508,-8.49,1
2020-06-30,279.94863284970944,285.66752892214726,279.79209321079117,283.9730224609375,113394800.0,1.28,-0.15,2.1,-1.18,0.53,234.61059206429056,239.8194355201418,234.42697553635264,239.27825927734375,38909200.0,1.96,-0.03,2.3,-0.5,5.26,229.21405093848037,232.79058843682543,228.8995242809497,231.73020935058594,3667900.0,0.77,-0.33,1.69,-1.39,0.3,30.43000030517578,-4.25,1
2020-07-01,285.08736775765794,287.2238950877985,284.62691073499315,285.96221923828125,72396500.0,0.7000000000000001,0.38999999999999996,0.91,2.11,-0.09,239.31688776735123,243.06648676333486,238.77571157121864,242.07110595703125,34689200.0,1.17,0.02,1.79,2.78,6.01,232.6288534237876,233.87796502423362,231.0742376688459,231.22698974609375,3575300.0,-0.22,0.38999999999999996,1.21,1.05,-1.94,28.6200008392334,-5.949999999999999,1
2020-07-02,289.38797461324,290.7325291406338,286.8738976557018,287.5369567871094,69344200.0,0.5499999999999999,1.2,1.35,1.59,0.72,244.51611034175,245.72409837734443,243.25014123979867,243.71400451660156,31956500.0,0.6799999999999999,1.01,1.02,2.5,7.489999999999999,234.67770420779405,235.59432625426342,231.73918790510018,232.22445678710938,3830000.0,0.43,1.49,1.67,0.38,-1.58,27.68000030517578,-3.2800000000000002,1
2020-07-06,291.3495847273951,292.5559799310515,290.6036465664798,291.9757995605469,61713800.0,1.54,1.3299999999999998,0.6799999999999999,5.67,-0.27999999999999997,246.86442258480614,250.22745701870588,246.84509064810896,249.70562744140625,34589000.0,2.46,1.29,1.39,7.5600000000000005,7.99,235.58536239111436,236.38513059016077,234.42611946199557,236.3402099609375,2989100.0,1.77,1.4500000000000002,0.84,5.04,-2.87,27.940000534057617,0.9400000000000001,1
2020-07-07,290.43782329412807,292.408564378623,288.58677740634266,288.96435546875,82910000.0,-1.03,-0.53,1.31,3.06,-2.4899999999999998,249.45440619547853,252.11198030178593,247.68589491108986,247.9854736328125,36578200.0,-0.69,-0.1,1.77,5.67,6.419999999999999,234.63284188060712,235.30681594149124,232.5480088704943,232.7816619873047,2828700.0,-1.51,-0.72,1.17,1.22,-5.970000000000001,29.43000030517578,5.33,-1
2020-07-08,289.72884039147516,291.28518783880827,287.96991877388723,291.1746826171875,54638600.0,0.76,0.26,1.15,2.54,-1.0,249.3094366837607,251.28085210815678,247.87916809870046,251.25186157226562,30426300.0,1.32,0.53,1.37,5.0,7.049999999999999,233.32079517531824,234.71366362380138,232.071683694879,234.2913055419922,2837800.0,0.65,0.22999999999999998,1.13,1.11,-4.36,28.079999923706055,-4.590000000000001,1
2020-07-09,291.78240850045916,292.0218551502653,286.1095744969354,289.5169677734375,83354200.0,-0.5700000000000001,0.21,2.03,1.24,-1.01,253.16526088057122,254.03500622749144,248.97113063671497,253.36819458007812,40312900.0,0.84,0.76,2.02,4.67,6.67,234.42608522936263,234.71365400179897,229.4656473131397,231.16404724121094,3995600.0,-1.3299999999999998,0.06,2.2399999999999998,-0.03,-4.61,29.260000228881836,4.2,-1
2020-07-10,289.4525470058198,292.74021752489676,288.02514120267125,292.47314453125,57550400.0,1.02,-0.02,1.63,1.72,6.11,253.22332913874055,255.34940026725874,250.5464377790206,255.09812927246094,32885300.0,0.6799999999999999,-0.06,1.9,4.67,12.989999999999998,231.12815175158138,234.68672664475648,230.4631454508855,234.38119506835938,3110100.0,1.39,-0.02,1.83,0.9299999999999999,3.7900000000000005,27.290000915527344,-6.7299999999999995,1
2020-07-13,294.81228763297554,297.1882340667077,289.2868020526864,289.9406433105469,102997500.0,-0.8699999999999999,0.8,2.7,-0.7000000000000001,3.95,257.93930049096474,260.72250994243075,249.02917860432066,249.85061645507812,64108100.0,-2.06,1.11,4.58,0.06,9.8,236.39411457508785,239.50337339076307,234.1654975041136,234.57888793945312,4876000.0,0.08,0.86,2.2800000000000002,-0.75,1.97,32.189998626708984,17.96,-1
2020-07-14,288.5223761645233,294.47150148289853,287.3251990766644,293.69793701171875,93657000.0,1.3,-0.49,2.46,1.6400000000000001,4.32,247.32833358119967,252.02500712666992,244.26487721806083,251.61911010742188,72230500.0,0.7100000000000001,-1.01,3.11,1.47,9.25,234.1296315944312,239.97970833137816,233.73423124850186,239.56634521484375,7614300.0,2.13,-0.19,2.6599999999999997,2.91,3.49,29.520000457763672,-8.290000000000001,1
2020-07-15,296.9119193662305,297.4920997478603,294.02023559241456,296.3962097167969,87196500.0,0.9199999999999999,1.09,1.18,1.79,3.29,253.02999212113633,253.86110322281544,248.83586121367767,252.13125610351562,54523900.0,0.2,0.5599999999999999,2.0,0.35000000000000003,7.62,243.0530020543326,243.11591287712392,239.97966849820682,241.65113830566406,5220600.0,0.8699999999999999,1.46,1.31,3.1399999999999997,2.22,27.760000228881836,-5.96,1
2020-07-16,294.4990385719371,295.8711911713932,293.85438765586457,295.4199523925781,54622500.0,-0.33,-0.64,0.6799999999999999,2.04,3.38,249.34797567968934,251.0488317796864,247.028645219985,250.4110107421875,47594100.0,-0.6799999999999999,-1.0999999999999999,1.59,-1.17,6.550000000000001,240.07855819737102,241.66912716204646,239.05410442671263,240.3571319580078,2478100.0,-0.54,-0.65,1.08,3.9800000000000004,2.45,28.0,0.86,-1
2020-07-17,296.4238083554755,297.059241275674,294.4530388686995,296.2764587402344,62774900.0,0.29,0.33999999999999997,0.88,1.3,3.64,250.865289145377,251.56109143731746,248.52664081128248,250.70101928710938,35137900.0,0.12,0.18,1.21,-1.72,6.38,240.9785580233448,241.08647460850003,239.37773130352045,239.8903350830078,3415100.0,-0.19,0.26,0.7100000000000001,2.35,2.4,25.68000030517578,-8.290000000000001,1
2020-07-20,296.0094429242622,299.4168366870497,295.26350467471246,298.6708984375,56308800.0,0.8099999999999999,-0.09,1.4000000000000001,3.01,5.08,251.3388016882477,258.44177701059385,250.09217930922563,257.8136291503906,40610100.0,2.8400000000000003,0.25,3.3300000000000005,3.19,9.42,239.57558529045247,240.69976211820736,238.35246663007896,239.96229553222656,4017400.0,0.03,-0.13,0.98,2.29,3.18,24.459999084472656,-4.75,1
2020-07-21,300.6323008918439,301.07432149931117,298.3207984170874,299.3061828613281,57292200.0,0.21,0.66,0.9199999999999999,1.91,4.63,259.37915619065154,259.3888295312645,254.2862898173855,255.12704467773438,43243800.0,-1.04,0.61,1.9800000000000002,1.39,7.000000000000001,241.76099373635992,243.06502247153855,240.7087520829595,241.3292999267578,3173200.0,0.5700000000000001,0.75,0.98,0.74,3.16,24.84000015258789,1.55,1
2020-07-22,298.94720120561465,301.3231758826921,298.83669598418305,301.0100402832031,57792900.0,0.5700000000000001,-0.12,0.83,1.5599999999999998,4.75,255.61991992355135,256.9535433200769,253.72577361074173,256.0257873535156,29865500.0,0.35000000000000003,0.19,1.27,1.54,6.47,240.8615731058057,243.13690530381996,240.81658957719338,242.8041534423828,2039300.0,0.61,-0.19,0.96,0.48,3.32,24.31999969482422,-2.09,1
2020-07-23,300.6507824803938,301.35068608523807,296.055430800531,297.4183654785156,75738000.0,-1.1900000000000002,-0.12,1.76,0.6799999999999999,6.21,255.61994734837268,256.32539350200807,247.92745813276528,249.33840942382812,51363500.0,-2.6100000000000003,-0.16,3.2800000000000002,-0.43,5.87,242.4985127582234,242.62440632631052,238.88314150533958,239.84544372558594,2838000.0,-1.22,-0.13,1.54,-0.21,4.82,26.079999923706055,7.24,-1
2020-07-24,295.5674004213925,296.5251308789289,294.00183516323403,295.5029296875,73766600.0,-0.64,-0.62,0.8500000000000001,-0.26,4.3999999999999995,245.50186157782767,248.29472982246796,242.87329271165177,246.9707794189453,54054500.0,-0.95,-1.54,2.17,-1.49,3.8699999999999997,238.46041184959827,239.5306305137954,237.47113063323206,238.04672241210938,2637700.0,-0.75,-0.58,0.86,-0.77,2.9000000000000004,25.84000015258789,-0.9199999999999999,-1
2020-07-27,296.193647698937,297.8328739008944,295.40164684860423,297.65789794921875,48293000.0,0.73,0.22999999999999998,0.8200000000000001,-0.33999999999999997,7.720000000000001,248.6136547452894,251.76406804111843,247.83088072005236,251.3775177001953,36445700.0,1.78,0.67,1.59,-2.5,8.28,238.11862683128373,239.5036203548749,237.7409187903099,239.17987060546875,2637900.0,0.48,0.03,0.74,-0.33,6.3,24.739999771118164,-4.26,1
2020-07-28,296.9303522871835,298.04467867981947,295.47532024869815,295.77001953125,57495000.0,-0.63,-0.24,0.86,-1.18,5.489999999999999,250.5946406636491,251.11649962992138,247.88875989758623,248.1786651611328,31302400.0,-1.27,-0.31,1.28,-2.7199999999999998,5.75,238.2535411075358,238.87406143738878,237.09338299071442,237.36317443847656,1989300.0,-0.76,-0.38999999999999996,0.74,-1.6400000000000001,3.2199999999999998,25.440000534057617,2.83,-1
2020-07-29,296.6449108985429,299.96942614775605,296.60806645726814,299.40765380859375,48454200.0,1.23,0.3,1.1400000000000001,-0.53,5.4399999999999995,249.71534089501804,251.89939322620813,249.2418189085539,251.03929138183594,27556900.0,1.15,0.62,1.0699999999999998,-1.95,4.92,237.5969810554242,239.2877470965229,237.24622477327952,238.77511596679688,1917900.0,0.59,0.1,0.86,-1.66,3.04,24.100000381469727,-5.27,1
2020-07-30,296.4422441472383,298.7537475391664,294.36099738513786,298.3393249511719,61861700.0,-0.36,-0.9900000000000001,1.47,0.31,4.33,249.0774381978297,252.91400904892578,247.9274313273976,252.353515625,41774500.0,0.52,-0.7799999999999999,1.9900000000000002,1.21,4.25,236.05913285245978,237.26424699566365,233.7747980861704,236.77859497070312,3055600.0,-0.84,-1.1400000000000001,1.46,-1.28,2.4,24.760000228881836,2.74,-1
2020-07-31,300.12590663768805,300.7981840639859,295.9173223565921,300.6968688964844,84986800.0,0.79,0.6,1.6400000000000001,1.76,4.58,256.97298732655884,257.0116512172195,252.08305212070178,256.8570251464844,53686300.0,1.78,1.83,1.95,4.0,5.390000000000001,237.21028240183264,237.86678401970062,233.9906250108588,237.7408905029297,3306800.0,0.41000000000000003,0.18,1.6400000000000001,-0.13,2.3800000000000003,24.459999084472656,-1.21,1
2020-08-03,302.35455324026356,303.551730444188,301.8112172413089,302.7873840332031,53077900.0,0.7000000000000001,0.5499999999999999,0.58,1.72,3.6999999999999997,258.9926702529182,261.0704040599255,258.8670347613304,260.3262939453125,32081600.0,1.35,0.83,0.86,3.56,4.25,238.92803225797067,240.25903991147408,238.64023643450818,239.87232971191406,2569300.0,0.8999999999999999,0.5,0.6799999999999999,0.29,1.49,24.280000686645508,-0.74,1
2020-08-04,301.9309475225113,303.95697021484375,301.9309475225113,303.95697021484375,41917900.0,0.38999999999999996,-0.27999999999999997,0.67,2.77,5.19,259.82379185692565,261.3893695786525,259.07968162810596,261.292724609375,24911300.0,0.37,-0.19,0.89,5.28,5.37,239.48570349774178,241.40130566622466,239.25186587845883,241.39230346679688,1909800.0,0.63,-0.16,0.8999999999999999,1.7000000000000002,3.6999999999999997,23.760000228881836,-2.1399999999999997,1
2020-08-05,305.2554171505095,306.10267054186585,304.98834417548517,305.84478759765625,42697700.0,0.62,0.43,0.37,2.15,5.04,261.77585464764775,262.3943292112802,260.8867624407989,261.94012451171875,21612100.0,0.25,0.18,0.58,4.34,4.25,242.81319498750108,244.86369244367748,242.73225754859297,244.62088012695312,2122900.0,1.34,0.59,0.88,2.45,4.41,22.989999771118164,-3.2399999999999998,1
2020-08-06,305.26457778295924,308.008883470918,304.94225226748324,307.88916015625,43679400.0,0.67,-0.19,1.0,3.2,6.35,261.74685683428555,265.7380540741825,261.10903560421986,265.40948486328125,28048200.0,1.32,-0.06999999999999999,1.77,5.17,4.75,244.2881856572671,246.4466002065494,244.2342273519648,246.32968139648438,1948100.0,0.7000000000000001,-0.13999999999999999,0.8999999999999999,4.03,6.5600000000000005,22.649999618530273,-1.48,1
2020-08-07,306.922272863609,308.3957411535914,306.0197668612782,308.1102600097656,57308300.0,0.06999999999999999,-0.31,0.77,2.4699999999999998,5.35,264.86827313898436,265.64140316954297,260.2006203903107,262.34600830078125,44969400.0,-1.15,-0.2,2.0500000000000003,2.1399999999999997,2.8400000000000003,245.72710236488254,247.15705214042237,245.0525962002472,246.9771728515625,2311300.0,0.26,-0.24,0.8500000000000001,3.8899999999999997,5.37,22.209999084472656,-1.94,1
2020-08-10,308.56148325207386,309.21532440909493,306.62755797641967,309.0311584472656,44282100.0,0.3,0.15,0.84,2.06,6.58,262.6359279347779,262.8388911680453,257.70736012153776,261.2250061035156,35088400.0,-0.43,0.11,1.96,0.35000000000000003,4.55,247.77755006705036,250.26871578587173,247.75057092373174,250.142822265625,2313900.0,1.28,0.32,1.02,4.279999999999999,6.63,22.1299991607666,-0.36,1
2020-08-11,310.20997475019243,310.8454078392464,305.75275309496504,306.4802551269531,69601100.0,-0.83,0.38,1.6500000000000001,0.83,4.35,260.06520998738637,261.35052525840894,255.73580147501622,256.2769775390625,43104300.0,-1.8900000000000001,-0.44,2.15,-1.92,1.8499999999999999,252.62497022912964,253.41639497869343,248.64089478537255,249.28842163085938,4546400.0,-0.33999999999999997,0.9900000000000001,1.91,3.27,4.06,24.030000686645508,8.59,-1
2020-08-12,308.91137645275995,311.5267686882517,308.8837501585283,310.7532043457031,53774400.0,1.39,0.79,0.86,1.6,4.84,258.43212379478376,263.6699430456665,258.38378658150805,262.7228698730469,38773400.0,2.52,0.84,2.06,0.3,4.2,251.67171374523585,252.4811155793289,250.66445568985577,251.85159301757812,2641600.0,1.03,0.96,0.73,2.96,4.22,22.280000686645508,-7.28,1
2020-08-13,309.98886506986986,311.49917760274417,309.2705532345938,310.19146728515625,41816100.0,-0.18,-0.25,0.72,0.75,5.0,263.49596464838004,265.5930149399611,262.3846217780506,263.322021484375,31895700.0,0.22999999999999998,0.29,1.22,-0.79,5.16,251.03322012170617,252.0134991523909,250.22381818722332,251.29403686523438,1668300.0,-0.22,-0.32,0.7100000000000001,2.02,4.55,22.1299991607666,-0.67,-1
2020-08-14,309.80469729931406,310.73482947821054,309.0771673345119,310.20068359375,47260400.0,0.0,-0.12,0.53,0.6799999999999999,4.7,263.94063579385056,264.21122402301853,261.62130390213883,263.0129089355469,30799500.0,-0.12,0.22999999999999998,0.98,0.25,4.91,250.223781709855,251.95950412274036,249.9269836615178,251.63572692871094,2247000.0,0.13999999999999999,-0.43,0.8099999999999999,1.8900000000000001,4.9,22.049999237060547,-0.36,0
2020-08-17,311.2137530113555,311.58211307766084,310.2099598864431,311.1861267089844,35481000.0,0.32,0.33,0.44,0.7000000000000001,4.19,264.72329265771594,266.5691017036072,263.05145628285396,266.06658935546875,24803000.0,1.16,0.65,1.34,1.8499999999999999,3.2,251.94155653735203,252.04047093451067,250.46662321235047,250.871337890625,2436900.0,-0.3,0.12,0.63,0.29,4.55,21.350000381469727,-3.17,1
2020-08-18,311.58210731482745,312.2820111007127,309.98891563003593,311.8583984375,38733900.0,0.22,0.13,0.74,1.7500000000000002,4.19,267.1296700261357,269.1010853753625,265.67041096082534,268.6275634765625,23529500.0,0.96,0.4,1.29,4.82,5.29,251.00627092756253,251.24908330316688,249.2165623030813,250.19686889648438,1678300.0,-0.27,0.05,0.8099999999999999,0.36,3.6700000000000004,21.510000228881836,0.75,1
2020-08-19,312.2359484919656,312.7516581960092,309.99813372934017,310.5599060058594,68054200.0,-0.42,0.12,0.88,-0.06,3.17,268.5888855660594,269.64224759743485,266.30821830368217,266.8204040527344,31999400.0,-0.67,-0.01,1.24,1.5599999999999998,4.22,250.6285564786906,251.58185655391475,249.09068974537354,249.50437927246094,3374300.0,-0.27999999999999997,0.16999999999999998,1.0,-0.9299999999999999,2.76,22.540000915527344,4.79,-1
2020-08-20,308.83774337602864,312.0056901723592,308.70883001435334,311.5268249511719,42207800.0,0.31,-0.5499999999999999,1.06,0.43,4.74,266.0278978333354,271.0048015539528,265.6220009656464,270.5216064453125,27723400.0,1.39,-0.3,2.02,2.73,8.5,248.25416571285575,250.32263960438692,248.1012656246234,249.8999481201172,2063700.0,0.16,-0.5,0.89,-0.5499999999999999,4.19,22.719999313354492,0.8,1
2020-08-21,311.1953037485117,312.85293788001695,310.8545419255064,312.6319274902344,55106600.0,0.35000000000000003,-0.11,0.64,0.7799999999999999,5.800000000000001,270.71497434945246,272.8506890877729,270.06747974073045,272.396484375,34748900.0,0.69,0.06999999999999999,1.03,3.5700000000000003,10.299999999999999,249.6964379743626,252.01276065160087,249.5341828893635,251.724365234375,2601200.0,0.73,-0.08,0.9900000000000001,0.04,5.75,22.540000915527344,-0.79,1
2020-08-24,315.0631480494956,315.87355700727335,312.604322979584,315.7998962402344,48588700.0,1.01,0.7799999999999999,1.05,1.48,6.09,275.6628376322414,276.38763036922364,271.8165935575746,274.0972900390625,36418500.0,0.62,1.2,1.68,3.02,9.04,253.91447043079754,255.2934595977775,252.78784439550284,255.23036193847656,2622800.0,1.39,0.8699999999999999,1.0,1.7399999999999998,6.710000000000001,22.3700008392334,-0.75,1
2020-08-25,316.3616018282348,316.9878166359839,315.20124113429597,316.9049377441406,38463400.0,0.35000000000000003,0.18,0.5700000000000001,1.6199999999999999,7.1499999999999995,273.3240974936646,276.4455481164655,272.8795663078531,276.25225830078125,34866600.0,0.79,-0.27999999999999997,1.3,2.8400000000000003,11.31,256.17651014191125,256.17651014191125,253.2833173239527,254.72540283203125,3346000.0,-0.2,0.37,1.13,1.81,7.31,22.030000686645508,-1.52,1
2020-08-26,317.4944472238556,320.34925928785856,316.9511111179945,320.08221435546875,50790200.0,1.0,0.19,1.0699999999999998,3.0700000000000003,6.909999999999999,277.4990033046633,282.39860981388455,276.2233608717486,282.1473388671875,42216700.0,2.13,0.44999999999999996,2.2399999999999998,5.74,12.389999999999999,254.7165999775909,255.6179007566866,253.77926697130354,255.45567321777344,2647500.0,0.29,-0.0,0.72,2.39,6.99,23.270000457763672,5.63,1
2020-08-27,320.94779884525434,322.2278548973866,319.1243787139967,320.7820129394531,58034100.0,0.22,0.27,0.97,2.97,7.5200000000000005,283.12336564188365,283.97379381939345,279.00653355161637,281.26788330078125,49482700.0,-0.31,0.35000000000000003,1.76,3.9699999999999998,11.459999999999999,256.36601331092095,258.17763680236516,255.68101587027164,256.90679931640625,3432800.0,0.5700000000000001,0.36,0.98,2.8000000000000003,8.5,24.469999313354492,5.16,1
2020-08-28,321.80426786042483,322.9830369399693,320.616280645361,322.8540954589844,48588900.0,0.65,0.32,0.74,3.27,7.37,282.50489127652946,283.3263290108986,281.1519506215127,282.69818115234375,28021000.0,0.51,0.44,0.77,3.7800000000000002,10.059999999999999,257.9793111516625,259.07889911393323,256.8707013805611,258.4029235839844,2715500.0,0.58,0.42,0.86,2.65,8.690000000000001,22.959999084472656,-6.17,1
2020-08-31,322.64226783208227,323.51711938437126,321.4542807471516,321.68450927734375,66099200.0,-0.36,-0.06999999999999999,0.64,1.8599999999999999,6.239999999999999,283.21998282688673,286.77629168275956,282.785095440385,284.9691467285156,36321000.0,0.8,0.18,1.41,3.9699999999999998,9.47,258.0062644029043,258.07835633334736,255.87018683014344,256.2216796875,4070100.0,-0.84,-0.15,0.8500000000000001,0.38999999999999996,6.819999999999999,26.40999984741211,15.03,-1
2020-09-01,322.5132963995055,324.81558148751446,321.6200086611954,324.71429443359375,54908700.0,0.9400000000000001,0.26,0.9900000000000001,2.46,6.83,287.61709768256185,289.9557753583132,285.8486162789322,289.8398132324219,36216200.0,1.71,0.9299999999999999,1.44,4.92,10.93,255.72609151594168,258.61023763612724,255.22136525727126,258.48406982421875,3023600.0,0.88,-0.19,1.32,1.48,7.08,26.1200008392334,-1.0999999999999999,1
2020-09-02,326.62070244183883,330.37802059599454,325.4787495455929,329.41107177734375,69540000.0,1.4500000000000002,0.59,1.51,2.91,7.71,293.08686294876503,293.29947000455604,286.911643973745,292.5843505859375,50836800.0,0.95,1.1199999999999999,2.1999999999999997,3.6999999999999997,11.700000000000001,259.6466676099188,263.2338539394757,259.2140609206737,262.4677429199219,3464300.0,1.54,0.44999999999999996,1.5599999999999998,2.74,7.3,26.56999969482422,1.72,1
2020-09-03,327.7257482737778,328.19542353260755,315.49600820932886,318.0745849609375,148011100.0,-3.44,-0.51,3.8600000000000003,-0.84,3.3099999999999996,288.08095897355446,288.58347132057634,274.8510731938772,277.750244140625,110083300.0,-5.07,-1.54,4.6899999999999995,-1.25,4.65,262.2515337969725,263.50432779203055,253.35569798162427,255.37460327148438,6118500.0,-2.7,-0.08,3.8699999999999997,-0.6,3.6700000000000004,33.599998474121094,26.46,-1
2020-09-04,318.7560217314167,320.32155893623025,308.3865193279406,315.4775695800781,139156300.0,-0.8200000000000001,0.21,3.75,-2.2800000000000002,2.39,275.9624443503017,279.2191753278148,262.6649028120239,274.0489807128906,123959000.0,-1.3299999999999998,-0.64,5.96,-3.06,4.46,256.78953902448944,257.58268789708825,249.6692702908567,253.95944213867188,7145800.0,-0.5499999999999999,0.5499999999999999,3.1,-1.72,2.83,30.75,-8.48,-1
2020-09-08,310.0809875272591,315.54202965407626,306.55389879011744,306.8577880859375,114465300.0,-2.73,-1.71,2.85,-4.61,-0.7000000000000001,263.07083212371873,268.86917532283803,260.59687471811304,260.87713623046875,99568600.0,-4.81,-4.01,3.02,-8.450000000000001,-0.13,251.3006532743344,251.30964757706553,247.86670000592753,248.23623657226562,4780100.0,-2.25,-1.05,1.3599999999999999,-3.1199999999999997,-0.76,31.459999084472656,2.31,-1
2020-09-09,310.8545829924272,315.37627517454166,309.98892137932586,312.9174499511719,91462300.0,1.97,1.3,1.76,-3.63,2.1,266.3758528930931,270.63760842633246,263.82456818747903,268.5405578613281,64837900.0,2.94,2.11,2.6100000000000003,-7.35,4.79,250.64272105096904,254.60843883062813,250.01182703233914,252.22901916503906,3488900.0,1.6099999999999999,0.97,1.8499999999999999,-2.42,1.18,28.809999465942383,-8.42,1
2020-09-10,314.78685053527204,315.4406916483202,306.52625029812896,307.4840087890625,90569500.0,-1.7399999999999998,0.6,2.85,-6.660000000000001,-1.05,271.49776270032766,272.7154242272549,261.46662410129585,263.1867980957031,69667500.0,-1.9900000000000002,1.0999999999999999,4.19,-10.05,0.18,253.3826907526905,254.32005125829696,247.72252299761521,248.5697479248047,3455800.0,-1.4500000000000002,0.45999999999999996,2.62,-5.3,-1.3,29.709999084472656,3.1199999999999997,-1
2020-09-11,309.2614431412323,310.32048895230275,304.8226295252226,307.640625,84680200.0,0.05,0.58,1.79,-3.2800000000000002,-0.8200000000000001,264.93591724449493,265.9699620309678,257.9295869771747,261.36029052734375,71809000.0,-0.69,0.66,3.06,-5.8999999999999995,-0.74,249.61533301227968,251.30076154932252,247.82172524623707,249.7415008544922,2787500.0,0.47000000000000003,0.42,1.4000000000000001,-2.21,-0.62,26.8700008392334,-9.56,1
2020-09-14,310.79933901286097,313.4607946662511,307.78795955439836,311.692626953125,65605700.0,1.32,1.03,1.8399999999999999,-1.2,0.48,265.1388572857662,267.9027491790809,263.7859166175224,265.9119873046875,38525200.0,1.7399999999999998,1.4500000000000002,1.58,-2.97,1.0999999999999999,251.39076196587146,253.65300764674123,251.16543682796146,252.8418426513672,2371700.0,1.24,0.66,1.0,-0.44,0.48,25.850000381469727,-3.8,1
2020-09-15,314.14224664496544,314.97106380213984,311.70182964170226,313.26739501953125,52920900.0,0.51,0.79,1.05,2.09,0.67,269.6518871559079,271.02417437323385,265.88297084338143,269.6808776855469,41849900.0,1.4200000000000002,1.41,1.9300000000000002,3.37,1.3599999999999999,254.54521159731,254.97781808471038,252.25590141465344,252.8867950439453,2331800.0,0.02,0.67,1.08,1.87,0.8,25.59000015258789,-1.01,1
2020-09-16,314.5013391992171,315.92874461250403,311.7477873154288,312.0240783691406,82096000.0,-0.4,0.38999999999999996,1.3299999999999998,-0.29,0.05,270.47335910313967,270.93720763616034,265.03257624671886,265.3804626464844,42321000.0,-1.59,0.29,2.19,-1.18,-1.21,253.75218310220126,256.17668395941485,253.06718583235298,253.29251098632812,2651800.0,0.16,0.33999999999999997,1.23,0.42,1.24,26.040000915527344,1.76,-1
2020-09-17,307.1801021515254,310.99269998077335,306.6551743743273,309.27978515625,91523300.0,-0.88,-1.55,1.39,0.58,-0.41000000000000003,258.5577596862858,265.1775403357728,257.71700469207485,261.23468017578125,81570800.0,-1.5599999999999998,-2.5700000000000003,2.81,-0.74,-2.09,250.2820678579319,253.40055901185977,249.7412822084847,251.9765167236328,3305300.0,-0.52,-1.1900000000000002,1.44,1.37,0.9900000000000001,26.459999084472656,1.6099999999999999,-1
2020-09-18,310.0833240814501,310.1942716478776,303.2412847248806,305.7192077636719,105877900.0,-1.15,0.26,2.25,-0.62,-1.8599999999999999,262.65525804629056,262.9451633728137,253.80311834308048,257.9006042480469,86251100.0,-1.28,0.54,3.5000000000000004,-1.32,-4.67,252.0822942740784,252.42561198057447,248.24260610531306,249.8236541748047,3156700.0,-0.8500000000000001,0.04,1.66,0.03,-0.03,25.829999923706055,-2.3800000000000003,-1
2020-09-21,301.14238742219266,302.4645593357365,297.4717223903731,302.3166198730469,99450800.0,-1.11,-1.5,1.63,-3.01,-3.3000000000000003,253.64851809798813,258.65441385696874,251.36782116077168,258.5191345214844,57168600.0,0.24,-1.6500000000000001,2.83,-2.78,-5.09,245.36050877886547,245.89357195218028,241.26785519535053,245.23403930664062,5936900.0,-1.8399999999999999,-1.79,1.8499999999999999,-3.01,-2.58,27.780000686645508,7.55,-1
2020-09-22,303.7960278580259,305.9503348545205,301.2903399000604,305.39556884765625,63612100.0,1.02,0.49,1.54,-2.5100000000000002,-3.29,260.91568974808024,263.9018320310586,257.58166113709177,263.322021484375,41128900.0,1.8599999999999999,0.9299999999999999,2.44,-2.36,-3.93,245.44202831963932,246.86043400591566,243.74352576550643,246.47195434570312,3169800.0,0.5,0.08,1.27,-2.54,-3.4299999999999997,26.860000610351562,-3.3099999999999996,1
2020-09-23,305.95025977750316,306.22765682115056,297.8137877286705,298.3130798339844,93112200.0,-2.32,0.18,2.76,-4.390000000000001,-5.87,263.0031266704365,263.1867431954615,254.40225849252454,255.28167724609375,48837300.0,-3.05,-0.12,3.34,-3.81,-7.59,247.70964330434765,248.08006369827729,241.29509801898007,241.746826171875,3575900.0,-1.92,0.5,2.75,-4.5600000000000005,-5.1,28.579999923706055,6.4,-1
2020-09-24,297.0001882528296,302.1594468796686,295.6872430633771,299.1082763671875,76681300.0,0.27,-0.44,2.17,-3.29,-6.550000000000001,252.60483581359787,259.6691482570932,252.4405364463986,256.47039794921875,70631700.0,0.47000000000000003,-1.05,2.83,-1.82,-9.1,241.09626376362064,244.72817466238018,239.65977197951798,242.21656799316406,4432100.0,0.19,-0.27,2.1,-3.8699999999999997,-5.18,28.510000228881836,-0.24,1
2020-09-25,298.2575635423611,304.72976588504673,297.3884651870098,303.9438781738281,71069400.0,1.6199999999999999,-0.27999999999999997,2.45,-0.58,-5.25,256.9728833551039,263.2447478224257,255.41697942353812,262.4329833984375,55242400.0,2.32,0.2,3.05,1.76,-6.7,241.00591951470182,246.0200890392681,240.52708896113293,245.468994140625,3606800.0,1.34,-0.5,2.27,-1.7399999999999998,-4.45,26.3799991607666,-7.470000000000001,1
2020-09-28,308.0953544774506,309.70415018624124,307.1060252515909,308.9922180175781,64584600.0,1.66,1.37,0.8500000000000001,2.21,-4.29,267.28429694651027,267.88348388671875,262.53934509288297,267.88348388671875,58438300.0,2.08,1.8499999999999999,2.04,3.62,-5.24,248.68527608059068,250.36569079485676,248.19740218203884,249.2634735107422,2790200.0,1.55,1.31,0.88,1.6400000000000001,-3.54,26.190000534057617,-0.72,1
2020-09-29,308.78887594020625,309.5285451633514,306.6160587994306,307.30950927734375,51304000.0,-0.54,-0.06999999999999999,0.9400000000000001,0.63,-4.47,267.32297179951615,268.3763340489518,266.11498350999346,266.6755065917969,27050000.0,-0.44999999999999996,-0.21,0.84,1.27,-6.419999999999999,248.99250896864308,249.33582670121336,246.9055275641156,247.9264373779297,1971100.0,-0.54,-0.11,0.97,0.59,-3.2399999999999998,26.270000457763672,0.31,-1
2020-09-30,307.97516755399596,312.78310129067506,307.78100935569034,309.63946533203125,104081100.0,0.76,0.22,1.63,3.8,-4.64,266.8687203661687,271.64269161107853,266.5981322162988,268.5019226074219,49380800.0,0.6799999999999999,0.06999999999999999,1.8900000000000001,5.18,-7.359999999999999,248.45031463348116,253.12119267995362,248.45031463348116,250.70895385742188,4028500.0,1.1199999999999999,0.21,1.8800000000000001,3.71,-3.01,26.3700008392334,0.38,1
2020-10-01,312.2283956676877,313.1992150632846,309.7504726983646,311.6274108886719,88698700.0,0.64,0.84,1.11,4.19,-5.4,272.3192015146066,273.3725636757455,270.4347281441541,272.76373291015625,50020200.0,1.59,1.4200000000000002,1.09,6.35,-6.77,252.36247181656177,253.28401501844363,249.8689508246101,251.28738403320312,2968000.0,0.22999999999999998,0.66,1.3599999999999999,3.74,-4.26,26.700000762939453,1.25,1
2020-10-02,306.69000965854815,311.59963625667905,306.2184543549931,308.66864013671875,89431100.0,-0.95,-1.58,1.73,1.55,-2.96,266.74312637993074,272.75407717239364,264.24985157485753,265.0906066894531,75497400.0,-2.81,-2.21,3.1199999999999997,1.01,-4.5600000000000005,247.70056332978953,251.62155937273602,247.18558675176814,250.07662963867188,4771600.0,-0.48,-1.43,1.77,1.8800000000000001,-2.07,27.6299991607666,3.4799999999999995,-1
2020-10-05,310.7212700191764,314.3272066536649,310.675051276602,314.1423034667969,45713100.0,1.77,0.66,1.18,1.67,-0.42,267.05233884736725,271.06285339808517,266.94605005181484,270.74395751953125,28184600.0,2.13,0.74,1.55,1.0699999999999998,-1.21,251.87452285083006,254.40418879195548,251.83837688844514,254.33192443847656,1862500.0,1.7000000000000002,0.72,1.03,2.03,0.15,27.959999084472656,1.1900000000000002,1
2020-10-06,314.28094252067115,316.3705485681372,309.16790315798374,309.6764221191406,90128900.0,-1.4200000000000002,0.04,2.29,0.77,0.9199999999999999,270.0578103987121,271.73932026553695,265.0325684973553,265.9119873046875,49704200.0,-1.78,-0.25,2.48,-0.29,1.9300000000000002,255.26245549629925,256.14782469438137,250.47412234980808,250.9077911376953,4364400.0,-1.35,0.37,2.23,1.2,1.08,29.479999542236328,5.4399999999999995,-1
2020-10-07,312.6259658002967,315.87132309591203,312.5982289095894,315.0669250488281,56999600.0,1.7399999999999998,0.95,1.06,1.7500000000000002,0.69,268.550343408409,271.304533490688,267.96082970691975,270.5121154785156,27539700.0,1.73,0.9900000000000001,1.26,0.75,0.73,253.22060670950586,256.2833353015215,253.17544494513186,255.60574340820312,2422600.0,1.87,0.9199999999999999,1.24,1.95,1.34,28.059999465942383,-4.82,1
2020-10-08,316.9993505468978,317.92395123204756,316.0839766813295,317.8592224121094,45242500.0,0.89,0.61,0.58,2.0,3.37,272.9086212791073,272.97627567976207,270.88886904334345,271.951904296875,25443300.0,0.53,0.89,0.77,-0.3,3.3300000000000005,257.0512830871969,257.19583935119243,255.39797079070792,256.843505859375,2148000.0,0.48,0.5700000000000001,0.7000000000000001,2.21,3.3300000000000005,26.360000610351562,-6.0600000000000005,1
2020-10-09,319.5049199072346,321.15996256500506,318.88545342511554,320.6976623535156,59528600.0,0.89,0.52,0.72,3.9,4.24,273.59477043331975,276.18471910444345,273.20822017389503,276.1073913574219,30201100.0,1.53,0.6,1.09,4.16,5.64,258.03608274422186,259.1202410896188,256.95195197011697,258.3251953125,2549100.0,0.58,0.45999999999999996,0.84,3.3000000000000003,3.44,25.0,-5.16,1
2020-10-12,323.23107167134015,327.3270449402805,322.74103455582997,325.85693359375,80388500.0,1.6099999999999999,0.79,1.43,3.73,4.54,280.78464647589414,287.46240595594276,279.74095808961755,284.6308898925781,79370700.0,3.09,1.69,2.8000000000000003,5.13,7.04,259.2466707575078,261.6498390888845,259.00272002902494,260.6108703613281,2534800.0,0.88,0.36,1.02,2.4699999999999998,3.0700000000000003,25.06999969482422,0.27999999999999997,1
2020-10-13,325.71829333157706,325.89396970025575,322.76881520469266,323.73040771484375,73255500.0,-0.65,-0.04,0.96,4.54,3.34,286.4285130159509,287.06630483441944,283.25872365827956,284.621337890625,64240000.0,-0.0,0.63,1.34,7.04,5.54,259.8881986227648,260.2947373462453,258.4065173070751,259.0570068359375,2430600.0,-0.6,-0.27999999999999997,0.72,3.25,2.44,26.06999969482422,3.9899999999999998,-1
2020-10-14,324.30366960004284,325.39469156684834,320.96587488382295,321.6962890625,57727900.0,-0.63,0.18,1.37,2.1,3.1,285.423420825431,286.389811260261,280.50449705117353,282.2439880371094,36949100.0,-0.84,0.27999999999999997,2.07,4.34,6.35,259.49069823037,260.1502312007517,257.10556056046573,257.60247802734375,2264000.0,-0.5599999999999999,0.16999999999999998,1.18,0.7799999999999999,1.7000000000000002,26.399999618530273,1.27,-1
2020-10-15,317.7944015372411,321.77942707857534,317.2581457104829,321.29864501953125,60357700.0,-0.12,-1.21,1.41,1.08,3.8899999999999997,277.5473575407139,280.9393680696546,276.90953628514376,280.3498840332031,42514200.0,-0.67,-1.66,1.43,3.09,7.32,254.80161606643367,257.8462574368977,254.4673418608381,257.5210266113281,3128000.0,-0.03,-1.09,1.31,0.26,2.1999999999999997,26.969999313354492,2.16,-1
2020-10-16,322.6486204375523,324.30366342738694,320.9288768497177,321.10455322265625,89501900.0,-0.06,0.42,1.05,0.13,5.029999999999999,281.9926656560105,283.41326051579426,278.4653471105825,278.8132629394531,40570700.0,-0.5499999999999999,0.59,1.76,0.98,8.110000000000001,258.71140003942514,260.6365557273918,258.3950826941675,258.4673767089844,2409300.0,0.37,0.45999999999999996,0.8699999999999999,0.06,3.46,27.40999984741211,1.63,-1
2020-10-19,322.36195837394564,322.99067994136914,315.3257621196153,316.2226257324219,68425600.0,-1.52,0.38999999999999996,2.39,-2.96,4.6,280.7266886465259,281.6834350292942,273.2855015661207,274.26153564453125,36756800.0,-1.63,0.69,3.01,-3.64,6.09,259.07290554277694,259.45249732079833,254.22837995664474,254.90625,2837600.0,-1.38,0.22999999999999998,2.02,-2.19,3.94,29.18000030517578,6.460000000000001,-1
2020-10-20,317.5632439464316,320.72538971441617,316.80509306669023,317.4892883300781,60051900.0,0.4,0.42,1.24,-1.9300000000000002,3.9600000000000004,274.9961184692675,277.9532714716513,273.4402436932252,274.8511657714844,32195400.0,0.21,0.27,1.6500000000000001,-3.4299999999999997,4.38,255.9277415664985,258.1873098163977,255.10525541362077,255.73794555664062,3339000.0,0.33,0.4,1.21,-1.28,3.7600000000000002,29.350000381469727,0.58,1
2020-10-21,317.44313504454004,319.60672543903087,316.583263194965,316.8883972167969,63575000.0,-0.19,-0.01,0.95,-1.49,6.23,275.10233620718253,277.66326457149967,274.15526310804836,274.6384582519531,29306100.0,-0.08,0.09,1.28,-2.69,7.580000000000001,255.36728455989208,257.11166402449584,254.72554753981885,254.8520965576172,2907100.0,-0.35000000000000003,-0.13999999999999999,0.9299999999999999,-1.0699999999999998,5.42,28.649999618530273,-2.39,-1
2020-10-22,317.1010016263074,319.20908978421284,314.96517658013624,318.6265869140625,55399300.0,0.5499999999999999,0.06999999999999999,1.34,-0.83,6.529999999999999,275.4695696201437,276.36833509912185,271.38175713416496,274.6288146972656,32196200.0,-0.0,0.3,1.82,-2.04,7.08,254.969684201332,256.83156621340623,253.34277852863823,256.37060546875,2324200.0,0.6,0.05,1.37,-0.44999999999999996,5.84,28.110000610351562,-1.8800000000000001,1
2020-10-23,319.84705846131055,319.9025322364598,317.258188232449,319.7083740234375,49143900.0,0.33999999999999997,0.38,0.83,-0.43,5.19,275.1990344829979,275.33434332012973,272.3095360900542,275.1700439453125,24658500.0,0.2,0.21,1.0999999999999999,-1.31,4.8500000000000005,257.0935636802817,257.174904788503,254.4363104812918,256.0903015136719,2161000.0,-0.11,0.27999999999999997,1.0699999999999998,-0.9199999999999999,4.33,27.549999237060547,-1.9900000000000002,1
2020-10-26,316.33359795190205,317.1195140807674,310.31443920384794,313.8002014160156,91473000.0,-1.8499999999999999,-1.06,2.13,-0.77,1.5599999999999998,272.8892965535558,275.71113970293754,267.4581878077359,271.0434875488281,38421100.0,-1.5,-0.83,3.0,-1.17,1.18,253.1980914684342,253.4240482027713,247.37744378530175,250.3600616455078,5140600.0,-2.2399999999999998,-1.13,2.36,-1.78,0.44,32.459999084472656,17.82,-1
2020-10-27,314.14230712329396,314.475149793473,312.5057460118679,312.7184143066406,65994100.0,-0.33999999999999997,0.11,0.63,-1.5,1.76,272.0388349294439,273.9812886233602,270.78253949561895,273.15985107421875,30559100.0,0.7799999999999999,0.37,1.18,-0.62,2.4299999999999997,250.31491942975697,250.4233742655282,248.1909202871925,248.24514770507812,3029800.0,-0.84,-0.02,0.89,-2.93,0.13,33.349998474121094,2.74,-1
2020-10-28,307.0598897426626,312.7461782493359,301.54002258547484,302.0300598144531,127094300.0,-3.42,-1.81,3.58,-4.6899999999999995,-2.46,268.66621736451685,269.27504806427874,262.25904398800714,262.51031494140625,53413500.0,-3.9,-1.6500000000000001,2.5700000000000003,-4.42,-2.23,243.12938180065888,244.7110785224104,239.53214161231023,239.9479217529297,5815200.0,-3.34,-2.06,2.09,-5.8500000000000005,-4.29,40.279998779296875,20.78,-1
2020-10-29,302.26117045534187,308.2618190207296,300.57839067530114,305.0997009277344,90597700.0,1.02,0.08,2.54,-4.25,-2.09,263.824599624501,270.0964643686435,263.3607215795069,267.1006774902344,43246300.0,1.7500000000000002,0.5,2.5700000000000003,-2.74,-2.08,239.63168358405227,243.07526263056755,237.53479809093128,240.95126342773438,5479400.0,0.42,-0.13,2.31,-6.01,-4.109999999999999,37.59000015258789,-6.68,1
2020-10-30,303.5278632885841,304.8315534323046,298.27613900813606,301.9190673828125,120287300.0,-1.04,-0.52,2.15,-5.56,-2.19,265.1195828683809,265.9893284745817,258.093934109574,260.3262939453125,65838300.0,-2.54,-0.74,2.96,-5.390000000000001,-1.7999999999999998,239.54135247034665,240.70729743118943,236.2695019994524,239.56846618652344,5271200.0,-0.5700000000000001,-0.59,1.8399999999999999,-6.45,-4.2,38.02000045776367,1.1400000000000001,-1
2020-11-02,305.3031311035156,307.3002435800331,302.566292996373,305.3031311035156,86068300.0,1.1199999999999999,1.1199999999999999,1.5699999999999998,-2.71,-2.81,262.7132427871416,264.3270982805242,257.9972527970859,260.9060974121094,39987400.0,0.22,0.9199999999999999,2.4299999999999997,-3.74,-3.63,243.03909228890993,244.4852211095928,241.25855186735808,243.3102569580078,5062900.0,1.5599999999999998,1.4500000000000002,1.35,-2.82,-4.33,37.130001068115234,-2.34,1
2020-11-03,308.5299804346644,312.7461569674992,305.3863439975958,310.69354248046875,93294200.0,1.77,1.06,2.41,-0.65,0.33,262.8195357753075,267.5162086489686,261.73718320133173,265.41912841796875,43604100.0,1.73,0.73,2.21,-2.83,-0.19,246.43747705218414,249.8448949666762,246.02172434869814,248.236083984375,4343000.0,2.02,1.29,1.5699999999999998,-0.0,-1.06,35.54999923706055,-4.26,1
2020-11-04,315.1593778065313,321.7055664962755,313.9851450876126,317.6373291015625,126959700.0,2.23,1.44,2.48,5.17,0.8200000000000001,274.0586362806946,279.06453122410136,272.39644369620936,277.2670593261719,75728200.0,4.46,3.26,2.5100000000000002,5.62,2.5,249.36591128842633,255.83731715116176,249.0586133597985,251.72491455078125,6766400.0,1.41,0.45999999999999996,2.73,4.91,-1.52,29.56999969482422,-16.82,1
2020-11-05,322.90752215223176,325.63510535784354,322.5561693903892,323.8321228027344,82039700.0,1.95,1.66,0.97,6.140000000000001,1.8800000000000001,283.664525046843,285.4620262231915,282.1859491641176,284.4956359863281,52054200.0,2.6100000000000003,2.31,1.18,6.510000000000001,4.61,255.14139512868533,257.5545983737396,254.94255203583361,256.6055908203125,4316200.0,1.94,1.3599999999999999,1.04,6.5,-0.09,27.579999923706055,-6.7299999999999995,1
2020-11-06,323.5453884056445,325.00627273599883,321.4373007708258,323.758056640625,74973000.0,-0.02,-0.09,1.0999999999999999,7.23,0.95,283.8385065209368,285.4330447285974,280.08890717712325,284.708251953125,40959800.0,0.06999999999999999,-0.22999999999999998,1.8800000000000001,9.370000000000001,3.1199999999999997,256.6417832555659,257.0304223904671,254.77990114881624,255.9819793701172,3078200.0,-0.24,0.01,0.88,6.8500000000000005,-0.91,24.860000610351562,-9.86,-1
2020-11-09,336.52684917649657,336.9059387720614,327.36405472488747,327.82635498046875,172304200.0,1.26,3.94,2.9499999999999997,7.380000000000001,0.6,287.64615186245305,289.0860938892739,278.43645076273805,278.8906555175781,86537100.0,-2.04,1.03,3.74,6.890000000000001,-2.02,269.8918139945733,270.6871863056054,263.3662084031865,263.6644592285156,10839300.0,3.0,5.43,2.86,8.37,1.17,25.75,3.58,1
2020-11-10,326.83706430106344,328.39964160698554,324.08177251066513,327.3456115722656,85552000.0,-0.15,-0.3,1.32,5.36,1.1199999999999999,275.5854697349224,277.02538150441404,271.18837721336837,273.894287109375,69024900.0,-1.79,-1.1900000000000002,2.09,3.19,-3.7699999999999996,265.0924456718075,266.59280178816493,263.3751799038455,266.18609619140625,4354500.0,0.96,0.54,1.22,7.23,2.75,24.799999237060547,-3.6900000000000004,-1
2020-11-11,329.5275920192219,330.60013191836515,328.2886308124271,329.7772521972656,58649000.0,0.74,0.67,0.7100000000000001,3.82,2.5100000000000002,276.41665433779593,280.4948231442373,273.8557255890356,280.02130126953125,36102900.0,2.2399999999999998,0.9199999999999999,2.42,0.9900000000000001,-0.79,267.59625960663413,267.65953416211954,264.7582275390638,265.8247375488281,2910400.0,-0.13999999999999999,0.53,1.09,5.6000000000000005,3.19,23.450000762939453,-5.4399999999999995,1
2020-11-12,328.76945432758134,329.8235125087104,324.7752013576145,326.5781555175781,67546200.0,-0.97,-0.31,1.53,0.8500000000000001,1.6400000000000001,280.98769753717005,282.25366667118294,277.5956576099085,278.7070007324219,34414600.0,-0.47000000000000003,0.35000000000000003,1.66,-2.03,-0.59,264.11645018031203,265.11066586035986,261.3778541968216,263.0589599609375,4361900.0,-1.04,-0.64,1.4000000000000001,2.5100000000000002,2.15,25.350000381469727,8.1,-1
2020-11-13,328.48282147525566,331.8391259274995,327.96504743366876,331.0994567871094,62892200.0,1.38,0.58,1.1900000000000002,2.27,3.11,280.41747994710306,281.77042043794137,278.1947646125416,281.15191650390625,24806900.0,0.88,0.61,1.28,-1.25,0.84,264.79425076429226,267.4605519857538,264.29715684695645,266.76458740234375,3090400.0,1.41,0.66,1.2,4.21,3.2099999999999995,23.100000381469727,-8.88,1
2020-11-16,333.76234079790987,335.4266106214588,332.4771323966517,335.2324523925781,74541100.0,1.25,0.8,0.89,2.26,6.01,280.8523991483272,283.64528181718896,280.2435684216537,283.345703125,30168400.0,0.7799999999999999,-0.11,1.21,1.6,3.3099999999999996,270.49734546265427,271.2203960349719,268.951809004324,271.1300354003906,4615000.0,1.6400000000000001,1.4000000000000001,0.8500000000000001,2.83,6.36,22.450000762939453,-2.81,1
2020-11-17,332.82842818706325,334.6314103678308,331.32132492500256,333.4294128417969,66111000.0,-0.54,-0.72,0.9900000000000001,1.8599999999999999,5.0200000000000005,283.538986508823,283.86755576263226,281.80913913585965,282.44696044921875,21843500.0,-0.32,0.06999999999999999,0.73,3.1199999999999997,2.76,268.71665689042555,270.379694355256,267.171121284852,269.6204833984375,4049200.0,-0.5599999999999999,-0.89,1.18,1.29,5.43,22.709999084472656,1.16,-1
2020-11-18,333.69765395560677,334.2431650021247,329.37975611691144,329.416748046875,70591300.0,-1.2,0.08,1.46,-0.11,3.95,281.89605303204337,283.5099082644864,280.27249496762283,280.3594665527344,28069600.0,-0.74,-0.2,1.15,0.12,2.08,270.4250113436438,270.92210509058367,266.4120178222656,266.4120178222656,3566400.0,-1.1900000000000002,0.3,1.67,0.22,4.54,23.84000015258789,4.9799999999999995,-1
2020-11-19,328.7879360767462,331.1733928980095,327.44725409515723,330.8035583496094,59940900.0,0.42,-0.19,1.13,1.29,3.82,279.808677529354,282.8624746544085,279.1418658110282,282.55322265625,22718400.0,0.7799999999999999,-0.2,1.3299999999999998,1.38,2.8899999999999997,265.77939560310637,267.3610930327704,264.7309528541011,266.92724609375,3266600.0,0.19,-0.24,0.9900000000000001,1.47,4.12,23.110000610351562,-3.06,1
2020-11-20,330.5447258643978,330.7481391320541,328.4643744428736,328.538330078125,70417300.0,-0.6799999999999999,-0.08,0.69,-0.77,2.76,282.4759673973097,283.22010705207674,280.5335422989457,280.6205139160156,25907300.0,-0.6799999999999999,-0.03,0.95,-0.19,1.9800000000000002,266.51250928387924,266.84766096185933,264.6827480897865,264.9816589355469,3090200.0,-0.73,-0.16,0.8099999999999999,-0.67,3.47,23.700000762939453,2.55,-1
2020-11-23,330.34129961206247,331.7651924296882,328.1130087910506,330.5077209472656,63230600.0,0.6,0.5499999999999999,1.11,-1.41,5.319999999999999,281.6157733104522,282.9107326467343,278.3880335632616,280.63006591796875,26875600.0,0.0,0.35000000000000003,1.6099999999999999,-0.96,3.54,266.5486138000666,268.7135255649786,265.8420699732213,268.0251159667969,2855600.0,1.15,0.59,1.08,-1.15,7.06,22.65999984741211,-4.390000000000001,1
2020-11-24,333.05037819016013,336.3789460330993,332.19976142931375,335.83343505859375,62415900.0,1.6099999999999999,0.77,1.26,0.72,7.39,281.69314387810886,285.06586661561016,279.89567179055075,284.572998046875,24516800.0,1.41,0.38,1.8399999999999999,0.75,4.18,270.78789998577946,272.7535289094676,270.20815749164973,272.1375732421875,4022700.0,1.53,1.03,0.95,0.9299999999999999,9.62,21.639999389648438,-4.5,1
2020-11-25,335.75029837487693,335.77803527065635,334.2247126738547,335.31573486328125,45330900.0,-0.15,-0.02,0.45999999999999996,1.79,11.020000000000001,285.63601463555347,286.95996475108177,284.6889414363206,286.3221435546875,23326800.0,0.61,0.37,0.8,2.13,9.07,271.70272914363056,271.78425022922045,269.9816363023874,270.6066589355469,2629200.0,-0.5599999999999999,-0.16,0.66,1.5699999999999998,12.78,21.25,-1.7999999999999998,-1
2020-11-27,336.40661695536556,336.720977715475,335.2416113846449,336.24945068359375,28514100.0,0.27999999999999997,0.33,0.44,1.6500000000000001,10.209999999999999,288.28393358751885,290.0814351653389,287.8877099628817,288.9604187011719,17163100.0,0.9199999999999999,0.69,0.77,2.27,8.18,271.2408993981312,271.92933691716246,270.0905088040705,271.0597229003906,1518000.0,0.16999999999999998,0.22999999999999998,0.6799999999999999,1.55,12.5,20.84000015258789,-1.9300000000000002,1
2020-11-30,335.47282708749947,335.74096916518056,332.08881368370197,334.7608947753906,83872700.0,-0.44,-0.22999999999999998,1.09,1.8900000000000001,10.879999999999999,289.279338588268,289.88816934271773,284.87260011745866,289.5499267578125,27836200.0,0.2,0.11,1.7399999999999998,3.18,11.23,269.50157892129766,269.7552093189281,266.99244864318075,268.68634033203125,4159300.0,-0.88,-0.5700000000000001,1.02,1.4000000000000001,12.15,20.56999969482422,-1.3,-1
2020-12-01,338.00624890506265,339.95714263167446,337.41449097572354,338.42230224609375,74231400.0,1.09,0.97,0.76,2.39,10.85,291.8209821620533,294.88445346121796,290.7192826785241,293.2608947753906,27521300.0,1.28,0.7799999999999999,1.44,4.5,12.4,271.5034239876265,272.66288096070525,270.09937613411944,270.33489990234375,2841100.0,0.61,1.05,0.95,0.86,11.110000000000001,20.770000457763672,0.97,1
2020-12-02,337.31269153585873,339.2913215247088,336.73944385887,339.1341552734375,45927000.0,0.21,-0.33,0.75,0.98,9.15,292.09149530806684,293.97596836487656,290.2553594658821,293.6377258300781,23620000.0,0.13,-0.4,1.27,3.19,10.63,269.12120209772013,271.150245693068,268.44183186067283,271.00531005859375,2481700.0,0.25,-0.44999999999999996,1.0,-0.42,9.17,21.170000076293945,1.9300000000000002,1
2020-12-03,339.03252352963375,340.4286793920205,337.94150165059074,339.0417785644531,62882000.0,-0.03,-0.03,0.73,1.11,6.74,293.94693388537553,295.5994529470872,293.32842997228477,294.05322265625,22828700.0,0.13999999999999999,0.11,0.77,2.7,6.05,271.1864735149595,273.01623398066283,270.88753514454487,271.80242919921875,3140900.0,0.29,0.06999999999999999,0.79,0.44,7.9799999999999995,21.280000686645508,0.52,-1
2020-12-04,339.6242931462519,341.9635314941406,339.53182744457604,341.9635314941406,50749900.0,0.86,0.16999999999999998,0.72,1.7000000000000002,5.6000000000000005,294.1015495701713,295.39653853625344,293.4250940494465,295.2515563964844,19332100.0,0.41000000000000003,0.02,0.67,2.18,3.7800000000000002,272.4183008438694,274.0940856933594,272.29149948617805,274.0940856933594,2747300.0,0.84,0.22999999999999998,0.66,1.1199999999999999,6.819999999999999,20.790000915527344,-2.3,1
2020-12-07,341.1959523669917,341.7507181249719,339.9939834051667,341.26068115234375,48944300.0,-0.21,-0.22,0.51,1.94,5.41,295.43530347647163,297.29078666497236,295.25168687738386,296.9235534667969,20851000.0,0.5700000000000001,0.06,0.69,2.55,4.29,273.35136484133733,273.70465058988697,271.74806123178104,272.7444763183594,2589900.0,-0.49,-0.27,0.7100000000000001,1.51,6.550000000000001,21.299999237060547,2.45,-1
2020-12-08,339.99411677063375,342.8233922079248,339.9478980295718,342.2593994140625,42458900.0,0.29,-0.37,0.84,1.13,4.3999999999999995,296.44995158477576,298.2281065199663,294.7007871841629,297.92852783203125,18341500.0,0.33999999999999997,-0.16,1.1900000000000002,1.59,6.83,271.75708200635097,274.34773314605366,271.72990831060713,273.7408447265625,2205400.0,0.37,-0.36,0.96,1.26,3.82,20.68000030517578,-2.91,1
2020-12-09,342.915836132159,343.0730024150456,338.35756246336115,339.189697265625,74098300.0,-0.8999999999999999,0.19,1.38,0.02,3.62,297.7159455804409,297.9961776074339,290.1201004766501,291.1831359863281,48839300.0,-2.26,-0.06999999999999999,2.64,-0.84,6.3100000000000005,274.66488962854834,275.0091083435929,271.7209516043444,272.5452575683594,3074500.0,-0.44,0.33999999999999997,1.2,0.5700000000000001,2.39,22.270000457763672,7.6899999999999995,-1
2020-12-10,337.82132486772645,340.12357138803657,336.95219802540623,339.07879638671875,57735400.0,-0.03,-0.4,0.9299999999999999,0.01,2.82,289.15363690227525,293.47340277519385,288.07128447188796,292.3523864746094,27519500.0,0.4,-0.7000000000000001,1.8599999999999999,-0.58,4.3999999999999995,271.73896131222347,272.7897236727066,271.02337807412226,272.2371826171875,2413000.0,-0.11,-0.3,0.65,0.16,2.41,22.520000457763672,1.1199999999999999,-1
2020-12-11,337.38665648334694,339.08791771318033,335.8703266070758,338.68109130859375,57698600.0,-0.12,-0.5,0.95,-0.96,3.71,290.6999017536818,291.83059152880014,288.43855169534044,291.7049560546875,26760400.0,-0.22,-0.5700000000000001,1.16,-1.2,4.66,271.2316835270685,272.816880260137,270.5523134986106,272.5904235839844,2454300.0,0.13,-0.37,0.83,-0.5499999999999999,3.62,23.309999465942383,3.51,-1
2020-12-14,340.8448381800256,341.9173502325167,336.98924059021937,337.1649169921875,69216200.0,-0.44999999999999996,0.64,1.46,-1.2,1.83,292.8935940648919,295.7637747777363,292.8259691496675,293.82135009765625,28804800.0,0.73,0.41000000000000003,1.01,-1.04,4.51,274.48356401882864,275.1901076550047,270.84215106986505,270.9327392578125,3646100.0,-0.61,0.69,1.6,-0.66,1.5599999999999998,24.719999313354492,6.05,-1
2020-12-15,339.6982365511047,341.7231140136719,338.329845795208,341.7231140136719,63865300.0,1.35,0.75,1.01,-0.16,1.94,296.0730659271686,296.962158203125,293.88901386267713,296.962158203125,25709000.0,1.0699999999999998,0.77,1.05,-0.32,4.81,272.6086527650313,274.4112396891194,271.27708593969703,274.1213684082031,4211500.0,1.18,0.62,1.16,0.13999999999999999,1.0999999999999999,22.889999389648438,-7.3999999999999995,1
2020-12-16,341.93578357691985,343.17474493301853,341.05740176418556,342.2593994140625,58420500.0,0.16,0.06,0.62,0.91,2.65,297.35838868794735,299.37814143004573,296.31467036214076,298.5953674316406,25461900.0,0.5499999999999999,0.13,1.03,2.55,5.72,274.0489034684769,274.3478142099807,272.9437934422959,273.69561767578125,1977300.0,-0.16,-0.03,0.51,0.42,1.51,22.5,-1.7000000000000002,1
2020-12-17,343.8959099470601,344.3766920459077,343.0730019635639,344.17327880859375,64119500.0,0.5599999999999999,0.48,0.38,1.5,4.4799999999999995,300.1898950565834,300.7793791237799,298.991580236775,300.5474548339844,23730500.0,0.65,0.53,0.6,2.8000000000000003,7.199999999999999,274.66483000257176,275.1086763315927,274.32967847709534,274.9093933105469,3002900.0,0.44,0.35000000000000003,0.27999999999999997,0.98,3.19,21.93000030517578,-2.53,1
2020-12-18,344.4612007715748,344.6283315180656,340.79344881476123,342.7991027832031,136542300.0,-0.4,0.08,1.11,1.22,3.63,301.1852074445999,301.49445942174196,297.2713089953816,299.63897705078125,41173400.0,-0.3,0.21,1.41,2.7199999999999998,6.05,275.0620401805052,275.1255778350465,272.4844997841384,274.0001525878906,4442100.0,-0.33,0.06,0.96,0.52,2.65,21.56999969482422,-1.6400000000000001,-1
2020-12-21,338.88995381488303,351.4159755487242,336.1600382375715,341.57342529296875,96386700.0,-0.36,-1.1400000000000001,4.45,1.31,3.9699999999999998,296.69677965849587,299.610896440792,293.9279078078829,299.07843017578125,37095500.0,-0.19,-0.98,1.9,1.79,6.58,271.1774483725308,274.97114868250554,269.93406081090865,274.2178649902344,6340800.0,0.08,-1.03,1.8399999999999999,1.21,3.49,25.15999984741211,16.64,-1
2020-12-22,341.8983673411588,342.0097878229692,339.87415302334546,340.9976806640625,47949000.0,-0.16999999999999998,0.1,0.63,-0.21,3.17,299.97882235494683,300.81141034243274,297.07439618312935,299.8916931152344,26176300.0,0.27,0.3,1.25,0.9900000000000001,6.859999999999999,273.9455579395945,273.98186910873693,272.14852898068546,272.3391418457031,2698200.0,-0.69,-0.1,0.67,-0.65,1.6099999999999999,24.229999542236328,-3.6999999999999997,-1
2020-12-23,341.9633643931626,343.20760697353194,340.979112376798,341.3041076660156,46201400.0,0.09,0.27999999999999997,0.65,-0.27999999999999997,1.63,299.94019533026415,300.29840329190193,298.22659391431,298.3815002441406,21201300.0,-0.5,0.02,0.69,-0.06999999999999999,4.8500000000000005,273.3647222523495,274.8077796549865,273.31026934638635,273.43731689453125,2714400.0,0.4,0.38,0.5499999999999999,-0.09,0.48,23.309999465942383,-3.8,1
2020-12-24,341.7776869993081,342.6598131310871,341.19272941054123,342.6319580078125,26457900.0,0.38999999999999996,0.13999999999999999,0.43,-0.44999999999999996,2.18,298.6427877632281,300.14339616488587,298.56534939699964,299.69805908203125,16785000.0,0.44,0.09,0.53,-0.27999999999999997,4.67,273.7821693240699,274.1815090491036,273.1196221217859,274.10888671875,1955700.0,0.25,0.13,0.38999999999999996,-0.29,1.29,21.530000686645508,-7.64,1
2020-12-28,345.1760839492796,345.9653500649846,344.5539768762825,345.57537841796875,39000400.0,0.86,0.74,0.41000000000000003,0.8099999999999999,2.77,302.30236444379983,303.19306815724786,300.47256173105023,302.7186584472656,22497700.0,1.01,0.8699999999999999,0.91,1.03,4.760000000000001,275.62462606956865,276.9496930643187,275.3160503418767,275.9059753417969,2382400.0,0.66,0.5499999999999999,0.6,0.7000000000000001,1.79,21.700000762939453,0.79,1
2020-12-29,347.0982780683886,347.2747033129557,344.3312127444676,344.91619873046875,53680500.0,-0.19,0.44,0.8500000000000001,0.98,3.0300000000000002,304.0450174468872,304.664642578281,302.08938102346127,302.98974609375,25871900.0,0.09,0.44,0.8500000000000001,1.31,4.64,277.20371527038617,277.44878097792304,274.6715727393696,275.415771484375,2319600.0,-0.18,0.47000000000000003,1.01,0.44,2.5,23.079999923706055,6.36,-1
2020-12-30,345.7332289197448,346.4389297116673,345.0182619794542,345.4082336425781,49455300.0,0.13999999999999999,0.24,0.41000000000000003,1.29,2.06,304.15151157521103,304.4709854534392,302.37979506898415,302.9994201660156,18138100.0,0.0,0.38,0.69,1.04,3.32,276.00587841098445,276.93163356628975,275.77898198230264,276.0240478515625,2081300.0,0.22,0.21,0.42,1.35,2.1,22.770000457763672,-1.34,1
2020-12-31,345.2133556254004,347.8875612122465,344.70266884239123,347.1632995605469,78520700.0,0.51,-0.06,0.9199999999999999,1.72,2.37,302.902624635413,304.22897463129027,301.8280010488041,303.7449035644531,21611400.0,0.25,-0.03,0.79,1.7999999999999998,3.44,275.9060231472116,277.98440193208836,275.31609804507684,277.5306091308594,2797000.0,0.5499999999999999,-0.04,0.97,1.5,2.41,22.75,-0.09,1
2021-01-04,348.49100217915696,348.62101162593734,338.75060828235917,342.4369201660156,110210800.0,-1.3599999999999999,0.38,2.8400000000000003,-0.06,1.0,305.0712675012697,305.24555554776396,295.4576227654511,299.4560546875,45305900.0,-1.41,0.44,3.2199999999999998,-0.08,1.8399999999999999,278.2564814899131,278.32001908718735,271.1319337090674,274.381103515625,5106600.0,-1.13,0.26,2.59,0.1,0.95,26.969999313354492,18.55,-1
2021-01-05,341.7962383123607,345.88181651795514,341.74979422078724,344.79541015625,66426200.0,0.69,-0.19,1.21,-0.22999999999999998,0.83,298.46849923876596,302.1958517702346,298.46849923876596,301.92474365234375,29323400.0,0.8200000000000001,-0.33,1.24,-0.26,2.26,274.027281090804,276.85894339570643,273.52812014887604,275.7607727050781,3355200.0,0.5,-0.13,1.21,-0.05,0.61,25.34000015258789,-6.04,1
2021-01-06,343.29115366008426,350.0416701451585,342.743317442046,346.85675048828125,107997700.0,0.6,-0.44,2.12,0.5599999999999999,1.6400000000000001,297.2196266305306,301.9441648364743,296.23213231844335,297.742431640625,52809600.0,-1.39,-1.5599999999999998,1.8900000000000001,-1.73,0.27999999999999997,275.6789846946732,281.5692033563715,275.0527487358791,279.726806640625,7290300.0,1.44,-0.03,2.36,1.5699999999999998,2.56,25.06999969482422,-1.0699999999999998,1
2021-01-07,349.2245372676321,352.75298437501374,349.0481120785787,352.0101623535156,68766800.0,1.49,0.6799999999999999,1.0699999999999998,1.91,2.85,300.39509438060014,305.77796146175444,300.36605130282,304.94537353515625,30394800.0,2.42,0.89,1.82,0.64,2.36,281.0972605055369,283.1484117109131,280.4982510111182,281.80517578125,4107900.0,0.74,0.49,0.95,2.09,2.9499999999999997,22.3700008392334,-10.77,1
2021-01-08,353.39367271496,354.22935455515557,350.153071336751,354.01580810546875,71677200.0,0.5700000000000001,0.38999999999999996,1.16,1.97,4.37,307.2302314187697,309.21494058631947,305.0422206690552,308.86639404296875,33955800.0,1.29,0.75,1.37,1.69,6.069999999999999,282.48590374718447,282.64926244175774,279.52716702471946,282.2953186035156,3234900.0,0.16999999999999998,0.24,1.11,1.72,3.58,21.559999465942383,-3.62,1
2021-01-11,350.84954484541544,353.3844459686813,350.72882987062206,351.6295166015625,51034700.0,-0.67,-0.89,0.75,2.68,3.6999999999999997,305.91349728743285,307.08494074854116,303.7545301499624,304.4031982421875,32746400.0,-1.4500000000000002,-0.96,1.08,1.6500000000000001,4.12,279.980912286164,282.25895969863586,279.9174023805518,281.50567626953125,2811400.0,-0.27999999999999997,-0.8200000000000001,0.83,2.6,3.4000000000000004,24.079999923706055,11.690000000000001,-1
2021-01-12,351.8152146876118,352.71587302635754,349.4659767403623,351.7037658691406,52547700.0,0.02,0.05,0.9199999999999999,2.0,3.85,304.44193435888496,305.52624870479366,301.28581143319,303.9191589355469,29266800.0,-0.16,0.01,1.39,0.66,4.19,281.51479523096,282.48591812697447,280.3621718975037,282.0230407714844,2290900.0,0.18,0.0,0.75,2.27,3.46,23.329999923706055,-3.11,1
2021-01-13,351.62950774382404,353.64442764556827,350.8495360073249,352.6509094238281,45303600.0,0.27,-0.02,0.79,1.67,4.590000000000001,304.180580307871,306.76550326758513,303.58033691034495,305.9716491699219,22898400.0,0.6799999999999999,0.09,1.05,2.76,4.14,281.9232482910156,282.8036072089831,281.2788704327015,281.9232482910156,1854400.0,-0.04,-0.04,0.54,0.79,4.06,22.209999084472656,-4.8,1
2021-01-14,353.3936919642144,353.8951124303812,351.0816321351394,351.4158935546875,49989100.0,-0.35000000000000003,0.21,0.8,-0.16999999999999998,2.8400000000000003,306.41694864804754,307.4141337446142,303.861039539168,304.33544921875,23500100.0,-0.53,0.15,1.16,-0.2,2.48,282.79447856056487,283.4116298697617,281.25160028757284,281.39678955078125,3232400.0,-0.19,0.31,0.77,-0.13999999999999999,2.65,23.25,4.68,-1
2021-01-15,349.80025180486865,350.5987841141442,346.99606590019863,348.8531494140625,107160000.0,-0.73,-0.45999999999999996,1.03,-1.46,1.9300000000000002,304.1224448556124,305.08089596114627,300.6855230999575,301.92474365234375,35118700.0,-0.79,-0.06999999999999999,1.44,-2.25,1.1199999999999999,279.66072731449947,280.85015252277543,277.86295680389634,279.7605895996094,4009100.0,-0.58,-0.62,1.06,-0.8999999999999999,2.22,24.34000015258789,4.6899999999999995,-1
2021-01-19,351.30456148612353,352.13097743160114,349.8281831712378,351.5924072265625,51233300.0,0.79,0.7000000000000001,0.66,-0.01,2.16,304.2386738901535,306.83328778900795,303.14466852170074,306.3298645019531,24537000.0,1.46,0.77,1.22,0.63,1.92,281.7944476430873,282.1394768707841,280.19645691143785,280.8501892089844,2781700.0,0.38999999999999996,0.73,0.69,-0.22999999999999998,2.16,23.239999771118164,-4.52,1
2021-01-20,353.87654291716206,357.29359819142803,353.48657123958117,356.4579162597656,61836100.0,1.38,0.65,1.08,1.35,3.9800000000000004,309.9410218264804,314.3944517891422,306.42666132440587,313.4553527832031,30728100.0,2.33,1.18,2.6,3.1399999999999997,4.61,281.8580438367861,283.59225093218595,281.4131522598814,283.07470703125,2398400.0,0.79,0.36,0.7799999999999999,0.37,3.3099999999999996,21.579999923706055,-7.140000000000001,1
2021-01-21,357.01500286554875,357.4421524664681,355.86362018115483,356.7828674316406,47840100.0,0.09,0.16,0.44,1.17,4.45,314.791416370408,316.7083484771748,313.4166710531678,315.9628601074219,25130600.0,0.8,0.43,1.05,3.27,5.65,283.2926550648562,283.92821054415293,282.55720956058394,283.16552734375,1930000.0,0.03,0.08,0.48,0.44,3.26,21.31999969482422,-1.2,1
2021-01-22,354.93515564697935,356.6808190235605,354.5544500521419,355.5201416015625,52860500.0,-0.35000000000000003,-0.52,0.6,1.17,4.26,314.9268712070259,316.0595806281034,314.36533238765617,315.052734375,21609400.0,-0.29,-0.33,0.54,3.52,5.06,281.3405701617873,282.39380745319596,280.64145069375087,281.4404602050781,2049700.0,-0.61,-0.64,0.62,0.02,3.34,21.90999984741211,2.77,-1
2021-01-25,356.25362897614195,357.2750022410849,351.415906011499,356.92218017578125,70402000.0,0.38999999999999996,0.21,1.6500000000000001,2.31,4.58,318.4315135661749,319.7965970092452,311.170450280913,317.656982421875,39080600.0,0.83,1.0699999999999998,2.74,5.21,6.460000000000001,280.55043205086895,281.2677279038304,277.4906125873998,281.1496887207031,4546400.0,-0.1,-0.32,1.34,0.5,2.82,23.190000534057617,5.84,1
2021-01-26,357.86928439217473,358.2778450349725,356.1329158287073,356.36505126953125,42665300.0,-0.16,0.27,0.6,1.3599999999999999,4.01,318.37358312762797,319.25459611588326,316.79550654126723,318.1218566894531,25498100.0,0.15,0.22999999999999998,0.77,3.85,6.15,281.95781388803994,282.5479821531599,280.7502119663319,280.9136657714844,2256100.0,-0.08,0.29,0.64,0.02,2.48,23.020000457763672,-0.73,-1
2021-01-27,353.05012900637144,353.1429888444501,345.4268095254111,347.6553039550781,123351100.0,-2.44,-0.9299999999999999,2.17,-2.4699999999999998,0.6,315.86602767429855,315.8756890037456,307.249539984331,309.25360107421875,55264000.0,-2.79,-0.7100000000000001,2.71,-1.34,2.16,278.3261616923856,278.4895878983831,274.2948156919488,275.3480529785156,5743100.0,-1.9800000000000002,-0.9199999999999999,1.49,-2.73,-0.2,37.209999084472656,61.63999999999999,-1
2021-01-28,349.46593655582046,354.6379205656578,349.02954916525357,350.64520263671875,94198100.0,0.86,0.52,1.6099999999999999,-1.72,1.66,310.45417904152515,316.0209968128758,309.8345538382475,311.0834655761719,42836300.0,0.59,0.38999999999999996,2.0,-1.54,2.67,276.90958862179383,280.94093233364345,276.77337248537583,277.8992614746094,6392100.0,0.9299999999999999,0.5700000000000001,1.51,-1.8599999999999999,0.8999999999999999,30.209999084472656,-18.81,1
2021-01-29,348.78814770996314,349.75383907984985,341.9540655846165,343.6254577636719,126765100.0,-2.0,-0.53,2.22,-3.35,-0.52,309.3987887174759,310.5024847127412,302.79608312978183,304.5387268066406,55259000.0,-2.1,-0.54,2.48,-3.34,0.51,275.9471836812744,276.72801589134946,271.10774192050604,272.2154541015625,5929900.0,-2.0500000000000003,-0.7000000000000001,2.02,-3.2800000000000002,-1.38,33.09000015258789,9.53,-1
2021-02-01,347.01459668411917,350.3759130211794,343.9132708831619,349.3452453613281,75817600.0,1.66,0.9900000000000001,1.8800000000000001,-2.12,0.63,307.97565699810855,313.2326908464539,305.9522436350412,312.14837646484375,35646000.0,2.5,1.13,2.39,-1.73,2.77,274.4582770644065,275.4298013724564,272.51525615706004,274.2221984863281,3138600.0,0.74,0.8200000000000001,1.0699999999999998,-2.46,-1.1900000000000002,30.239999771118164,-8.61,1
2021-02-02,352.52084118245415,355.83574176244537,349.42880987347587,354.2850646972656,64450700.0,1.41,0.91,1.83,-0.58,3.46,315.1109191955359,318.3929057368792,314.94632202925646,317.2408142089844,33930800.0,1.63,0.95,1.0999999999999999,-0.27999999999999997,5.94,276.5103863984176,280.04233945853247,276.49220944903124,278.5805358886719,3090500.0,1.59,0.83,1.29,-0.83,1.53,25.559999465942383,-15.479999999999999,1
2021-02-03,355.11152644432576,356.2814981741382,353.2915924599428,354.5636901855469,52427100.0,0.08,0.22999999999999998,0.84,1.9900000000000002,2.83,319.31258844148124,319.68048711365606,315.924091580384,315.982177734375,24824500.0,-0.4,0.65,1.18,2.18,4.66,277.92659084476315,279.5972340958575,277.09125536484436,278.9798278808594,2087800.0,0.13999999999999999,-0.22999999999999998,0.8999999999999999,1.32,1.17,22.90999984741211,-10.37,1
2021-02-04,355.59433635934124,358.63995212915546,354.67508910571235,358.5935363769531,47142600.0,1.1400000000000001,0.29,1.1199999999999999,2.27,3.38,317.3763206460709,319.8063369990852,316.0596321495655,319.7192077636719,22350900.0,1.18,0.44,1.1900000000000002,2.78,7.380000000000001,279.5154135634281,282.07586669921875,279.44276126680194,282.07586669921875,2638800.0,1.11,0.19,0.9400000000000001,1.5,0.84,21.770000457763672,-4.9799999999999995,1
2021-02-05,360.45985694354147,360.71055297183676,358.54706353312105,360.0048522949219,48669800.0,0.38999999999999996,0.52,0.6,4.77,2.27,320.66800331185556,321.81040381264313,319.0318409228675,320.80352783203125,22732000.0,0.33999999999999997,0.3,0.8699999999999999,5.34,5.2,283.61044260521317,283.78295726467775,282.2575907366458,282.8659362792969,1955600.0,0.27999999999999997,0.54,0.54,3.91,0.38,20.8700008392334,-4.130000000000001,1
2021-02-08,361.4534473259199,362.6512741525483,360.59920475972706,362.6048583984375,38365200.0,0.72,0.4,0.5700000000000001,3.8,2.4299999999999997,322.48816101170837,323.1077566336111,320.85199838952866,322.9528503417969,20462800.0,0.67,0.53,0.7000000000000001,3.46,4.5600000000000005,283.91909815595915,284.99957275390625,283.6557820020818,284.99957275390625,1690000.0,0.75,0.37,0.48,3.93,0.96,21.239999771118164,1.77,1
2021-02-09,361.76912302259905,362.95768361802595,361.3605907389764,362.3634033203125,35551100.0,-0.06999999999999999,-0.22999999999999998,0.44,2.2800000000000002,3.05,322.023501486246,324.1437355816034,322.01381060829834,322.8851623535156,17597500.0,-0.02,-0.29,0.66,1.78,6.069999999999999,284.42762891285736,285.5534907249101,283.8011341409901,285.0268859863281,1798700.0,0.01,-0.2,0.61,2.31,1.25,21.6299991607666,1.8399999999999999,-1
2021-02-10,364.0997075472039,364.2482775954186,359.80985012604697,362.2054748535156,59154400.0,-0.04,0.48,1.22,2.16,2.9899999999999998,324.3179823430206,324.77301040965193,319.00289052594974,322.14935302734375,28068700.0,-0.22999999999999998,0.44,1.79,1.95,6.0,286.1617511232311,286.2252872614205,283.5558827778233,285.55340576171875,3048000.0,0.18,0.4,0.9400000000000001,2.36,1.25,21.989999771118164,1.66,-1
2021-02-11,363.28271443963257,363.70056961850463,360.36710768462626,362.79058837890625,42913300.0,0.16,0.3,0.9199999999999999,1.17,2.88,323.6789849456841,324.3276532521453,321.53939884916826,323.9210205078125,22046100.0,0.5499999999999999,0.47000000000000003,0.8699999999999999,1.31,5.87,286.0891248505278,286.69747026741334,284.00988860649807,285.71685791015625,1937100.0,0.06,0.19,0.9400000000000001,1.29,1.35,21.25,-3.37,1
2021-02-12,361.9920325190132,364.82407372216704,361.91773330512245,364.5826721191406,50593300.0,0.49,-0.22,0.8,1.27,3.75,323.07856432739135,325.8958602712208,322.0329842722691,325.7312927246094,20346800.0,0.5599999999999999,-0.26,1.1900000000000002,1.54,7.03,285.3536427653563,286.1345027056913,284.94504971755174,286.043701171875,2479500.0,0.11,-0.13,0.42,1.1199999999999999,1.6500000000000001,19.969999313354492,-6.02,1
2021-02-16,365.8083200461877,366.0033342269587,363.55197027023985,364.2669372558594,50972400.0,-0.09,0.33999999999999997,0.67,0.45999999999999996,4.42,326.5252697267484,327.415973443144,323.68862051418506,324.85040283203125,27080800.0,-0.27,0.24,1.1400000000000001,0.59,7.59,287.2149359728511,287.4056274974928,285.889322309616,286.5339660644531,1836300.0,0.16999999999999998,0.41000000000000003,0.53,0.54,2.42,21.459999084472656,7.46,-1
2021-02-17,362.52129645099154,364.6012209832248,361.5091609681263,364.35052490234375,52290600.0,0.02,-0.48,0.8500000000000001,0.5499999999999999,3.63,321.8782078068329,324.9665834947725,319.6514927767243,323.29168701171875,31360300.0,-0.48,-0.91,1.6400000000000001,0.13,5.54,285.72590676936056,287.74157888125933,284.98137299182645,287.4601135253906,2007400.0,0.32,-0.27999999999999997,0.96,0.8500000000000001,2.35,21.5,0.19,1
2021-02-18,361.75048720135726,363.542565533249,360.0326797228207,362.79974365234375,59712800.0,-0.43,-0.7100000000000001,0.96,0.16,1.78,319.7095451897931,323.23356672708246,317.89909482097755,321.878173828125,32236200.0,-0.44,-1.11,1.6500000000000001,-0.08,2.69,285.78036284352345,286.91531265624593,284.5364622821773,286.51580810546875,2609600.0,-0.33,-0.58,0.83,0.33999999999999997,1.22,22.489999771118164,4.6,-1
2021-02-19,364.05335165745737,364.3411973179349,361.71340843442175,362.15911865234375,83241000.0,-0.18,0.35000000000000003,0.72,-0.16999999999999998,1.51,323.2239774017853,323.3498406293298,319.45791917985673,320.4744567871094,39157700.0,-0.44,0.42,1.21,-1.06,1.43,287.10813124121853,287.7722169793068,286.17114876781784,286.48046875,2314900.0,-0.01,0.21,0.5599999999999999,0.27,1.17,22.049999237060547,-1.96,-1
2021-02-22,359.4013902770424,361.7784550408201,359.1042500973584,359.37353515625,67414200.0,-0.77,-0.76,0.74,-1.43,1.08,316.0984098661009,317.35698283456264,311.96445354950856,312.1677551269531,47256900.0,-2.59,-1.37,1.68,-4.16,-0.9199999999999999,284.642935114263,287.90872966395773,284.5246705820011,286.74432373046875,2978000.0,0.09,-0.64,1.18,0.24,1.8800000000000001,23.450000762939453,6.35,-1
2021-02-23,357.1728812923066,361.15633342710237,353.0315929249602,359.8099365234375,107284100.0,0.12,-0.61,2.26,-1.22,0.8099999999999999,306.9010850029575,312.90357860980123,301.0922316590529,311.2383728027344,97241900.0,-0.3,-1.69,3.7800000000000002,-4.19,-2.02,286.3438958018274,287.9085679990191,283.46018614779194,286.9079284667969,5723400.0,0.06,-0.13999999999999999,1.55,0.13,2.0500000000000003,23.110000610351562,-1.4500000000000002,1
2021-02-24,358.7235110381606,364.2019298681405,357.7392590796617,363.7747802734375,72433900.0,1.0999999999999999,-0.3,1.7999999999999998,-0.16,2.08,308.5855640910335,314.11367604871,305.89413057856177,313.8038635253906,58206300.0,0.8200000000000001,-0.8500000000000001,2.64,-2.93,-1.3599999999999999,286.26211775911486,291.1380855029667,285.807271368461,290.67413330078125,4290300.0,1.31,-0.22999999999999998,1.8599999999999999,1.1199999999999999,3.47,21.34000015258789,-7.66,1
2021-02-25,362.51194007778116,363.87689740324714,353.57007967389603,355.0093078613281,146670500.0,-2.41,-0.35000000000000003,2.83,-2.15,2.12,311.1511841201916,313.70706373976833,301.3245187872966,302.8638610839844,110182600.0,-3.49,-0.8500000000000001,3.95,-5.91,-2.07,290.83776408788685,291.02881948987374,284.69734007843243,285.625244140625,7648600.0,-1.7399999999999998,0.06,2.18,-0.31,3.73,28.889999389648438,35.38,-1
2021-02-26,356.8850154751008,358.0271036542426,351.20234468696304,353.18011474609375,152701600.0,-0.52,0.53,1.92,-2.48,0.72,305.7876556554205,308.9437784747402,300.9759887486125,304.13214111328125,104739800.0,0.42,0.97,2.63,-5.1,-2.23,286.0255990056415,286.0437828659712,280.89491870754813,281.5044250488281,7925600.0,-1.44,0.13999999999999999,1.7999999999999998,-1.7399999999999998,1.3,27.950000762939453,-3.25,-1
2021-03-01,358.0364901808045,362.9856346855263,353.3752197529631,361.7413635253906,105348800.0,2.42,1.38,2.7199999999999998,0.66,5.27,309.0986562446758,313.6198919537279,307.8110405073471,313.2810363769531,49164500.0,3.01,1.63,1.91,0.36,2.87,285.17052721487306,288.2998728683637,285.1432375395889,287.0899658203125,4749700.0,1.9800000000000002,1.3,1.1199999999999999,0.12,5.46,23.350000381469727,-16.46,1
2021-03-02,361.9641337209318,362.19626914684636,358.41709761211445,358.91851806640625,79595300.0,-0.7799999999999999,0.06,1.04,-0.25,2.74,313.92004533355646,313.9974836940551,308.0047118607735,308.25640869140625,48370000.0,-1.6,0.2,1.91,-0.96,-1.25,287.2082045703086,287.8540786685122,285.6526376954047,285.8163757324219,4075700.0,-0.44,0.04,0.77,-0.38,4.2299999999999995,24.100000381469727,3.2099999999999995,-1
2021-03-03,358.22218274333903,359.18784590388924,354.0623048857202,354.1644592285156,119940200.0,-1.32,-0.19,1.43,-2.64,-0.03,307.1624399490555,308.1015389877985,299.2527353695986,299.3108215332031,86301100.0,-2.9000000000000004,-0.35000000000000003,2.87,-4.62,-5.65,285.588981292417,287.34468186543035,284.5792077725692,284.7247619628906,5148100.0,-0.38,-0.08,0.97,-2.0500000000000003,2.21,26.670000076293945,10.66,-1
2021-03-04,353.97867561907805,356.5600204671109,345.30609935501286,349.78167724609375,183433000.0,-1.24,-0.05,3.18,-1.47,-1.35,298.94294673589053,302.0990997560875,290.54914087873334,294.41204833984375,139131600.0,-1.6400000000000001,-0.12,3.8600000000000003,-2.79,-6.83,284.9065934394407,286.4803714428422,278.07479394922086,281.6225891113281,8577600.0,-1.09,0.06,2.9499999999999997,-1.4000000000000001,0.95,28.56999969482422,7.12,-1
2021-03-05,353.27300175449477,357.2657484566025,346.01182648724296,356.21649169921875,152039600.0,1.8399999999999999,1.0,3.2199999999999998,0.86,-0.66,297.0259576251309,299.7464343167037,287.97385344428346,298.8460693359375,121523700.0,1.51,0.89,4.0,-1.7399999999999998,-6.529999999999999,284.27911706575856,287.5085167309726,280.0945229102241,286.77166748046875,7016100.0,1.83,0.9400000000000001,2.63,1.87,1.66,24.65999984741211,-13.69,1
2021-03-08,357.1728161894063,359.97700162746855,354.16435046533684,354.4429016113281,123149200.0,-0.5,0.27,1.63,-2.02,-1.54,298.30394751172685,300.18214560216165,289.9682579781333,290.3845520019531,88409800.0,-2.83,-0.18,3.42,-7.31,-9.48,288.1452870215381,292.6755686159372,287.3083571614017,289.50982666015625,8230700.0,0.95,0.48,1.87,0.84,2.35,25.469999313354492,3.2800000000000002,-1
2021-03-09,358.2777972390248,362.04767402813786,357.7763768194202,359.50347900390625,113633600.0,1.43,1.08,1.21,0.16,-0.86,297.67470754029097,303.7352876579728,297.14224110528033,301.83770751953125,80391100.0,3.94,2.5100000000000002,2.27,-2.08,-6.54,290.61953890816466,292.71182109219734,289.6825565023943,289.8371887207031,5829900.0,0.11,0.38,1.05,1.41,1.7000000000000002,24.030000686645508,-5.65,1
2021-03-10,361.8435178759324,363.43131668977617,360.43214430105473,361.7413635253906,109899400.0,0.62,0.65,0.83,2.1399999999999997,-0.16999999999999998,306.0877090531728,306.3878306416816,300.2885492389851,300.9759216308594,76798100.0,-0.29,1.41,2.02,0.5599999999999999,-6.79,291.58376177135085,295.0223986158149,291.5291824374399,294.1308898925781,6472200.0,1.48,0.6,1.21,3.3000000000000003,3.19,22.559999465942383,-6.12,1
2021-03-11,364.2019341812967,367.3775310399198,363.7469294630154,365.4090270996094,86245000.0,1.01,0.6799999999999999,1.0,4.47,0.88,305.7101663433619,309.66986328829904,304.81949231390325,307.9078674316406,53484800.0,2.3,1.5699999999999998,1.6099999999999999,4.58,-4.42,295.3863123439881,297.44222675406786,294.58577831664314,295.9503173828125,5745900.0,0.62,0.43,0.97,5.09,3.64,21.90999984741211,-2.88,1
2021-03-12,364.0533645809201,366.04042915723414,363.2455378059453,365.9011535644531,64653600.0,0.13,-0.37,0.76,2.7199999999999998,0.86,303.8611530512897,308.09196006785214,301.46986973744583,305.4101867675781,69315600.0,-0.8099999999999999,-1.31,2.15,2.1999999999999997,-5.71,296.2596499426141,298.82496239735445,296.1049899600876,298.6612243652344,4257200.0,0.9199999999999999,0.1,0.9199999999999999,4.15,4.53,20.690000534057617,-5.57,1
2021-03-15,366.15189953144346,368.34327305827475,364.01626458616573,368.0832824707031,73427200.0,0.6,0.06999999999999999,1.18,3.85,0.96,305.7295988118373,308.837326647409,304.0934363164408,308.6727294921875,42955700.0,1.0699999999999998,0.1,1.55,6.3,-5.24,299.4526024306909,300.4168743626236,297.29663541756554,300.2804260253906,4456000.0,0.54,0.26,1.04,3.7199999999999998,4.9799999999999995,20.030000686645508,-3.19,1
2021-03-16,368.6960999272851,369.40177242737843,366.84828247321997,367.6189880371094,73722500.0,-0.13,0.16999999999999998,0.69,2.26,0.9199999999999999,310.8607052243403,313.871642149708,308.93411213610096,310.366943359375,54925900.0,0.5499999999999999,0.7100000000000001,1.6,2.83,-4.46,300.0622360249163,300.19868442005463,298.670406871252,299.16162109375,3270600.0,-0.37,-0.06999999999999999,0.51,3.2199999999999998,4.41,19.790000915527344,-1.2,-1
2021-03-17,366.33759873657715,369.6710604301495,365.1954821103504,368.8725280761719,97959300.0,0.33999999999999997,-0.35000000000000003,1.22,1.97,1.24,307.3366833770359,313.53278614012544,305.62305316336887,311.6448974609375,78258700.0,0.41000000000000003,-0.98,2.55,3.54,-3.5999999999999996,299.4799901914404,301.1356379231398,298.72495730370053,300.89910888671875,4338200.0,0.58,0.11,0.8099999999999999,2.3,4.68,19.229999542236328,-2.83,1
2021-03-18,366.2911796002453,368.37110416522074,362.8277084837041,363.50555419921875,115349100.0,-1.4500000000000002,-0.7000000000000001,1.5,-0.52,0.19,306.77514227085976,307.7529751181446,301.6440016318715,302.0990295410156,82718100.0,-3.06,-1.5599999999999998,1.96,-1.8900000000000001,-6.140000000000001,300.4715380627888,302.80034954415584,299.07970910899036,299.6164245605469,5376500.0,-0.43,-0.13999999999999999,1.24,1.24,4.569999999999999,21.579999923706055,12.22,-1
2021-03-19,363.20554373191754,364.7799210991891,360.662312193328,362.8329162597656,113624500.0,-0.19,-0.08,1.13,-0.84,0.19,301.93444221012976,304.7033437065261,299.7948566529253,303.16400146484375,78446200.0,0.35000000000000003,-0.05,1.6199999999999999,-0.74,-5.4,299.07026605260404,299.15230216774665,296.2353605178629,297.17425537109375,5628800.0,-0.8200000000000001,-0.18,0.97,-0.5,3.73,20.950000762939453,-2.92,-1
2021-03-22,363.3453133880508,367.10891663764517,363.28942068287944,365.73016357421875,73778600.0,0.8,0.13999999999999999,1.05,-0.64,1.77,305.5534094175685,310.91399450971323,305.5534094175685,308.8492431640625,56194800.0,1.8800000000000001,0.79,1.77,0.06,-1.06,296.7550716386984,298.9701591333035,296.2810756848062,298.29559326171875,3807600.0,0.38,-0.13999999999999999,0.8999999999999999,-0.66,4.03,18.8799991607666,-9.879999999999999,1
2021-03-23,365.09665013615654,366.5405922291803,362.0690057743006,362.8515319824219,90686600.0,-0.79,-0.16999999999999998,1.22,-1.3,0.8500000000000001,309.9350686357572,311.2533907788048,306.6876901102934,307.501953125,53455400.0,-0.44,0.35000000000000003,1.48,-0.9199999999999999,-1.2,297.4568700162883,298.5142708829034,294.8316027361798,295.3967590332031,5068400.0,-0.97,-0.27999999999999997,1.23,-1.26,2.96,20.299999237060547,7.5200000000000005,-1
2021-03-24,364.2489071923662,365.8791772373448,360.9604207531097,361.0069885253906,97588600.0,-0.51,0.38999999999999996,1.3599999999999999,-2.13,-0.76,308.86877378090526,308.90755666394017,302.17045810055293,302.31585693359375,64803700.0,-1.69,0.44,2.19,-2.9899999999999998,-3.66,296.5089711817921,298.7422797209457,295.41510009765625,295.41510009765625,6099000.0,0.01,0.38,1.13,-1.82,1.63,21.200000762939453,4.43,-1
2021-03-25,359.5724734221165,363.829786798647,357.634764555162,363.0379638671875,116128600.0,0.5599999999999999,-0.4,1.72,-0.13,2.26,300.4740363467963,303.3045948439506,297.97308794522104,301.7923583984375,78729000.0,-0.16999999999999998,-0.61,1.76,-0.1,-0.35000000000000003,294.16626672462513,297.73043024796755,292.2611307311181,297.3384704589844,5557900.0,0.65,-0.42,1.8499999999999999,-0.76,4.1000000000000005,19.809999465942383,-6.5600000000000005,1
2021-03-26,364.18373344592686,369.28881849367565,363.5875351124933,368.88824462890625,114409100.0,1.6099999999999999,0.32,1.5699999999999998,1.67,4.45,301.5790969053566,306.6391828174355,300.183238678992,306.3193054199219,63519600.0,1.5,-0.06999999999999999,2.1399999999999997,1.04,0.72,298.62374645158474,301.622753347915,297.7851083213736,301.36749267578125,4956600.0,1.3599999999999999,0.43,1.29,1.41,7.06,18.860000610351562,-4.8,1
2021-03-29,367.4162544356728,369.60547972425456,365.935041179905,368.70184326171875,108107600.0,-0.05,-0.4,1.0,0.8099999999999999,1.92,305.7862170590706,307.27901793753904,302.8974985583857,306.23211669921875,54608000.0,-0.03,-0.16999999999999998,1.43,-0.8500000000000001,-2.25,300.1642771638418,303.0538747955871,299.8087593467393,302.32464599609375,5200900.0,0.32,-0.4,1.08,1.35,5.3100000000000005,20.739999771118164,9.969999999999999,-1
2021-03-30,367.43499693096027,368.39452632963565,366.13075792489735,367.7237854003906,76262200.0,-0.27,-0.33999999999999997,0.61,1.34,2.45,304.27397607290493,305.2627176647272,301.9959625409575,304.6907958984375,44635700.0,-0.5,-0.64,1.0699999999999998,-0.91,-1.16,301.7685070285308,302.26987603784147,300.61084896258916,301.5588684082031,4568800.0,-0.25,-0.18,0.5499999999999999,2.09,5.510000000000001,19.610000610351562,-5.45,-1
2021-03-31,368.29203631973724,370.7700506223906,368.2640899656706,369.21429443359375,112734200.0,0.41000000000000003,0.15,0.6799999999999999,2.27,4.25,306.4743486799786,310.9140260124671,306.135065116699,309.3533630371094,55032500.0,1.53,0.59,1.5699999999999998,2.33,3.36,301.36745410687445,302.28812827031754,300.7567313432707,300.9754943847656,3763700.0,-0.19,-0.06,0.51,1.8800000000000001,5.71,19.399999618530273,-1.0699999999999998,1
2021-04-01,371.14265609357545,373.25736766767085,370.93770669938243,373.2014465332031,99682900.0,1.08,0.52,0.63,2.8000000000000003,6.7,313.1726923053448,314.7624351906503,312.9206479914796,314.6267395019531,55685600.0,1.7000000000000002,1.23,0.6,4.25,6.87,301.52239767654606,302.26987507972405,300.5561572551846,302.1331481933594,5936100.0,0.38,0.18,0.5700000000000001,1.6099999999999999,7.28,17.329999923706055,-10.67,1
2021-04-05,375.8564594894642,379.0983784802134,375.7819453604423,378.55804443359375,91684800.0,1.44,0.7100000000000001,0.89,2.62,6.2700000000000005,317.10830969994527,321.67400959517823,316.8659685015175,320.908203125,42172500.0,2.0,0.79,1.53,4.760000000000001,7.380000000000001,304.40301279171973,306.4175305261974,304.37566740413126,305.55157470703125,5632700.0,1.13,0.75,0.6799999999999999,1.39,6.550000000000001,17.90999984741211,3.35,1
2021-04-06,377.99905545096397,379.37777983436615,377.66367085118264,378.33441162109375,62021000.0,-0.06,-0.15,0.44999999999999996,2.6100000000000003,6.74,320.5980024249018,322.63364465762453,319.90973217862893,320.68524169921875,33537200.0,-0.06999999999999999,-0.1,0.8500000000000001,4.72,10.43,305.0866245062439,305.7520659178388,304.2571107964345,304.794921875,2987500.0,-0.25,-0.15,0.49,0.8200000000000001,5.28,18.1200008392334,1.17,-1
2021-04-07,378.16684605543014,379.11705058317233,377.7103794337197,378.7723693847656,55836300.0,0.12,-0.04,0.37,3.0,5.36,320.2102655032343,322.29442351628467,319.2796835663621,321.46075439453125,32046400.0,0.24,-0.15,0.9400000000000001,5.5,6.5,304.5852832111574,305.5241784531097,303.9471871825982,304.794921875,2658500.0,0.0,-0.06999999999999999,0.52,1.0699999999999998,5.16,17.15999984741211,-5.3,1
2021-04-08,380.0206514166771,380.626174688792,379.089068404298,380.5702819824219,57863100.0,0.47000000000000003,0.33,0.41000000000000003,3.08,5.21,324.31069923260867,324.99893998740856,323.5158129621822,324.81475830078125,29940800.0,1.04,0.89,0.45999999999999996,5.0,7.920000000000001,304.7311603568256,305.5059834369722,303.9381162908788,305.4877624511719,2665000.0,0.22999999999999998,-0.02,0.51,1.5,3.8600000000000003,16.950000762939453,-1.22,1
2021-04-09,380.4491519037927,383.50474266034735,380.3280415787718,383.3370361328125,61104600.0,0.73,-0.03,0.83,2.7199999999999998,4.91,323.45764800289913,326.9861501688162,322.72095085143667,326.7825622558594,36664900.0,0.61,-0.42,1.31,3.8600000000000003,6.13,306.0254032463786,308.17664674167656,305.6972309565887,307.9761047363281,3034700.0,0.8099999999999999,0.18,0.8099999999999999,1.9300000000000002,4.06,16.690000534057617,-1.53,1
2021-04-12,382.7409700099332,383.74706737424117,382.1354466054178,383.4769287109375,56704900.0,0.04,-0.16,0.42,1.3,4.8,325.74534404855524,326.7728683332673,324.47547857249293,326.3560485839844,25833000.0,-0.13,-0.32,0.7000000000000001,1.7000000000000002,6.859999999999999,307.42936559435935,307.97627334628953,306.8733056221654,307.6936950683594,2951500.0,-0.09,-0.18,0.36,0.7000000000000001,3.02,16.90999984741211,1.32,1
2021-04-13,383.374318989603,385.2374848347506,382.99236657978923,384.6133117675781,56551000.0,0.3,-0.03,0.59,1.66,4.49,327.8779634603512,330.6309561353368,327.6647020061011,330.1656799316406,30374000.0,1.17,0.47000000000000003,0.91,2.96,6.959999999999999,306.8549421847924,307.5750741482574,305.81576230194776,307.00079345703125,3391700.0,-0.22999999999999998,-0.27,0.5700000000000001,0.72,2.2399999999999998,16.649999618530273,-1.54,1
2021-04-14,384.585426479011,385.6381198974038,382.7595316211662,383.29986572265625,61659900.0,-0.33999999999999997,-0.01,0.75,1.2,4.2700000000000005,330.4080597555586,330.53408193634095,325.38675625282934,326.2010192871094,42564300.0,-1.2,0.06999999999999999,1.5599999999999998,1.47,5.1,307.01906759191684,309.1156208794932,306.9552524333347,307.6753845214844,3966800.0,0.22,0.01,0.7000000000000001,0.95,2.85,16.989999771118164,2.04,-1
2021-04-15,385.4331734470441,387.68761700399335,385.3866056650256,387.4174499511719,60229800.0,1.0699999999999998,0.5599999999999999,0.6,1.7999999999999998,5.029999999999999,329.070319272412,331.5325145174306,325.9198831991519,331.1447448730469,36342800.0,1.52,0.88,1.72,1.95,6.260000000000001,308.86045409514554,310.58329683544827,308.86045409514554,310.32806396484375,3881800.0,0.86,0.38999999999999996,0.5599999999999999,1.58,3.1300000000000003,16.56999969482422,-2.4699999999999998,1
2021-04-16,388.7030468977185,389.31789515278274,387.2870508261419,388.7123718261719,82037300.0,0.33,0.33,0.52,1.4000000000000001,6.93,331.6681358645209,331.74570160907507,329.6615437771417,331.5324401855469,40860100.0,0.12,0.16,0.63,1.4500000000000002,9.74,311.60648898676584,312.24476724619046,310.9226015340205,311.7250061035156,3748900.0,0.44999999999999996,0.41000000000000003,0.43,1.22,4.04,16.25,-1.9300000000000002,1
2021-04-19,387.78073043129933,388.2278720552796,385.4797193923822,386.80255126953125,78498500.0,-0.49,-0.24,0.7100000000000001,0.8699999999999999,6.61,329.96213303614445,331.1156500529259,326.57902941354195,328.4983825683594,34533100.0,-0.9199999999999999,-0.47000000000000003,1.37,0.66,8.36,311.00456712157165,311.22340213301334,309.709728373175,310.7127685546875,3222800.0,-0.32,-0.22999999999999998,0.49,0.98,4.5600000000000005,17.290000915527344,6.4,-1
2021-04-20,385.59152639170094,386.6907875184191,382.4986639809094,383.9705810546875,81851800.0,-0.73,-0.31,1.08,-0.16999999999999998,4.99,327.8392364774025,329.1187757229305,324.1362552848905,326.10406494140625,38081800.0,-0.73,-0.2,1.52,-1.23,5.59,309.48183344264015,309.90127658184343,307.06543690626916,308.3146667480469,3762900.0,-0.77,-0.4,0.91,0.43,3.36,18.68000030517578,8.04,-1
2021-04-21,383.3557132219947,387.80867863656937,383.2159530341772,387.6037292480469,66793000.0,0.95,-0.16,1.2,1.1199999999999999,6.819999999999999,324.824498866238,329.08002521372185,323.7388148510512,328.8958435058594,36598100.0,0.86,-0.38999999999999996,1.6400000000000001,0.83,6.959999999999999,307.86779139676827,311.43312674729407,307.8039552448353,311.2142639160156,4191200.0,0.9400000000000001,-0.13999999999999999,1.18,1.15,5.35,17.5,-6.32,1
2021-04-22,387.4361366812249,388.265230915813,383.0017917121167,384.06378173828125,97582800.0,-0.91,-0.04,1.3599999999999999,-0.8699999999999999,6.39,328.5080189173388,329.48705715270165,323.7775144260137,324.9310607910156,45936100.0,-1.21,-0.12,1.7399999999999998,-1.8800000000000001,7.48,311.0502162973232,311.1322794445076,307.3754625158933,308.3146667480469,4962500.0,-0.9299999999999999,-0.05,1.21,-0.65,4.37,18.709999084472656,6.909999999999999,-1
2021-04-23,384.6226532391619,389.6345741269456,384.54813911119874,388.2278747558594,73209200.0,1.08,0.15,1.32,-0.12,6.94,325.5612107593178,330.3304695475756,325.5612107593178,329.0218505859375,36381900.0,1.26,0.19,1.47,-0.76,9.02,307.9772697241917,311.4787696143307,307.4119273009978,310.4210205078125,3613900.0,0.6799999999999999,-0.11,1.32,-0.42,4.3999999999999995,17.329999923706055,-7.380000000000001,1
2021-04-26,388.8799463969704,389.60657988132425,388.2930446539053,389.0382995605469,52182400.0,0.21,0.16999999999999998,0.33999999999999997,0.58,5.46,329.2642070255575,331.4452781726139,328.5177770778778,331.1641540527344,30812000.0,0.65,0.06999999999999999,0.89,0.8099999999999999,8.110000000000001,311.0776896017275,311.3786157505606,309.4728521753035,309.9105224609375,2090900.0,-0.16,0.21,0.61,-0.26,2.83,17.639999389648438,1.79,1
2021-04-27,389.33645070740164,389.53210359386003,387.8179659687333,388.9544982910156,51303100.0,-0.02,0.08,0.44,1.3,5.489999999999999,331.45492999213883,331.6681914514092,328.77950300990113,329.7294616699219,33187200.0,-0.43,0.09,0.8699999999999999,1.11,7.670000000000001,309.6642242223339,310.42104737721115,308.8435648973906,309.8739318847656,2732700.0,-0.01,-0.08,0.51,0.51,2.5,17.559999465942383,-0.44999999999999996,-1
2021-04-28,389.22463427069863,390.3425450797539,388.3768904526014,388.8426818847656,51238900.0,-0.03,0.06999999999999999,0.51,0.32,5.74,329.3998682226513,330.4080159525857,327.9651975909243,328.61468505859375,33615700.0,-0.33999999999999997,-0.1,0.74,-0.09,7.85,309.3268690026252,309.56393106729973,308.25999231550713,308.54266357421875,3025100.0,-0.43,-0.18,0.42,-0.86,2.32,17.280000686645508,-1.59,-1
2021-04-29,391.56289934262634,391.93552678623496,387.94835343735446,391.3206787109375,78544300.0,0.64,0.7000000000000001,1.03,1.8900000000000001,5.99,331.88146141564596,332.29828122950687,326.5790341440886,329.7973327636719,37708900.0,0.36,0.9900000000000001,1.7399999999999998,1.5,6.61,309.92871575663,310.8131835591103,307.6308359033199,310.54876708984375,3688400.0,0.65,0.44999999999999996,1.03,0.72,3.18,17.610000610351562,1.91,1
2021-04-30,389.05698052139843,389.9047243925387,387.85523059091884,388.7495422363281,85527000.0,-0.66,-0.58,0.52,0.13,4.17,327.35458658962574,329.83615873108647,326.72447564604624,327.63568115234375,38263400.0,-0.66,-0.74,0.9400000000000001,-0.42,4.130000000000001,309.0440594039687,309.7096917608971,308.0683737142269,309.0622863769531,2909600.0,-0.48,-0.48,0.53,-0.44,2.29,18.610000610351562,5.680000000000001,-1
2021-05-03,390.7338109557142,391.11576335825885,389.09424437535307,389.5879821777344,68128300.0,0.22,0.51,0.52,0.13999999999999999,2.91,328.8376550720035,329.58405537117176,325.4448780314179,325.8907775878906,29729700.0,-0.53,0.37,1.26,-1.59,1.55,310.7493668464731,312.0168238662239,310.53050392552683,311.0411376953125,2698400.0,0.64,0.5499999999999999,0.48,0.36,1.7999999999999998,18.309999465942383,-1.6099999999999999,1
2021-05-04,387.6037329855272,388.09747082223015,383.5047736052085,387.18450927734375,101591200.0,-0.62,-0.51,1.18,-0.45999999999999996,2.34,323.3413342392819,323.6612412033449,316.21649673606737,320.026123046875,65147000.0,-1.7999999999999998,-0.7799999999999999,2.2800000000000002,-2.94,-0.21,310.01970741819673,311.42396346170284,307.85862852200177,311.3874816894531,4478300.0,0.11,-0.33,1.15,0.49,2.16,19.479999542236328,6.39,-1
2021-05-05,388.82414902597037,389.0570447951,386.74670853065714,387.3056640625,60162200.0,0.03,0.42,0.6,-0.4,2.25,322.07152127850503,322.934270328264,318.1746846279221,318.9501647949219,46219300.0,-0.33999999999999997,0.64,1.49,-2.94,-0.7799999999999999,312.0806778383162,313.03810925439114,310.3663953016691,312.1080322265625,3506100.0,0.22999999999999998,0.22,0.86,1.16,2.4,19.149999618530273,-1.69,1
2021-05-06,387.3800594079225,390.5288137897218,385.3771620935364,390.3984069824219,74321400.0,0.8,0.02,1.3299999999999998,-0.24,2.58,318.6883728457284,321.50922789045813,316.449142582441,321.3541259765625,46814300.0,0.75,-0.08,1.59,-2.56,-1.0699999999999998,312.70063466837996,315.17176757863564,311.77055792169097,315.05322265625,4276700.0,0.9400000000000001,0.19,1.09,1.4500000000000002,3.1300000000000003,18.389999389648438,-3.9699999999999998,1
2021-05-07,391.1624559692286,393.8919877300399,390.4823900464042,393.2398681640625,67733800.0,0.73,0.2,0.8699999999999999,1.16,2.58,324.126536941346,326.33668773045906,321.52864610869307,323.9617614746094,53324500.0,0.8099999999999999,0.86,1.5,-1.1199999999999999,-0.86,314.7431288512575,317.5880950620603,314.41484853523536,317.2142333984375,3526500.0,0.69,-0.1,1.01,2.64,3.0,16.690000534057617,-9.24,1
2021-05-10,393.59381081117,393.81738162988034,389.2246843410474,389.3457946777344,81852400.0,-0.9900000000000001,0.09,1.17,-0.06,1.53,322.58523457284645,322.7597131465326,315.5767160364433,315.7803039550781,60700500.0,-2.53,-0.42,2.22,-3.1,-3.2399999999999998,318.4726689048674,320.1413417887759,316.94986750027937,317.0866394042969,6092500.0,-0.04,0.4,1.01,1.94,3.05,19.65999984741211,17.8,-1
2021-05-11,384.8368977997584,386.85841675179097,382.0048778519801,385.8709411621094,116888000.0,-0.89,-1.16,1.25,-0.33999999999999997,0.33,309.905902951794,316.1389108031387,309.2467124803538,315.3440246582031,71963600.0,-0.13999999999999999,-1.8599999999999999,2.18,-1.46,-4.49,314.5791616260074,314.78889716991324,310.8405984241154,312.6825256347656,8396400.0,-1.39,-0.79,1.25,0.42,1.8499999999999999,21.84000015258789,11.09,-1
2021-05-12,383.0949159919616,384.3618553205323,376.3595601632733,377.673095703125,134811000.0,-2.12,-0.72,2.07,-2.4899999999999998,-1.47,310.4197123587213,312.7364789358394,306.31928844902643,307.1820373535156,91164900.0,-2.59,-1.5599999999999998,2.03,-3.6900000000000004,-5.83,311.4422549654098,312.0623339123808,306.11705603855495,306.3815002441406,7034100.0,-2.02,-0.4,1.9,-1.83,-0.42,27.59000015258789,26.33,-1
2021-05-13,379.2194656575238,384.1382223326197,379.17286945378146,382.2098388671875,106394000.0,1.2,0.41000000000000003,1.31,-2.1,-1.34,310.119193940392,312.5231996658119,307.1916933671056,309.55694580078125,69877800.0,0.77,0.96,1.7399999999999998,-3.6700000000000004,-6.52,306.6551615916017,311.88919981676196,306.62780720311895,310.4393615722656,5741300.0,1.32,0.09,1.72,-1.46,0.04,23.1299991607666,-16.17,1
2021-05-14,384.93936652675745,388.92654024691893,384.91142017662577,388.07879638671875,82201600.0,1.54,0.7100000000000001,1.05,-1.31,-0.16,312.7171204997074,317.30219751217567,312.2130318222759,316.3910217285156,44370000.0,2.21,1.02,1.6400000000000001,-2.34,-4.569999999999999,312.1352426971747,314.52428426067377,311.74315403727513,313.9133605957031,4677300.0,1.1199999999999999,0.5499999999999999,0.8999999999999999,-1.04,0.7000000000000001,18.809999465942383,-18.68,1
2021-05-17,386.97028771615726,387.90187074432333,385.0791468765085,387.09136962890625,65129200.0,-0.25,-0.29,0.73,-0.58,0.06999999999999999,314.6849716931356,316.37165736425305,311.60239802430965,314.4717102050781,39395000.0,-0.61,-0.54,1.51,-0.41000000000000003,-4.2700000000000005,313.0654096093855,314.7067561032407,311.88914329035697,313.3572082519531,3262200.0,-0.18,-0.27,0.8999999999999999,-1.18,0.8500000000000001,19.719999313354492,4.84,-1
2021-05-18,387.3522140021612,387.59443468838975,383.5979355139091,383.7563171386719,59810200.0,-0.86,0.06999999999999999,1.03,-0.5499999999999999,-0.06,315.42159295348847,316.64297235548605,312.07727291580534,312.34869384765625,36528500.0,-0.6799999999999999,0.3,1.4500000000000002,-0.95,-4.22,313.5396255983209,314.1323225281664,310.8223026018196,311.0411376953125,3462300.0,-0.74,0.06,1.06,-0.52,0.88,21.34000015258789,8.219999999999999,-1
2021-05-19,379.0798024141684,382.92721668401646,377.5985602871788,382.7502136230469,106467100.0,-0.26,-1.22,1.39,1.34,-1.25,306.9591010662555,313.0079287390102,306.61011430985127,312.7074279785156,66319100.0,0.11,-1.73,2.0500000000000003,1.7999999999999998,-4.92,307.8039373571999,309.6276364897002,305.651985738021,309.5182189941406,7223900.0,-0.49,-1.04,1.28,1.02,-0.54,22.18000030517578,3.94,-1
2021-05-20,383.6258484249689,388.12541000565056,383.50476652206805,386.8677673339844,78022200.0,1.08,0.22999999999999998,1.21,1.22,0.73,314.19058565845404,319.6093325722181,313.96765063668704,318.75628662109375,46466100.0,1.9300000000000002,0.47000000000000003,1.7999999999999998,2.97,-1.9,309.7918862652939,312.70981717182127,309.4271518588409,311.41497802734375,4532800.0,0.61,0.09,1.06,0.31,1.01,20.670000076293945,-6.81,1
2021-05-21,388.3490042918943,389.5880256140857,386.0945893314259,386.5510559082031,76578700.0,-0.08,0.38,0.8999999999999999,-0.38999999999999996,-0.43,320.30724640313395,320.7240662227808,316.63337462159143,316.9920349121094,50330400.0,-0.5499999999999999,0.49,1.28,0.19,-3.66,312.7608117689021,314.38725089731,311.8379350669666,312.5323791503906,4481000.0,0.36,0.43,0.8200000000000001,-0.44,0.6799999999999999,20.149999618530273,-2.52,-1
2021-05-24,388.7868254622032,391.56295289159766,388.544604797389,390.49163818359375,51376700.0,1.02,0.58,0.7799999999999999,0.88,0.37,319.2796970065807,323.4479836254808,316.8853646355601,322.3235168457031,32475800.0,1.68,0.72,2.07,2.5,-2.67,313.74764550119204,314.9537764849917,313.4552450412086,314.2867431640625,2531800.0,0.5599999999999999,0.38999999999999996,0.48,0.3,1.41,18.399999618530273,-8.68,1
2021-05-25,391.5722490957163,391.9262551656702,389.0476672600288,389.625244140625,57451400.0,-0.22,0.27999999999999997,0.74,1.53,0.16999999999999998,323.8357164110421,324.5530369200139,321.59648601653095,322.7694091796875,31280300.0,0.13999999999999999,0.47000000000000003,0.9199999999999999,3.34,-2.11,314.9446927373193,315.237093255311,313.09896675158717,313.5740966796875,2623200.0,-0.22999999999999998,0.21,0.6799999999999999,0.8099999999999999,1.1900000000000002,18.84000015258789,2.39,-1
2021-05-26,390.21207905239265,390.9014412201296,389.1780358007873,390.3984069824219,43088600.0,0.2,0.15,0.44,2.0,0.4,323.4382572317026,324.3591360264829,322.7500165185231,323.89385986328125,25444900.0,0.35000000000000003,0.21,0.5,3.58,-1.44,313.9213312754905,314.4330182598717,313.1081254157897,313.6563415527344,2064500.0,0.03,0.11,0.42,1.34,1.66,17.360000610351562,-7.86,1
2021-05-27,391.4232522007512,391.9356114927395,390.3239626244938,390.60345458984375,56707700.0,0.05,0.26,0.41000000000000003,0.97,-0.18,323.44796589913267,324.2913085420802,322.4786010989326,322.6821594238281,27931700.0,-0.37,-0.13999999999999999,0.5599999999999999,1.23,-2.16,315.55691059069954,316.29703024513276,314.2045790828611,314.8716125488281,3026200.0,0.38999999999999996,0.61,0.67,1.11,1.39,16.739999771118164,-3.5700000000000003,1
2021-05-28,392.1684893742527,392.42933147222897,391.0692282777566,391.3021240234375,58520200.0,0.18,0.4,0.35000000000000003,1.23,0.66,323.88419390364896,325.2897848341171,323.3801348081351,323.70001220703125,29927400.0,0.32,0.37,0.59,2.12,-1.2,316.4980206407295,316.58939928086033,315.55687920555886,315.8218688964844,2641400.0,0.3,0.52,0.33,1.05,2.19,16.760000228881836,0.12,1
2021-06-01,393.65901283958925,393.7987445957446,390.5195828561252,390.9574279785156,54216600.0,-0.09,0.6,0.84,0.12,0.35000000000000003,325.02799863948223,325.5030074975126,321.2765616771264,322.6239929199219,31145400.0,-0.33,0.41000000000000003,1.31,0.09,-1.0,318.4716245185451,318.57212148511024,315.785254716949,316.0319519042969,2584300.0,0.06999999999999999,0.84,0.88,0.5599999999999999,1.6,17.899999618530273,6.800000000000001,-1
2021-06-02,391.60959794586466,392.4107742254593,390.60350066902646,391.57232666015625,49097100.0,0.16,0.16999999999999998,0.45999999999999996,0.5,1.13,323.04082791067566,324.09743201993837,321.5383242650881,323.25408935546875,22047900.0,0.2,0.13,0.79,0.15,1.01,316.8360741164123,317.3843180335969,315.92234354938586,316.4797058105469,2576700.0,0.13999999999999999,0.25,0.45999999999999996,0.9299999999999999,1.6400000000000001,17.479999542236328,-2.35,1
2021-06-03,389.26191717934057,391.2554897851653,387.7993252155161,390.11895751953125,58138800.0,-0.37,-0.59,0.88,-0.06999999999999999,0.73,320.4235502295139,321.6934158595787,318.22310259495436,319.8904113769531,37057800.0,-1.04,-0.88,1.0699999999999998,-1.24,0.29,314.8807342218756,317.0280070194006,313.9213281070565,316.1690979003906,4436400.0,-0.1,-0.51,0.98,0.8,1.3,18.040000915527344,3.2,-1
2021-06-04,391.9635773504691,393.985125124761,390.1842502722685,393.68701171875,55938800.0,0.91,0.47000000000000003,0.97,0.79,0.84,321.68372949020727,325.76474720147104,321.61586685126764,325.31884765625,38736500.0,1.7000000000000002,0.5599999999999999,1.3,0.8200000000000001,1.23,317.12851765119177,317.9691342714857,316.6442415003046,317.88690185546875,2594200.0,0.54,0.3,0.42,0.96,0.8999999999999999,16.420000076293945,-8.98,1
2021-06-07,393.677589608902,393.8545926231731,392.37337931662984,393.3049621582031,51555000.0,-0.1,-0.0,0.38,0.51,0.02,324.78567477026974,326.346367531055,324.09743402345566,326.2882080078125,32611900.0,0.3,-0.16,0.69,0.8,0.72,318.4351705075812,318.47172754581345,316.16910817962685,316.68994140625,2224300.0,-0.38,0.16999999999999998,0.72,0.27,-0.16999999999999998,16.420000076293945,0.0,-1
2021-06-08,394.1620257580678,394.2551897336642,391.5629299457471,393.3888244628906,47134300.0,0.02,0.22,0.6799999999999999,0.62,1.04,328.0330718893326,328.8958208385621,324.76631695292076,326.4433288574219,27282800.0,0.05,0.53,1.27,1.18,3.38,316.78120649263917,316.9822283035752,315.0085672193414,316.4613952636719,2748700.0,-0.06999999999999999,0.03,0.62,0.13999999999999999,-0.2,17.06999969482422,3.9600000000000004,1
2021-06-09,394.2272616788116,394.30180423460956,392.5783701098852,392.80194091796875,48436300.0,-0.15,0.21,0.44,0.31,1.7999999999999998,327.81005401089027,328.585533891448,326.33660082210497,326.5207824707031,21485300.0,0.02,0.42,0.69,1.01,3.54,316.6442865050485,316.9549516379945,314.95387890929254,315.0452575683594,2591200.0,-0.44999999999999996,0.06,0.63,-0.44999999999999996,0.76,17.889999389648438,4.8,-1
2021-06-10,394.0223149057569,395.5780709347275,392.7087795402519,394.6278381347656,51020100.0,0.45999999999999996,0.31,0.73,1.16,4.49,326.86005259799856,330.02986419758594,326.4141531641101,329.9232482910156,33702100.0,1.04,0.1,1.11,3.1399999999999997,7.3999999999999995,316.6442286245167,317.73157033349435,315.05431832496345,315.21881103515625,3089400.0,0.06,0.51,0.8500000000000001,-0.3,2.88,16.100000381469727,-10.01,1
2021-06-11,395.17747727144723,395.39172314331665,393.89188832161483,395.2799377441406,45570800.0,0.16999999999999998,0.13999999999999999,0.38,0.4,3.42,329.93302592497895,330.795774892879,329.28356800283944,330.78607177734375,21222800.0,0.26,0.0,0.45999999999999996,1.68,6.859999999999999,316.17826961970536,316.6533996001811,313.9304996451664,315.3467712402344,3003000.0,0.04,0.3,0.86,-0.8,1.58,15.649999618530273,-2.8000000000000003,1
2021-06-14,395.39171779317087,396.2674079810726,394.1527250628629,396.1649475097656,42358500.0,0.22,0.03,0.53,0.73,2.08,331.21255267389915,333.9655451136697,330.02992645276777,333.95587158203125,27827700.0,0.96,0.13,1.1900000000000002,2.35,5.55,315.0817493067388,315.1183063429946,312.9253582100708,314.59747314453125,2527000.0,-0.24,-0.08,0.7000000000000001,-0.66,0.22,16.389999389648438,4.73,1
2021-06-15,396.3140447697688,396.3512876197017,394.56266421460623,395.4383544921875,51508500.0,-0.18,0.04,0.44999999999999996,0.52,2.16,333.606894906958,333.9170987473574,331.05746071225883,331.7748107910156,35963800.0,-0.65,-0.1,0.86,1.63,5.5,314.7893193828295,314.8075839552092,312.83392262930926,313.7842102050781,2138500.0,-0.26,0.06,0.63,-0.8500000000000001,0.13999999999999999,17.020000457763672,3.84,-1
2021-06-16,395.5781987981878,395.801769680018,391.19044966428277,393.2305908203125,80386100.0,-0.5599999999999999,0.04,1.17,0.11,2.4699999999999998,332.2400925756048,333.3063998058053,327.1121739212168,330.5631103515625,55399500.0,-0.37,0.13999999999999999,1.87,1.24,5.83,313.7842653171394,313.99443341821444,310.202428677735,311.3628845214844,4032000.0,-0.77,0.0,1.21,-1.17,0.1,18.149999618530273,6.64,-1
2021-06-17,392.8205731235447,394.07818729216916,390.63134762723126,393.10003662109375,90949700.0,-0.03,-0.1,0.88,-0.38999999999999996,2.7,329.55489267464253,335.7685234694936,329.50643627646707,334.7603759765625,59722700.0,1.27,-0.31,1.8900000000000001,1.47,7.049999999999999,311.1799815971043,311.8378685134023,307.5798820669227,309.43475341796875,5169100.0,-0.62,-0.06,1.37,-1.83,-0.03,17.75,-2.1999999999999997,-1
2021-06-18,389.8251604695109,390.5167781405025,387.5914076691271,387.7970275878906,118676300.0,-1.35,-0.83,0.74,-1.8900000000000001,0.24,333.1028181318173,334.24666145193623,331.38702356897403,332.1334533691406,55414900.0,-0.7799999999999999,-0.5,0.8500000000000001,0.41000000000000003,4.2,305.9511801306003,306.7747308699847,304.4230133301753,304.6792297363281,7126600.0,-1.54,-1.13,0.76,-3.38,-2.16,20.700000762939453,16.619999999999997,-1
2021-06-21,389.5540951870982,393.53563141151994,388.74097097735967,393.34869384765625,72822000.0,1.43,0.44999999999999996,1.24,-0.7100000000000001,1.76,332.32462521783617,334.51794039002993,330.1119109228464,334.1976623535156,32992600.0,0.62,0.06,1.3299999999999998,0.06999999999999999,5.43,306.7838727599097,310.28854996277533,306.0060640242708,310.0048828125,5435700.0,1.7500000000000002,0.69,1.41,-1.46,-0.8099999999999999,17.889999389648438,-13.569999999999999,1
2021-06-22,393.33932268734105,396.28340358966534,392.6196388178262,395.4515686035156,57700300.0,0.53,-0.0,0.9299999999999999,0.0,1.27,333.99390169448657,337.75940508657436,333.69305236731316,337.31298828125,28941600.0,0.9299999999999999,-0.06,1.22,1.67,4.65,309.95928709542324,311.4965861690849,308.7880076213707,310.6181335449219,4042100.0,0.2,-0.01,0.8699999999999999,-1.01,-1.17,16.65999984741211,-6.88,1
2021-06-23,395.52640432656335,396.33017311106846,394.8908622379778,394.9749755859375,49445400.0,-0.12,0.02,0.36,0.44,1.37,337.25471171207795,338.6231050395058,336.6432987767399,337.4779052734375,27188500.0,0.05,-0.02,0.59,2.09,4.5600000000000005,310.74608122779915,311.26767357204443,309.9133709743968,310.0048828125,3082700.0,-0.2,0.04,0.44,-0.44,-1.1400000000000001,16.31999969482422,-2.04,-1
2021-06-24,397.1152589733079,397.73209014648296,396.8628904252522,397.3115234375,45110300.0,0.59,0.54,0.22,1.0699999999999998,1.77,339.4092018150596,341.08812919220435,338.8657302272349,339.5644836425781,32581600.0,0.62,0.5700000000000001,0.66,1.44,4.84,311.7346189502101,313.24446777258044,311.46008321172417,312.933349609375,3704700.0,0.9400000000000001,0.5599999999999999,0.58,1.13,-0.22999999999999998,15.970000267028809,-2.1399999999999997,1
2021-06-25,398.05913759424794,399.1713502083584,397.732011203746,398.72271728515625,58129500.0,0.36,0.19,0.36,2.82,2.08,340.12738996069703,340.37001228841126,338.54548764528295,339.1471862792969,28682800.0,-0.12,0.16999999999999998,0.54,2.11,5.1,314.4979636847012,315.6784026198807,313.9489203712105,315.19342041015625,3638000.0,0.72,0.5,0.5499999999999999,3.45,0.1,15.619999885559082,-2.19,1
2021-06-28,399.2462335097463,399.69483801915226,398.04990728021846,399.526611328125,53159600.0,0.2,0.13,0.41000000000000003,1.5699999999999998,2.1,340.42823251693966,343.40764175017654,340.3700055288033,343.2717590332031,39130300.0,1.22,0.38,0.8999999999999999,2.7199999999999998,6.05,315.08366971479285,315.16604996949087,312.786880288303,313.6836242675781,3606300.0,-0.48,-0.03,0.75,1.1900000000000002,-0.6799999999999999,15.760000228881836,0.8999999999999999,1
2021-06-29,399.9098038354574,400.5453458904214,399.20883078354126,399.7415771484375,35970500.0,0.05,0.1,0.33,1.08,2.25,343.09713179112106,344.5431515845643,342.2625250858279,344.5140380859375,29426000.0,0.36,-0.05,0.66,2.13,6.79,314.7631745960316,315.44947139644773,313.50951564986127,313.73828125,2375800.0,0.02,0.33999999999999997,0.62,1.0,-0.73,16.020000457763672,1.6500000000000001,1
2021-06-30,399.2836220683984,400.7509992918403,399.2555842848848,400.07806396484375,64827900.0,0.08,-0.11,0.37,1.29,2.17,344.3587403732643,344.7469598264053,343.38825097438394,343.9705505371094,32724000.0,-0.16,-0.05,0.38999999999999996,1.92,6.41,313.29922172474164,316.1633729011967,313.27177095637796,315.65093994140625,3778900.0,0.61,-0.13999999999999999,0.9199999999999999,1.82,-0.26,15.829999923706055,-1.1900000000000002,1
2021-07-01,400.8351908182158,402.4521127099722,400.76975980303314,402.293212890625,53441000.0,0.5499999999999999,0.19,0.42,1.25,3.1199999999999997,343.6211701215332,344.6110585931317,342.2721757133601,344.1064147949219,29290000.0,0.04,-0.1,0.6799999999999999,1.34,7.57,316.41037699927824,316.97771140109313,315.6234364872117,316.94110107421875,3606900.0,0.41000000000000003,0.24,0.43,1.28,0.24,15.479999542236328,-2.21,1
2021-07-02,403.4520300284134,405.7231756894549,402.37718195001327,405.3680114746094,57697700.0,0.76,0.29,0.83,1.67,2.97,345.9987820147585,348.37649228536435,345.76587409557305,348.0562438964844,32727200.0,1.15,0.5499999999999999,0.76,2.63,6.99,317.56338149115487,318.7072099175323,316.7764130125479,318.3869323730469,3013500.0,0.45999999999999996,0.2,0.61,1.01,0.16,15.069999694824219,-2.65,1
2021-07-06,405.42411100289456,405.63908633581775,401.90056347036705,404.6296691894531,68710400.0,-0.18,0.01,0.9199999999999999,1.28,2.88,348.65796848615605,349.8419665254549,345.9696943777668,349.5605163574219,38842400.0,0.43,0.16999999999999998,1.11,1.83,7.13,318.21320872268643,318.54261805069183,314.4157022554547,316.4471435546875,3910600.0,-0.61,-0.05,1.3,0.88,-0.08,16.440000534057617,9.09,-1
2021-07-07,405.31199914635374,406.34009873848606,403.3025486160357,406.0596923828125,63549500.0,0.35000000000000003,0.16999999999999998,0.75,1.58,3.2199999999999998,351.75392146589843,352.05477083328077,348.34749393697075,350.2981872558594,35265200.0,0.21,0.63,1.06,1.68,7.31,316.29131357085714,317.6547755387582,315.17493632373413,317.4534606933594,3347000.0,0.32,-0.05,0.7799999999999999,1.18,0.31,16.200000762939453,-1.46,1
2021-07-08,400.7509143885333,403.50808611480505,399.57327068511836,402.75103759765625,97595200.0,-0.8099999999999999,-1.31,0.97,0.67,2.53,345.2418224398353,349.0364388088404,343.9607991902347,348.1824035644531,50890000.0,-0.6,-1.44,1.4500000000000002,1.22,6.63,313.46391248759403,315.6966679675495,312.52139891473996,315.12933349609375,6379900.0,-0.73,-1.26,1.0,-0.16999999999999998,0.03,19.0,17.28,-1
2021-07-09,404.2558173257462,407.3494426746745,402.55478259875076,407.05035400390625,76238600.0,1.0699999999999998,0.37,1.1900000000000002,1.18,3.15,347.60019796286946,350.83191460116575,347.0178984052795,350.35638427734375,35184500.0,0.62,-0.16999999999999998,1.0999999999999999,1.82,6.1899999999999995,317.13335459226175,319.4210118324307,316.46534862495116,319.1098937988281,5063100.0,1.26,0.64,0.9400000000000001,0.6799999999999999,1.23,16.18000030517578,-14.84,1
2021-07-12,406.9662573135737,408.76076088893643,406.5363351584208,408.5083923339844,52889600.0,0.36,-0.02,0.5499999999999999,0.77,3.35,351.7537838982915,352.1808014689261,350.1815666880585,351.72467041015625,25717700.0,0.38999999999999996,0.4,0.5700000000000001,1.05,6.329999999999999,318.4509002633948,320.53724158546055,317.8652468762582,320.29931640625,3999800.0,0.37,-0.21,0.84,0.6,1.5699999999999998,16.170000076293945,-0.06,1
2021-07-13,407.72325737950405,409.21867209378087,406.8540577380294,407.1157531738281,52911300.0,-0.33999999999999997,-0.19,0.58,0.61,2.76,351.34616544742147,354.68465029948663,350.870635268887,351.72467041015625,39723000.0,0.0,-0.11,1.08,0.62,5.319999999999999,319.84188522170314,320.50073152558514,319.21964924734215,319.3569030761719,3310200.0,-0.29,-0.13999999999999999,0.4,0.9199999999999999,1.51,17.1200008392334,5.88,-1
2021-07-14,408.80744158086895,409.2934677745335,406.48022038406873,407.7232666015625,64130400.0,0.15,0.42,0.69,0.41000000000000003,3.11,354.06360134594,354.7041278435109,351.5306384672121,352.3555603027344,35336400.0,0.18,0.66,0.8999999999999999,0.59,6.2,320.4459257831456,320.90345729967817,318.771344794352,319.732177734375,3933300.0,0.12,0.33999999999999997,0.67,0.72,1.9,16.329999923706055,-4.61,1
2021-07-15,406.38676403559714,407.0596992666777,404.43338933545084,406.3306884765625,55126400.0,-0.33999999999999997,-0.33,0.64,0.89,3.3300000000000005,352.2682541126906,352.47204859453535,347.8816230568866,349.8808288574219,53391600.0,-0.7000000000000001,-0.02,1.3,0.49,5.84,318.35039632182463,320.27203411159525,318.11249894297094,320.2171325683594,5082600.0,0.15,-0.43,0.6799999999999999,1.6099999999999999,2.8400000000000003,17.010000228881836,4.16,-1
2021-07-16,407.50838463044124,407.55510476141916,402.75111727654803,403.1436462402344,75874700.0,-0.7799999999999999,0.29,1.18,-0.96,2.55,350.7348447491291,351.7150484688974,346.6976055038964,347.0469970703125,47262000.0,-0.8099999999999999,0.24,1.43,-0.9400000000000001,3.6700000000000004,321.12086215100874,321.1391641847722,317.11050933594566,317.47674560546875,5710400.0,-0.86,0.27999999999999997,1.26,-0.51,2.6,18.450000762939453,8.469999999999999,-1
2021-07-19,398.3302530154178,403.20902632092094,394.38611039278754,397.19000244140625,147987000.0,-1.48,-1.1900000000000002,2.19,-2.77,2.42,343.6017628999815,344.69842066924264,341.65109933033574,344.2034912109375,64404600.0,-0.8200000000000001,-0.9900000000000001,0.88,-2.1399999999999997,3.63,312.94445606420413,320.4890278697077,308.90663704440504,311.1956481933594,9715300.0,-1.9800000000000002,-1.43,3.65,-2.8400000000000003,2.1399999999999997,22.5,21.95,-1
2021-07-20,397.85360950811923,404.1530401378472,397.0591676686946,402.8819274902344,99608200.0,1.43,0.16999999999999998,1.79,-1.04,2.42,345.13512395324045,349.6478933984783,343.3591119000733,348.2018737792969,42183700.0,1.16,0.27,1.83,-1.0,4.19,311.5709714109388,316.9089317800977,311.07653730271755,315.9566955566406,5802200.0,1.53,0.12,1.87,-1.06,1.92,19.729999542236328,-12.31,1
2021-07-21,404.0783031286955,406.2840467930264,402.8352566332123,406.1438293457031,64724400.0,0.8099999999999999,0.3,0.86,-0.38999999999999996,2.7,347.7748438652309,350.8901062011719,347.5516206658584,350.8901062011719,30259900.0,0.77,-0.12,0.96,-0.42,4.03,317.6871875335303,318.76759377372474,317.1378194300683,318.62109375,3056800.0,0.84,0.5499999999999999,0.52,-0.35000000000000003,2.58,17.90999984741211,-9.22,1
2021-07-22,406.32129700633567,407.2372452604418,405.33994628759945,406.9942321777344,47878500.0,0.21,0.04,0.47000000000000003,0.16,3.04,351.09387519602745,353.21924896165797,351.09387519602745,353.2095642089844,30252200.0,0.66,0.06,0.61,0.95,4.66,318.4196820819072,319.37191833200944,317.4216767958101,318.86834716796875,2429300.0,0.08,-0.06,0.61,-0.42,2.86,17.690000534057617,-1.23,1
2021-07-23,408.9195778381852,411.51784981607466,408.2373157413509,411.181396484375,63766600.0,1.03,0.47000000000000003,0.8099999999999999,1.9900000000000002,3.49,354.52949977971826,357.61564913282234,353.18053484060164,357.334228515625,31960800.0,1.17,0.37,1.26,2.96,5.2299999999999995,320.4614972929655,321.3679365867175,319.7381620895943,320.9833984375,4142300.0,0.66,0.5,0.51,1.0999999999999999,2.5700000000000003,17.200000762939453,-2.77,1
2021-07-26,410.59258548528925,412.2001513321197,410.54586536220575,412.1907958984375,43719200.0,0.25,-0.13999999999999999,0.4,3.7800000000000002,3.38,356.64514169924155,358.00385055881424,355.78142153027045,357.6156311035156,28438100.0,0.08,-0.19,0.62,3.9,5.45,320.461436267103,321.78907339416037,319.99446923281033,321.75244140625,2466600.0,0.24,-0.16,0.5599999999999999,3.39,2.08,17.579999923706055,2.21,1
2021-07-27,411.15338725210887,411.18142503169713,407.4896224241449,410.3122253417969,67397100.0,-0.45999999999999996,-0.25,0.8999999999999999,1.8399999999999999,2.7,357.35357784691723,357.35357784691723,349.5314363134525,353.6754150390625,57933100.0,-1.0999999999999999,-0.06999999999999999,2.19,1.5699999999999998,3.0300000000000002,320.4797761715965,321.08407830445833,319.2986668565703,321.0291442871094,3902600.0,-0.22,-0.4,0.5499999999999999,1.6099999999999999,2.34,19.360000610351562,10.13,-1
2021-07-28,410.9384237416545,411.51789021824817,408.72335352250394,410.14398193359375,52472400.0,-0.04,0.15,0.6799999999999999,0.98,2.6,354.81098604547014,356.6063976396173,352.5206153024903,355.0341796875,42066200.0,0.38,0.32,1.16,1.18,3.05,321.3953333684649,321.5876303430794,319.2802901838568,319.87542724609375,3697700.0,-0.36,0.11,0.72,0.38999999999999996,1.96,18.309999465942383,-5.42,-1
2021-07-29,411.06927031045103,412.91982079238494,411.05991487644866,411.8450012207031,47435300.0,0.41000000000000003,0.22999999999999998,0.44999999999999996,1.1900000000000002,2.94,354.47123494762224,356.8295169591154,354.47123494762224,355.6649475097656,25672500.0,0.18,-0.16,0.66,0.7000000000000001,3.4000000000000004,321.3313438220586,322.0271840971908,320.8094426591899,321.2123107910156,2425700.0,0.42,0.45999999999999996,0.38,0.74,1.76,17.700000762939453,-3.3300000000000005,1
2021-07-30,409.28412555399376,411.29357581662805,409.1532635675781,409.84490966796875,68951200.0,-0.49,-0.62,0.52,-0.33,1.8800000000000001,351.74422343659126,354.3936704840777,351.71510993571735,353.8113708496094,36484600.0,-0.52,-1.0999999999999999,0.75,-0.9900000000000001,2.82,320.3515876377141,321.3862248081594,319.24371442903447,319.9853515625,3576700.0,-0.38,-0.27,0.67,-0.31,0.96,18.239999771118164,3.05,-1
2021-08-02,411.5553115323718,412.10674026622047,408.62991264660883,408.9850769042969,58783300.0,-0.21,0.42,0.8500000000000001,-0.7799999999999999,0.89,355.47083858690587,356.0531381213734,353.13195569506735,353.8404235839844,27334100.0,0.01,0.47000000000000003,0.83,-1.06,1.66,320.8736419397937,322.21041682657875,318.6853335425306,318.95086669921875,2827100.0,-0.32,0.27999999999999997,1.0999999999999999,-0.8699999999999999,0.18,19.459999084472656,6.69,-1
2021-08-03,409.77944541953616,412.43379291943126,407.5924132229183,412.3122863769531,58053900.0,0.8099999999999999,0.19,1.18,0.49,1.9,354.5002602709564,356.1015613761467,351.3170571806287,355.985107421875,35558500.0,0.61,0.19,1.35,0.65,1.8399999999999999,319.6282946146161,321.55106919019374,317.8153880818672,321.4595031738281,3819300.0,0.79,0.21,1.17,0.13,1.58,18.040000915527344,-7.3,1
2021-08-04,411.0319033838049,412.2843051456388,410.0505525213927,410.2842102050781,46732200.0,-0.49,-0.31,0.54,0.03,1.04,355.94635621743237,357.4506324293252,354.8400137966244,356.4995422363281,29602200.0,0.13999999999999999,-0.01,0.73,0.41000000000000003,1.77,320.0860660452246,320.53470315774103,318.5203907010769,318.62109375,3118500.0,-0.88,-0.43,0.63,-0.38999999999999996,0.37,17.969999313354492,-0.38999999999999996,-1
2021-08-05,411.4431070974712,412.96655962509095,411.1253360982536,412.8824462890625,38969700.0,0.63,0.27999999999999997,0.44999999999999996,0.25,2.52,357.31475398314,358.9937111841423,356.6063157279587,358.76080322265625,21443900.0,0.63,0.22999999999999998,0.67,0.8699999999999999,3.04,319.4086356458154,321.05671257020185,319.24383354178315,321.02008056640625,2261400.0,0.75,0.25,0.5700000000000001,-0.06,1.87,17.280000686645508,-3.84,1
2021-08-06,413.20023664333985,413.9853230057107,412.9198303207797,413.5647277832031,46930000.0,0.16999999999999998,0.08,0.26,0.91,1.6,357.4991928815327,358.46968232861104,356.0822865815548,357.1886291503906,33332100.0,-0.44,-0.35000000000000003,0.67,0.95,1.95,321.94478692170475,322.7413582103555,321.7982868772823,322.3751220703125,2123700.0,0.42,0.29,0.29,0.75,1.02,16.149999618530273,-6.54,1
2021-08-09,413.53674814277605,413.8545192015544,412.46192839518204,413.22833251953125,41222600.0,-0.08,-0.01,0.33999999999999997,1.04,1.16,357.64471717626753,358.3725841736592,356.5480891117972,357.8485412597656,25960200.0,0.18,0.13,0.51,1.13,1.7399999999999998,321.9264373573472,322.3476074591035,320.9650361969194,321.514404296875,2322500.0,-0.27,-0.13999999999999999,0.43,0.8,0.38,16.719999313354492,3.53,-1
2021-08-10,413.6769396016709,414.4526991663154,412.9946773475972,413.74237060546875,43339300.0,0.12,0.11,0.35000000000000003,0.35000000000000003,1.63,358.36294074225583,358.6540757279893,354.83034495809034,356.01434326171875,35130800.0,-0.51,0.13999999999999999,1.0699999999999998,0.01,1.22,321.75254660502344,323.1534202239051,321.3863104322363,322.9611511230469,2841000.0,0.44999999999999996,0.06999999999999999,0.5499999999999999,0.47000000000000003,1.13,16.790000915527344,0.42,1
2021-08-11,414.8078705152535,414.86394608441594,413.6863020866646,414.7704772949219,44034300.0,0.25,0.26,0.27999999999999997,1.09,1.73,357.27592932393196,357.77085870550394,354.073297005322,355.4028625488281,34249800.0,-0.16999999999999998,0.35000000000000003,1.04,-0.31,0.86,324.0689234707088,325.1493296228985,323.8491874240316,324.9845275878906,3422500.0,0.63,0.33999999999999997,0.4,2.0,1.6400000000000001,16.170000076293945,-3.6900000000000004,1
2021-08-12,414.6208676326382,416.1536756754447,413.7236301446858,416.0134582519531,38909400.0,0.3,-0.04,0.59,0.76,2.3800000000000003,354.89823269441365,357.04300574382904,353.5492383580731,356.6839294433594,25969200.0,0.36,-0.13999999999999999,0.98,-0.58,1.94,325.21342904665494,325.2683630583968,323.88579189817995,325.25006103515625,3118600.0,0.08,0.06999999999999999,0.43,1.32,1.5699999999999998,15.59000015258789,-3.5900000000000003,1
2021-08-13,416.4620942233985,416.7892206760995,415.9760965228515,416.7705383300781,39470300.0,0.18,0.11,0.2,0.7799999999999999,3.38,357.0333650382217,358.2658759329415,356.53840595922236,357.9359130859375,19336200.0,0.35000000000000003,0.1,0.48,0.21,3.1399999999999997,325.81780713184475,326.29391132535693,325.03953786123645,325.3966369628906,2414900.0,0.05,0.16999999999999998,0.38999999999999996,0.9400000000000001,2.4899999999999998,15.449999809265137,-0.8999999999999999,1
2021-08-16,415.4713605109986,417.88269503110484,413.91987021373245,417.7518615722656,73740000.0,0.24,-0.31,0.95,1.09,5.18,356.8198477892723,358.1299847748878,352.9670037183403,358.0911865234375,34856900.0,0.04,-0.31,1.44,0.06999999999999999,4.03,324.4993723588862,326.5045483142983,322.8970645917233,326.4770812988281,3634600.0,0.33,-0.27999999999999997,1.11,1.54,4.91,16.1200008392334,4.34,1
2021-08-17,415.2002756998066,415.87321085177797,412.03189289615983,415.01336669921875,92673900.0,-0.66,-0.61,0.9199999999999999,0.31,3.01,355.3447227915872,356.3152122869169,352.5109100507382,354.9371337890625,44793900.0,-0.88,-0.77,1.06,-0.3,1.9300000000000002,324.0416783337098,324.73754688067027,321.8442325363032,323.9684143066406,5019600.0,-0.77,-0.75,0.89,0.31,2.54,17.90999984741211,11.1,-1
2021-08-18,414.00400272308775,415.56484852636714,410.2281152693712,410.4710998535156,89351900.0,-1.09,-0.24,1.29,-1.04,1.0699999999999998,354.4032895790549,355.80079659606537,351.19097223749185,351.52093505859375,38541900.0,-0.96,-0.15,1.3,-1.09,0.18,322.8602377418564,324.1604075541854,320.360657016497,320.57122802734375,4038000.0,-1.05,-0.33999999999999997,1.17,-1.3599999999999999,0.61,21.56999969482422,20.44,-1
2021-08-19,407.7513380397817,412.3030136509168,407.61114913490746,411.1066589355469,92812200.0,0.15,-0.66,1.1400000000000001,-1.18,1.01,349.5896483819814,354.8885115391661,349.3373116926452,353.2192687988281,48499400.0,0.48,-0.5499999999999999,1.58,-0.97,0.0,318.01678026693406,320.9009557215459,317.9984782428809,319.9853515625,5442200.0,-0.18,-0.8,0.91,-1.6199999999999999,0.35000000000000003,21.670000076293945,0.45999999999999996,1
2021-08-20,411.4524984131377,414.7049951138694,410.96647217681397,414.37786865234375,72008700.0,0.8,0.08,0.91,-0.5700000000000001,0.7799999999999999,354.2868322168747,357.2759559368995,353.97626852339454,356.8780517578125,39486000.0,1.04,0.3,0.9299999999999999,-0.3,-0.13,320.0872547720854,322.6279108303769,319.6744999797537,322.0867614746094,3394800.0,0.66,0.03,0.9199999999999999,-1.02,0.33999999999999997,18.559999465942383,-14.35,1
2021-08-23,416.0602493564847,418.92957275106846,414.4526832434195,418.0229797363281,54973000.0,0.88,0.41000000000000003,1.08,0.06,1.41,357.91640853616616,362.9047372880228,357.9067237836199,362.2156982421875,34034700.0,1.5,0.29,1.4000000000000001,1.15,1.29,323.73759147179663,324.9758273483974,323.7009233207388,324.1870422363281,3569200.0,0.65,0.51,0.4,-0.7000000000000001,0.76,17.149999618530273,-7.6,1
2021-08-24,418.6866149902344,419.2193614608607,418.1725793925458,418.6866149902344,38744700.0,0.16,0.16,0.25,0.89,2.04,362.80769388948636,363.923750591973,362.341848392222,363.3220520019531,21732900.0,0.31,0.16,0.44,2.36,2.73,324.76509452569223,325.14115327832,324.34318655558735,324.4532470703125,1981400.0,0.08,0.18,0.25,0.15,1.0699999999999998,17.219999313354492,0.41000000000000003,1
2021-08-25,418.87344589815075,420.07909894332823,418.4995708066867,419.5650634765625,40529700.0,0.21,0.04,0.38,2.22,2.3,363.5743827826378,364.3119640704269,362.8270871251734,363.7393493652344,20441900.0,0.11,0.06999999999999999,0.41000000000000003,3.4799999999999995,2.45,324.4898728551169,325.64556399100536,323.701087343362,324.85675048828125,2434700.0,0.12,0.01,0.6,1.34,1.5599999999999998,16.790000915527344,-2.5,1
2021-08-26,419.2846772641112,419.5183349461485,416.9948490937456,417.08831787109375,57829600.0,-0.59,-0.06999999999999999,0.6,1.46,1.27,362.8853603678298,363.56468508570066,360.9928944471551,361.42962646484375,29133300.0,-0.63,-0.22999999999999998,0.7100000000000001,2.32,1.6199999999999999,325.12259261972673,325.60871154831557,322.92129988632365,323.00384521484375,3008900.0,-0.5700000000000001,0.08,0.83,0.9400000000000001,0.5599999999999999,18.84000015258789,12.21,-1
2021-08-27,417.89207569885787,421.1913209422029,417.8360001384459,420.8174743652344,77235100.0,0.89,0.19,0.8,1.55,2.68,362.0604556103134,365.4474538399385,361.5752109531415,364.94281005859375,27104700.0,0.97,0.16999999999999998,1.0699999999999998,2.26,3.15,323.4533042898751,325.47117251661103,323.4533042898751,325.21435546875,3163700.0,0.6799999999999999,0.13999999999999999,0.62,0.97,1.63,16.389999389648438,-13.0,1
2021-08-30,421.49038603704406,423.45311610967644,421.2473729404078,422.66802978515625,48357400.0,0.44,0.16,0.52,1.11,3.35,365.7288969907494,369.52351369079594,365.7094682499672,369.03826904296875,27295700.0,1.1199999999999999,0.22,1.05,1.8800000000000001,4.3,325.57210102568587,325.8105840314317,324.581528831984,324.76495361328125,2482000.0,-0.13999999999999999,0.11,0.38,0.18,1.82,16.190000534057617,-1.22,1
2021-08-31,422.57455539172196,422.91100873089704,421.4436603048322,422.04180908203125,59300200.0,-0.15,-0.02,0.35000000000000003,0.8,2.36,369.28089840437747,369.3488101474605,367.19432268536974,368.7374267578125,29628200.0,-0.08,0.06999999999999999,0.58,1.49,3.58,324.5080146107693,325.42522214555487,323.9393504177546,324.61810302734375,2913800.0,-0.05,-0.08,0.45999999999999996,0.05,0.98,16.479999542236328,1.79,-1
2021-09-01,422.97644169749003,423.49047714229727,422.03245562039876,422.26611328125,48721400.0,0.05,0.22,0.35000000000000003,0.64,2.92,369.79535399707834,371.4160549932507,369.1451129537874,369.3489074707031,28138300.0,0.16999999999999998,0.29,0.62,1.54,3.5999999999999996,324.957622566909,325.0126528063462,324.04041458833365,324.27886962890625,2739200.0,-0.1,0.1,0.3,-0.18,1.78,16.110000610351562,-2.25,1
2021-09-02,423.68684470342555,424.369106938718,422.36901184150173,423.5653381347656,42501000.0,0.31,0.33999999999999997,0.47000000000000003,1.55,2.59,370.69783929261524,371.0278021363482,367.96105206184734,369.1741638183594,25453400.0,-0.05,0.37,0.83,2.1399999999999997,2.9000000000000004,325.4070176361985,325.7738951979988,324.618232277876,325.48956298828125,2390000.0,0.37,0.35000000000000003,0.36,0.77,1.39,16.40999984741211,1.8599999999999999,1
2021-09-03,422.4343619875005,423.97649682090514,422.03244913978364,423.4624328613281,47170500.0,-0.02,-0.27,0.45999999999999996,0.63,2.39,368.02894510390183,370.70750498800527,368.0095459804599,370.3096008300781,24605400.0,0.31,-0.31,0.73,1.47,3.6700000000000004,324.3981325079481,325.28782542539557,323.85698312386717,324.820068359375,2465400.0,-0.21,-0.33999999999999997,0.44,-0.12,0.76,16.40999984741211,0.0,-1
2021-09-07,423.11662202083113,423.2100907878115,421.2753985497041,421.9483337402344,51671500.0,-0.36,-0.08,0.45999999999999996,-0.16999999999999998,2.11,370.41637587791985,371.48392010902126,369.26149115749905,370.83367919921875,23970200.0,0.13999999999999999,0.03,0.6,0.49,3.63,324.3613741806288,324.4072233734463,321.93075116017667,322.343505859375,3168500.0,-0.76,-0.13999999999999999,0.76,-0.75,0.26,18.139999389648438,10.54,-1
2021-09-08,421.41564382630884,422.1446546206983,419.51831615140816,421.434326171875,56181900.0,-0.12,-0.13,0.62,-0.13999999999999999,1.8599999999999999,370.65896446604796,370.65896446604796,367.28168071864684,369.54290771484375,32949200.0,-0.35000000000000003,-0.05,0.91,0.22,3.8,321.77489765097096,323.0131339736373,320.69259899481847,321.6923522949219,3075700.0,-0.2,-0.18,0.72,-0.8999999999999999,-0.38999999999999996,17.959999084472656,-0.9900000000000001,-1
2021-09-09,421.2381203442714,422.98587540724486,419.3875410597101,419.63055419921875,57970400.0,-0.43,-0.05,0.8500000000000001,-0.62,1.17,369.766107101354,370.87244941105996,368.0289231052142,368.27154541015625,29399000.0,-0.33999999999999997,0.06,0.77,-0.29,3.62,321.53643309160566,323.3249998816004,320.0322265322842,320.3899230957031,3484700.0,-0.4,-0.05,1.02,-1.2,-1.41,18.799999237060547,4.68,-1
2021-09-10,421.5559297187358,421.9764965107279,416.2004843859975,416.3219909667969,89948200.0,-0.79,0.45999999999999996,1.38,-1.71,0.06999999999999999,369.9797088623168,370.697861587929,365.14666067157793,365.47662353515625,40249400.0,-0.76,0.45999999999999996,1.51,-1.0,2.4699999999999998,322.1692252681313,322.5452838081423,317.8766996749157,317.9959411621094,4539000.0,-0.75,0.5599999999999999,1.46,-2.3,-2.23,20.950000762939453,11.44,-1
2021-09-13,419.31278639177305,419.57448188147487,415.07888137909265,417.3874206542969,83738600.0,0.26,0.72,1.08,-1.43,0.15,367.8057483828101,368.2327660651284,363.1765248567049,365.2242431640625,48741800.0,-0.06999999999999999,0.64,1.38,-1.37,2.04,320.0229492960581,320.96767212905866,318.7021679385289,320.3806457519531,5439700.0,0.75,0.64,0.7100000000000001,-1.37,-1.54,19.3700008392334,-7.539999999999999,1
2021-09-14,418.82672304337876,419.03234294728094,414.2470381175579,415.13494873046875,78197100.0,-0.54,0.33999999999999997,1.15,-1.6099999999999999,-0.63,366.7091007301896,367.4369677608617,363.2347618019217,364.18585205078125,41826600.0,-0.27999999999999997,0.41000000000000003,1.15,-1.79,1.7000000000000002,321.3896237806335,321.5455614305449,317.08791674173693,317.7850036621094,3902200.0,-0.8099999999999999,0.31,1.39,-1.41,-2.6599999999999997,19.459999084472656,0.45999999999999996,-1
2021-09-15,415.55557226819735,419.09783124683656,414.45271468859767,418.60247802734375,78792200.0,0.84,0.1,1.1199999999999999,-0.67,0.86,364.64198082794206,367.24288522558624,362.3516105190871,366.89349365234375,34097900.0,0.74,0.13,1.34,-0.72,3.37,317.73013738359265,320.52761156226416,317.15229166363014,319.94061279296875,3267300.0,0.6799999999999999,-0.02,1.06,-0.54,-1.24,18.18000030517578,-6.58,1
2021-09-16,418.0789095693896,419.05090472392976,414.99461189827633,417.938720703125,77786700.0,-0.16,-0.13,0.97,-0.4,1.82,365.56388026882286,367.718367568976,363.642330526106,367.1457824707031,35193100.0,0.06999999999999999,-0.36,1.11,-0.31,4.44,320.02299588281863,321.0961133976793,317.35391766722216,319.3534240722656,3646000.0,-0.18,0.03,1.17,-0.32,-0.38,18.690000534057617,2.81,-1
2021-09-17,417.1681649070518,417.59007902636665,413.5114041887088,413.8677062988281,118425000.0,-0.97,-0.18,0.98,-0.59,0.67,366.67024577672095,366.71875839113625,361.7595726718765,362.7979736328125,60912300.0,-1.18,-0.13,1.35,-0.73,2.71,318.80756904500936,319.58885310084514,317.1622806992279,317.6954040527344,5380900.0,-0.52,-0.16999999999999998,0.76,-0.09,-0.72,20.809999465942383,11.34,-1
2021-09-20,407.7543373535724,409.32954038102963,402.10981691745377,406.96673583984375,166445500.0,-1.67,-1.48,1.7399999999999998,-2.5,-1.79,357.01141811814324,358.75052850819037,350.66709716152684,355.3014831542969,76203200.0,-2.07,-1.59,2.23,-2.7199999999999998,-0.44,312.7135494073568,314.49670456323946,308.82553064061574,311.9598388671875,10010600.0,-1.81,-1.5699999999999998,1.79,-2.63,-3.1399999999999997,25.709999084472656,23.549999999999997,-1
2021-09-21,409.30144322368784,410.59537031179264,406.05726871090457,406.58233642578125,92526100.0,-0.09,0.5700000000000001,1.1199999999999999,-2.06,-2.74,357.12791752385976,358.32295337490024,354.6115672536215,355.73858642578125,41927500.0,0.12,0.51,1.04,-2.32,-1.79,313.807301130709,315.3330949372349,311.60134465811745,311.6932373046875,6071100.0,-0.09,0.59,1.2,-1.92,-3.85,24.360000610351562,-5.25,-1
2021-09-22,408.8513325900805,412.58309005146594,406.69480673198865,410.5484313964844,102350100.0,0.98,0.5599999999999999,1.4500000000000002,-1.92,-1.94,356.65187839398413,360.51871870143844,355.55400493496865,359.0613708496094,46972900.0,0.9299999999999999,0.26,1.4000000000000001,-2.13,-1.17,313.5774843836516,316.4911766565901,312.91569469811486,314.80914306640625,6862700.0,1.0,0.6,1.15,-1.6,-2.97,20.8700008392334,-14.330000000000002,1
2021-09-23,412.4143728690153,417.14001100580157,412.17996661282217,415.5366516113281,76396000.0,1.22,0.44999999999999996,1.21,-0.5700000000000001,-0.96,360.21760478173354,363.40433817488514,359.5763680462439,362.3744812011719,44652000.0,0.9199999999999999,0.32,1.0699999999999998,-1.3,-0.38,316.93250887343515,320.4804469331201,316.6751476709399,319.4601745605469,5592200.0,1.48,0.67,1.21,0.03,-1.66,18.6299991607666,-10.73,1
2021-09-24,413.90516505538227,416.9337039803391,413.6895010133059,416.2210998535156,62094800.0,0.16,-0.38999999999999996,0.7799999999999999,0.5700000000000001,-0.21,360.1106592295025,363.13224261893384,359.74145968515217,362.7144470214844,36056800.0,0.09,-0.62,0.9400000000000001,-0.02,0.36,318.4857325692666,320.25968677186256,318.31109168401053,319.7449645996094,3121600.0,0.09,-0.31,0.61,0.65,-1.01,17.75,-4.72,1
2021-09-27,415.18971469523467,416.3523605127942,414.33647253059087,415.03033447265625,61371100.0,-0.29,-0.25,0.48,1.9800000000000002,-1.38,359.6734544973048,360.6935861132538,357.2736872299661,359.8191833496094,43338100.0,-0.8,-0.84,0.9400000000000001,1.27,-1.4000000000000001,320.13109442819405,322.16241018757177,320.0208008014783,320.4252014160156,3426000.0,0.21,0.12,0.67,2.71,-1.47,18.760000228881836,5.6899999999999995,-1
2021-09-28,412.2643090052773,412.5924834545763,405.9353407086728,406.66668701171875,130436300.0,-2.02,-0.67,1.6,0.02,-3.7900000000000005,355.2723036782193,359.77062620482974,349.13200373868887,349.63720703125,97701600.0,-2.83,-1.26,2.96,-1.72,-5.26,319.23030948966357,319.6990854433294,314.7264755111779,315.19525146484375,7493800.0,-1.63,-0.37,1.55,1.1199999999999999,-2.9499999999999997,23.25,23.93,-1
2021-09-29,408.045029638689,409.77964162679973,406.7886155612909,407.3511962890625,82329200.0,0.16999999999999998,0.33999999999999997,0.74,-0.7799999999999999,-3.4799999999999995,350.9002374139958,353.0376631925343,348.44217849629433,349.06396484375,58076600.0,-0.16,0.36,1.31,-2.78,-5.34,316.06842216683594,317.72291065191615,315.15847173271084,315.97650146484375,4116600.0,0.25,0.27999999999999997,0.8099999999999999,0.37,-2.6599999999999997,22.559999465942383,-2.97,1
2021-09-30,408.82324196639286,409.5264607159928,402.03484612674845,402.3724060058594,140506000.0,-1.22,0.36,1.8399999999999999,-3.17,-4.71,350.7059150777573,352.36728337983305,346.945962244198,347.781494140625,61384600.0,-0.37,0.47000000000000003,1.55,-4.03,-5.84,317.18058979840094,317.51149871851845,310.7741067101236,310.9395751953125,7926000.0,-1.59,0.38,2.13,-2.67,-4.109999999999999,23.139999389648438,2.5700000000000003,-1
2021-10-01,404.0976586371233,408.8326537442385,400.58156466232106,407.154296875,129240100.0,1.1900000000000002,0.43,2.0500000000000003,-2.18,-3.8699999999999997,348.4034160224063,350.97805882848354,344.30340816996,349.9384765625,56375500.0,0.62,0.18,1.92,-3.52,-5.21,312.53885409351847,316.90482051493353,310.37884404339854,315.4341735839844,6219800.0,1.4500000000000002,0.51,2.1,-1.35,-3.09,21.100000381469727,-8.82,1
2021-10-04,405.9916262485337,406.89173823936943,399.7657824946463,401.9035949707031,128570000.0,-1.29,-0.29,1.7500000000000002,-3.16,-5.09,348.32555161560936,348.6558802320663,340.3587346103022,342.59332275390625,76766000.0,-2.1,-0.45999999999999996,2.37,-4.79,-7.48,314.9102777224429,316.21548434810086,310.7373528149054,312.5205078125,7037700.0,-0.9199999999999999,-0.16999999999999998,1.7399999999999998,-2.4699999999999998,-3.7900000000000005,22.959999084472656,8.82,-1
2021-10-05,403.4037961536202,408.32632771246665,402.60683774485324,406.0854187011719,90682500.0,1.04,0.37,1.4200000000000002,-0.13999999999999999,-3.7600000000000002,343.6523598204089,349.4623310874055,343.42891877348393,347.218017578125,47232900.0,1.35,0.31,1.76,-0.69,-6.370000000000001,313.549912536862,316.9875275050318,312.9432696512574,315.3882141113281,3826100.0,0.9199999999999999,0.33,1.29,0.06,-2.16,21.299999237060547,-7.23,1
2021-10-06,402.49426854273986,407.97938044868795,400.8721956255004,407.7731018066406,113032200.0,0.42,-0.88,1.7500000000000002,0.1,-3.2399999999999998,344.0117954940638,349.71490816575323,343.10824696739064,349.44287109375,56806500.0,0.64,-0.9199999999999999,1.9,0.11,-5.4399999999999995,312.9525833191778,316.46371927806825,311.10508059258046,316.29827880859375,6276300.0,0.29,-0.77,1.7000000000000002,0.1,-1.68,21.0,-1.41,1
2021-10-07,411.0454050378357,414.1301704422201,410.86725401277494,411.2985534667969,72437500.0,0.86,0.8,0.8,2.22,-1.9900000000000002,352.48383820617084,355.29167583028516,351.9494892129102,352.6490173339844,39411200.0,0.9199999999999999,0.8699999999999999,0.96,1.4000000000000001,-4.24,318.8259113430336,321.49144370371965,318.7339906305417,319.52447509765625,5310400.0,1.02,0.8,0.8699999999999999,2.76,-0.27,19.540000915527344,-6.950000000000001,1
2021-10-08,412.0674077940218,412.4518374427157,409.9202387275282,410.5484313964844,74557400.0,-0.18,0.19,0.62,0.83,-1.39,353.7274568047057,353.96065262238324,350.3561242619187,350.8905029296875,41822300.0,-0.5,0.31,1.02,0.27,-3.9899999999999998,319.7910996216192,320.2874210761815,318.55941232254446,319.4326171875,3658300.0,-0.03,0.08,0.54,1.27,0.44999999999999996,18.770000457763672,-3.94,-1
2021-10-11,409.8921372238028,412.7987803671197,407.5105617770027,407.5762023925781,65233300.0,-0.72,-0.16,1.29,1.41,-2.35,349.35541514023294,352.8725062066949,348.11181282191984,348.19927978515625,34847200.0,-0.77,-0.44,1.3599999999999999,1.6400000000000001,-4.66,319.55209399876003,321.29847558367345,316.9784539339117,317.0887756347656,4098400.0,-0.73,0.04,1.35,1.46,-1.03,20.0,6.550000000000001,-1
2021-10-12,408.4950547167105,408.89822655825884,405.78530500807835,406.5729064941406,71181200.0,-0.25,0.22999999999999998,0.76,0.12,-2.06,349.64691210021607,350.0840986793097,346.3435961311823,346.9848327636719,43905100.0,-0.35000000000000003,0.42,1.0699999999999998,-0.06999999999999999,-4.72,317.557427400874,318.1181240217706,315.44339160466154,315.9856872558594,5100300.0,-0.35000000000000003,0.15,0.84,0.19,-0.5700000000000001,19.850000381469727,-0.75,-1
2021-10-13,407.5949901170963,408.85140428938456,404.62273464026305,408.0356750488281,72974000.0,0.36,0.25,1.04,0.06,-2.52,349.2874617626891,350.4339017377287,347.266589269575,349.7635192871094,40120800.0,0.8,0.66,0.91,0.09,-4.67,316.1420303666044,316.7026990704647,313.54081705943094,316.0868835449219,4189100.0,0.03,0.05,1.0,-0.06999999999999999,-1.2,18.639999389648438,-6.1,1
2021-10-14,411.69235787459854,415.0490712799511,411.2235453911505,414.8990478515625,70236800.0,1.68,0.8999999999999999,0.9400000000000001,0.88,-0.73,353.3485519783858,356.41870158590115,352.687894754568,356.2049560546875,43433900.0,1.8399999999999999,1.02,1.0699999999999998,1.01,-2.98,319.13832490264497,320.98582689114266,318.5776564077754,320.9031066894531,4473900.0,1.52,0.97,0.76,0.43,0.49,16.860000610351562,-9.55,1
2021-10-15,417.00870250976914,418.42452536112467,416.3898666001841,418.058837890625,66260200.0,0.76,0.51,0.49,1.83,1.01,357.4194230091557,358.56586286925926,356.3895662331551,358.44927978515625,40419900.0,0.63,0.33999999999999997,0.61,2.15,-1.2,323.3277597748813,324.64257944324436,322.6565726463815,324.4311218261719,4206800.0,1.0999999999999999,0.76,0.62,1.5599999999999998,2.12,16.299999237060547,-3.32,1
2021-10-18,416.27744616221713,419.6341316668689,415.6210971002892,419.2966003417969,62213200.0,0.3,-0.43,0.96,2.88,3.0300000000000002,357.1570749799005,362.2675175062636,356.5547092896847,362.05377197265625,34513500.0,1.01,-0.36,1.59,3.9800000000000004,1.9,323.0428597721066,324.6886999422988,322.04065240088926,324.10943603515625,3310600.0,-0.1,-0.43,0.8200000000000001,2.21,3.8899999999999997,16.309999465942383,0.06,1
2021-10-19,420.9185646143034,422.596892511088,420.3090855642555,422.5312805175781,46996800.0,0.77,0.38999999999999996,0.5499999999999999,3.93,3.92,363.1225161847525,364.8421760222479,362.10238452095024,364.7936096191406,29091000.0,0.76,0.3,0.76,5.13,2.55,325.18499421314453,325.95733620965325,324.3850415163792,325.9113464355469,2380900.0,0.5599999999999999,0.33,0.49,3.1399999999999997,4.5600000000000005,15.699999809265137,-3.74,1
2021-10-20,422.99082000892685,424.491025906163,422.87830957409244,424.19097900390625,49571600.0,0.38999999999999996,0.11,0.38,3.9600000000000004,3.32,365.25026030158716,365.8623511829623,362.84076768993475,364.31756591796875,31390300.0,-0.13,0.13,0.83,4.16,1.46,325.9573825293172,327.8606411206192,325.82864481511103,327.3549499511719,2873800.0,0.44,0.01,0.62,3.56,3.9899999999999998,15.489999771118164,-1.34,1
2021-10-21,423.5909091366126,425.52241468121287,423.15960957402535,425.2973937988281,41305400.0,0.26,-0.13999999999999999,0.5599999999999999,2.5100000000000002,2.35,363.52086567008075,366.7367443478896,363.21968280779555,366.54241943359375,25469300.0,0.61,-0.22,0.97,2.9000000000000004,1.15,326.7665485900449,327.41015305643685,325.7643135841336,327.2906188964844,2243800.0,-0.02,-0.18,0.5,1.9900000000000002,2.45,15.010000228881836,-3.1,1
2021-10-22,424.8660443425605,426.3099949344086,422.9157682107572,424.8566589355469,58845100.0,-0.1,-0.1,0.8,1.63,2.07,365.28919430303904,366.25103462570416,361.80127784072846,363.462646484375,36275800.0,-0.84,-0.33999999999999997,1.21,1.4000000000000001,0.21,327.2997782295997,328.8168797677844,326.7021355702734,328.00775146484375,3872300.0,0.22,0.0,0.65,1.0999999999999999,2.58,15.430000305175781,2.8000000000000003,-1
2021-10-25,425.9443277467125,427.46327582498486,424.1722311934104,427.1351013183594,45214500.0,0.54,0.26,0.77,1.87,2.92,364.8811104953325,368.09698969643966,362.93797963545757,367.1837158203125,32597800.0,1.02,0.38999999999999996,1.4200000000000002,1.4200000000000002,2.0500000000000003,328.57780301415175,329.0651431446619,327.5940033644618,328.75250244140625,2518200.0,0.22999999999999998,0.16999999999999998,0.44999999999999996,1.43,2.6,15.239999771118164,-1.23,1
2021-10-26,428.68223642849716,429.8917522879476,427.1445174247861,427.5195617675781,56075100.0,0.09,0.36,0.64,1.18,5.13,369.41826607898804,371.8277289256972,367.16422758060594,368.3398132324219,47191300.0,0.31,0.61,1.27,0.97,5.35,329.6811977251791,330.021393045955,328.5870393336965,328.7065734863281,3182200.0,-0.01,0.27999999999999997,0.44,0.86,4.29,15.979999542236328,4.859999999999999,1
2021-10-27,427.97884409279476,428.64454967748924,425.55037072193625,425.6253967285156,72438000.0,-0.44,0.11,0.72,0.33999999999999997,4.49,368.78678421938156,372.2552798390462,368.5244722333737,369.1948547363281,45760500.0,0.22999999999999998,0.12,1.01,1.34,5.7700000000000005,329.2490608269572,329.4421393549061,326.3711497470917,326.3895568847656,3542100.0,-0.7000000000000001,0.16999999999999998,0.9299999999999999,-0.29,3.3000000000000003,16.979999542236328,6.260000000000001,-1
2021-10-28,427.050677407055,429.80729721502064,427.0413206145411,429.7322998046875,51437900.0,0.96,0.33,0.65,1.04,6.800000000000001,371.0893877086592,373.54744679468445,370.32184280003185,373.2948303222656,38007000.0,1.11,0.51,0.8699999999999999,1.8399999999999999,7.340000000000001,327.0975243991163,328.5962469906172,327.0975243991163,328.5226745605469,2490500.0,0.65,0.22,0.45999999999999996,0.38,5.65,16.530000686645508,-2.65,1
2021-10-29,427.4350712129975,430.8949094853391,427.1444097745334,430.604248046875,70162400.0,0.2,-0.53,0.8699999999999999,1.35,5.76,370.2246498535982,375.29622161802354,369.8749005973432,375.13104248046875,37310100.0,0.49,-0.8200000000000001,1.4500000000000002,3.2099999999999995,7.199999999999999,327.92507706699297,329.64446106646835,327.6860367854548,329.3778381347656,2979600.0,0.26,-0.18,0.6,0.42,4.42,16.260000228881836,-1.63,1
2021-11-01,431.5887642564896,431.96383713747196,429.61977470154915,431.3450012207031,48433600.0,0.16999999999999998,0.22999999999999998,0.54,0.9900000000000001,7.33,375.5682257211383,376.5397908807335,373.4890916975087,376.4134826660156,30765300.0,0.33999999999999997,0.12,0.8099999999999999,2.5100000000000002,9.87,330.49961697581824,331.0512700419279,329.1480108445141,330.20538330078125,2548400.0,0.25,0.33999999999999997,0.58,0.44,5.66,16.40999984741211,0.9199999999999999,1
2021-11-02,431.51378609797507,433.398421537022,431.38250486096626,433.0889892578125,48908400.0,0.4,0.04,0.47000000000000003,1.3,6.65,375.80140507193687,378.46351386461185,375.7528386721774,377.9874267578125,25135300.0,0.42,-0.16,0.72,2.62,8.86,330.46278204011514,331.8143879721877,329.89272191605227,331.52935791015625,2629000.0,0.4,0.08,0.58,0.86,5.12,16.030000686645508,-2.32,1
2021-11-03,432.5263425699782,436.1362040546767,432.085657735004,435.7330322265625,52509800.0,0.61,-0.13,0.9400000000000001,2.37,6.859999999999999,378.47321356359595,382.41776592199056,377.43366132861297,382.0,33748900.0,1.06,0.13,1.32,3.47,9.32,330.92247354212634,332.6970225785219,329.993811024993,332.4395751953125,3557400.0,0.27,-0.18,0.8200000000000001,1.8499999999999999,5.1,15.100000381469727,-5.800000000000001,1
2021-11-04,436.33313266603705,437.87085131761023,435.9862160130472,437.7864685058594,52847100.0,0.47000000000000003,0.13999999999999999,0.43,1.87,6.4399999999999995,383.26311407298033,387.84890376040164,382.7190398431017,386.8967590332031,40265300.0,1.28,0.33,1.34,3.64,9.71,332.2373174268431,332.5223474769894,330.8857115511296,332.24652099609375,3870900.0,-0.06,-0.06,0.49,1.13,3.9800000000000004,15.4399995803833,2.25,1
2021-11-05,440.00863863956613,441.29318025230174,437.79585747597196,439.305419921875,66390600.0,0.35000000000000003,0.51,0.8,2.02,7.000000000000001,388.6649559362815,389.58792509832745,385.86684338012475,387.2658996582031,43383800.0,0.1,0.45999999999999996,0.96,3.2300000000000004,10.37,333.7268465209331,335.54738552826296,332.74304666988286,334.0394592285156,4489000.0,0.54,0.44999999999999996,0.84,1.4200000000000002,4.569999999999999,16.479999542236328,6.74,1
2021-11-08,440.4024399467041,440.8993800137787,438.99600255528054,439.6804504394531,50405200.0,0.09,0.25,0.43,1.9300000000000002,7.88,387.23677975210165,388.25691143350406,386.10003533155617,386.74127197265625,29256300.0,-0.13999999999999999,-0.01,0.5599999999999999,2.74,11.07,335.6575938342484,336.190895598511,334.0669201672863,334.9772033691406,3056000.0,0.27999999999999997,0.48,0.64,1.4500000000000002,5.64,17.219999313354492,4.49,1
2021-11-09,440.0461369788913,440.28054321030675,436.8207049454919,438.2271423339844,51149100.0,-0.33,0.08,0.79,1.1900000000000002,7.79,387.80996941367835,388.20831470429704,382.7189772454321,384.07916259765625,50490700.0,-0.69,0.27999999999999997,1.4200000000000002,1.6099999999999999,10.69,334.85764579176345,334.95877277396755,332.6785332951016,334.02093505859375,3680600.0,-0.29,-0.04,0.6799999999999999,0.75,5.71,17.780000686645508,3.25,-1
2021-11-10,436.53936633806717,438.2271082413826,433.2201949615556,434.7016296386719,69429700.0,-0.8,-0.38999999999999996,1.1400000000000001,-0.24,6.54,381.3102427732296,384.1180511334133,376.51070771481966,378.4344177246094,54937400.0,-1.47,-0.72,1.9800000000000002,-0.9299999999999999,8.200000000000001,333.322273448713,334.43483906460096,331.2626942253543,331.98907470703125,3529000.0,-0.61,-0.21,0.95,-0.13999999999999999,5.029999999999999,18.729999542236328,5.34,-1
2021-11-11,436.19252851233256,436.2675545379645,434.8236039920207,434.84234619140625,34848500.0,0.03,0.33999999999999997,0.33,-0.67,4.81,381.40738299331053,381.5822576249606,379.143619323171,379.4836730957031,32243000.0,0.27999999999999997,0.79,0.64,-1.92,6.54,332.0994022168414,332.1637710818894,330.43518365276185,330.50872802734375,2461200.0,-0.44999999999999996,0.03,0.52,-0.52,2.9899999999999998,17.65999984741211,-5.71,1
2021-11-12,436.1081354103615,438.6772187538003,435.1611250038921,438.1240234375,53466700.0,0.75,0.29,0.8099999999999999,-0.27,4.8,380.63012828503423,384.0111862152096,379.0367766051723,383.4768371582031,34730600.0,1.05,0.3,1.31,-0.98,6.98,331.6397428951962,332.60516383657597,330.61912858662197,332.1822204589844,3099800.0,0.51,0.33999999999999997,0.6,-0.5599999999999999,2.39,16.290000915527344,-7.76,1
2021-11-15,439.40859470618256,439.56797493267015,437.14891501750157,438.2740478515625,46980500.0,0.03,0.29,0.5499999999999999,-0.32,4.53,384.6523652393564,384.97296869555885,380.95070435957723,383.3893127441406,33716900.0,-0.02,0.31,1.05,-0.8699999999999999,5.89,333.39583403697384,333.515368194736,331.62128492777265,332.1453552246094,2555000.0,-0.01,0.37,0.5700000000000001,-0.8500000000000001,2.48,16.489999771118164,1.23,1
2021-11-16,438.01152112700873,441.1431852512349,437.9365237158013,440.0086669921875,48857500.0,0.4,-0.06,0.73,0.41000000000000003,4.14,382.66067673603766,386.6149544360584,382.4663814751148,386.1194763183594,27872900.0,0.7100000000000001,-0.19,1.08,0.53,5.8500000000000005,332.6786886444013,334.2601593729051,332.56835804514867,332.7798156738281,2728600.0,0.19,0.16,0.51,-0.37,2.11,16.3700008392334,-0.73,1
2021-11-17,439.74616317118915,439.9243142257767,438.3209833485355,438.9398193359375,47858300.0,-0.24,-0.06,0.36,0.97,3.4799999999999995,386.44006941150644,388.3540540965329,385.3616462404101,386.323486328125,28703300.0,0.05,0.08,0.77,2.08,6.04,332.329153979932,332.45786360660554,330.5821880660303,330.8672180175781,2976000.0,-0.5700000000000001,-0.13999999999999999,0.5599999999999999,-0.33999999999999997,1.0699999999999998,17.110000610351562,4.52,-1
2021-11-18,439.97114731825366,440.69313688366196,437.25204053194824,440.43060302734375,50625600.0,0.33999999999999997,0.22999999999999998,0.7799999999999999,1.29,3.56,388.36377340586023,390.8315276998978,386.1486059054176,390.3263244628906,45721500.0,1.04,0.53,1.21,2.86,6.49,331.0329098766034,331.05128895996813,328.36648368591784,330.4076843261719,3438100.0,-0.13999999999999999,0.05,0.8099999999999999,-0.03,0.95,17.59000015258789,2.81,1
2021-11-19,440.31803734544474,441.5650945480242,439.2772873896782,439.6429748535156,57315600.0,-0.18,-0.03,0.52,0.35000000000000003,3.4799999999999995,391.9585808347099,393.77540319697215,391.1327444019126,392.5026550292969,45191700.0,0.5599999999999999,0.42,0.6799999999999999,2.35,7.99,329.70837462875136,329.70837462875136,327.39601271236916,327.88427734375,3542200.0,-0.76,-0.21,0.7000000000000001,-1.29,-0.04,17.90999984741211,1.82,-1
2021-11-22,441.518225650883,444.00292604113224,438.1990253218852,438.4053039550781,72762000.0,-0.27999999999999997,0.43,1.32,0.03,2.64,394.03771684540067,397.0884162450373,387.8391259434944,387.94598388671875,61715400.0,-1.16,0.38999999999999996,2.36,1.1900000000000002,5.65,329.3306961395639,330.95208803040344,328.0501364502233,328.1514892578125,4929200.0,0.08,0.44,0.89,-1.2,-0.18,19.170000076293945,7.04,-1
2021-11-23,438.0771054886185,439.83984487309516,435.47989482517465,438.9866027832031,73206500.0,0.13,-0.06999999999999999,0.9900000000000001,-0.22999999999999998,2.68,386.789887223981,388.84963077816195,381.7474900750113,386.1778259277344,70098700.0,-0.45999999999999996,-0.3,1.83,0.02,4.84,328.22517862457397,330.15060083092635,327.3591954925003,329.8281555175781,5789300.0,0.51,0.02,0.8500000000000001,-0.89,0.33999999999999997,19.3799991607666,1.0999999999999999,1
2021-11-24,436.98951426235885,440.2805872370219,436.17378507370955,440.15869140625,61858800.0,0.27,-0.44999999999999996,0.9400000000000001,0.27999999999999997,3.4099999999999997,383.70033548203725,387.7031803861137,381.3783094778985,387.42144775390625,46954400.0,0.32,-0.64,1.6400000000000001,0.27999999999999997,4.9399999999999995,328.02237450275817,329.9938756297154,327.7828389713898,329.8372497558594,4246700.0,0.0,-0.5499999999999999,0.67,-0.31,1.06,18.579999923706055,-4.130000000000001,1
2021-11-26,433.50152742675596,434.96422009835896,429.21657442443677,430.34173583984375,112669600.0,-2.23,-1.51,1.31,-2.29,0.13999999999999999,384.84668358291367,386.23604437603416,378.6869636697701,380.0763244628906,51533300.0,-1.9,-0.66,1.95,-2.63,1.82,322.74358621546895,323.78460994252197,320.0074549056351,321.5367431640625,9075000.0,-2.52,-2.15,1.15,-2.68,-2.13,28.6200008392334,54.04,-1
2021-11-29,435.1236958178473,437.458373207534,432.92965647319335,435.6206359863281,86268800.0,1.23,1.11,1.05,-0.91,1.16,384.63298453085525,389.33535682537865,383.90431058676927,388.3249206542969,54447100.0,2.17,1.2,1.43,-1.06,3.52,324.8257333339198,324.9915527091506,321.4447386871742,323.5359802246094,5243000.0,0.62,1.02,1.0999999999999999,-1.3299999999999998,-1.77,22.959999084472656,-19.78,1
2021-11-30,433.18277789277585,435.0861556207731,426.9006785426518,427.14447021484375,148559600.0,-1.95,-0.5599999999999999,1.8800000000000001,-2.5700000000000003,-0.97,387.4407196090918,389.782194998947,380.61061831454504,382.62176513671875,81332700.0,-1.47,-0.22999999999999998,2.36,-1.37,1.6500000000000001,321.24196999654583,322.44881307564344,317.24369432094613,317.7411804199219,9543500.0,-1.79,-0.7100000000000001,1.6099999999999999,-3.17,-3.7699999999999996,27.190000534057617,18.42,-1
2021-12-01,432.8452735236711,435.68627648871933,422.20322270380683,422.4001159667969,131939200.0,-1.11,1.3299999999999998,3.16,-3.7800000000000002,-2.4699999999999998,386.9550069636954,389.09246237572006,375.6460028605043,376.1123352050781,77766500.0,-1.7000000000000002,1.13,3.51,-2.6100000000000003,-0.5,320.6339854699751,322.78972140085205,313.5218871523829,313.6508483886719,8415000.0,-1.29,0.91,2.92,-4.9,-5.390000000000001,31.1200008392334,14.45,-1
2021-12-02,422.6157168413784,430.43550572803196,422.22190176024696,428.8696594238281,127637800.0,1.53,0.05,1.94,-2.56,-1.58,374.82984957942165,380.6009493514841,373.41137266182295,378.822998046875,84416600.0,0.72,-0.33999999999999997,1.91,-2.22,-0.83,314.89460105576427,320.55112800642735,314.3050116668979,319.3166198730469,8326400.0,1.81,0.4,1.9900000000000002,-3.19,-3.95,27.950000762939453,-10.190000000000001,1
2021-12-03,430.5292831950463,431.5887754076615,420.91862695944747,425.137939453125,137331600.0,-0.8699999999999999,0.38999999999999996,2.4899999999999998,-1.21,-2.8899999999999997,380.1831750070444,381.1838859743327,368.12604734982597,372.23577880859375,105349100.0,-1.7399999999999998,0.36,3.45,-2.06,-3.7900000000000005,320.46826105606493,321.0578786898031,316.06465626920436,318.975830078125,11365300.0,-0.11,0.36,1.5599999999999998,-0.8,-3.9899999999999998,30.670000076293945,9.73,-1
2021-12-06,427.6789180869,432.0482542479885,425.2692148441158,430.1730041503906,98977500.0,1.18,0.6,1.59,-1.25,-2.08,372.7216064023511,376.57872188749616,368.5147119860262,375.2185363769531,67588800.0,0.8,0.13,2.17,-3.38,-3.11,321.7578978414554,326.14305753279336,321.3617363719209,325.0375671386719,7026500.0,1.9,0.8699999999999999,1.5,0.45999999999999996,-2.69,27.18000030517578,-11.379999999999999,1
2021-12-07,435.442440658666,439.63362565886325,430.0417113660508,439.071044921875,95484700.0,2.07,1.22,2.23,2.79,-0.13999999999999999,381.8543205406165,387.1299131676193,381.8154496254589,386.517822265625,56005300.0,3.01,1.77,1.4200000000000002,1.02,-0.06,327.90277965062,330.3717400246126,327.7738183757617,329.57025146484375,5271500.0,1.39,0.88,0.8,3.7199999999999998,-1.6099999999999999,21.889999389648438,-19.46,1
2021-12-08,439.4648728181905,440.68377393878586,437.71148993714627,440.23370361328125,72238800.0,0.26,0.09,0.6799999999999999,4.22,0.45999999999999996,386.8481656391627,388.4512424421491,384.9536014584753,388.2471923828125,39204000.0,0.44999999999999996,0.09,0.8999999999999999,3.2300000000000004,1.09,329.9662930132737,330.6111553819449,328.3540949198402,329.8004455566406,3355600.0,0.06999999999999999,0.12,0.6799999999999999,5.1499999999999995,-1.26,19.899999618530273,-9.09,1
2021-12-09,438.94912708653544,440.3368223530035,437.06452034105865,437.26141357421875,61272600.0,-0.6799999999999999,-0.29,0.74,1.96,0.59,387.0230508591578,388.8204526297621,382.3400989043438,382.534423828125,49973700.0,-1.47,-0.32,1.67,0.98,1.08,328.658024727497,330.89666969715233,328.28952801012736,329.9109191894531,3774500.0,0.03,-0.35000000000000003,0.79,3.32,-0.63,21.579999923706055,8.44,-1
2021-12-10,439.9617692478392,441.52758690349503,437.41142821807136,441.3775634765625,77159800.0,0.9400000000000001,0.62,0.9400000000000001,3.82,1.5,385.34228931509506,386.9550915421731,382.1749764167518,386.6927795410156,52545800.0,1.09,0.73,1.25,3.88,1.9,331.27451827088214,331.95623887188407,329.4504208478533,331.8641357421875,3855200.0,0.59,0.41000000000000003,0.76,4.04,0.41000000000000003,18.690000534057617,-13.389999999999999,1
2021-12-13,440.86191039613635,441.2088270752524,437.18640772794674,437.46771240234375,87724700.0,-0.89,-0.12,0.91,1.7000000000000002,-0.15,386.6829453531064,387.0035488196658,380.736971138381,381.1061706542969,50166400.0,-1.44,-0.0,1.6199999999999999,1.5699999999999998,-0.62,331.1271419198051,331.6430431935936,328.5291924317562,328.92535400390625,4563000.0,-0.89,-0.22,0.9400000000000001,1.2,-0.98,20.309999465942383,8.67,-1
2021-12-14,434.2047373052017,436.6894377150197,431.5418858646757,434.4578857421875,97264100.0,-0.69,-0.75,1.18,-1.05,-0.8699999999999999,376.28721914398113,378.99789456315466,372.7215911886639,377.1616516113281,75199200.0,-1.04,-1.26,1.6500000000000001,-2.42,-1.6199999999999999,327.70007270643845,330.18747597822465,327.01835203670186,328.1238708496094,4079700.0,-0.24,-0.37,0.96,-0.44,-1.21,21.889999389648438,7.779999999999999,-1
2021-12-15,434.5141971486355,441.49010093703475,432.00134036114184,441.246337890625,116899300.0,1.5599999999999998,0.01,2.18,0.22999999999999998,0.27999999999999997,376.909063672621,386.11951385042335,372.96451072965965,385.760009765625,73858000.0,2.2800000000000002,-0.06999999999999999,3.49,-0.64,-0.09,327.8105632558929,331.62457720920065,326.53003182782777,331.4771728515625,9274900.0,1.02,-0.1,1.55,0.51,-0.38999999999999996,19.290000915527344,-11.88,1
2021-12-16,443.09351636782804,443.3747924623618,435.8081507648726,437.3552551269531,116568600.0,-0.88,0.42,1.71,0.02,-0.36,386.72190708478956,387.1493982404767,374.2567061743267,375.8403625488281,82591400.0,-2.5700000000000003,0.25,3.34,-1.7500000000000002,-2.71,332.822085760725,333.964462115258,330.09517635814035,331.1361999511719,9493700.0,-0.1,0.41000000000000003,1.17,0.37,0.08,20.56999969482422,6.64,-1
2021-12-17,434.28117656754216,437.2827106378424,430.99737826772844,432.700439453125,135511600.0,-1.06,-0.7000000000000001,1.44,-1.97,-1.76,372.4301201552073,378.1235083343343,370.91448063171447,373.9652099609375,80492500.0,-0.5,-0.91,1.92,-3.29,-4.19,328.849225582574,329.43069239403656,325.5358167809841,326.38494873046875,10638300.0,-1.43,-0.69,1.18,-1.6500000000000001,-1.22,21.56999969482422,4.859999999999999,-1
2021-12-20,427.62896667138153,428.4945962518149,424.4863000014907,428.09942626953125,107134800.0,-1.06,-1.17,0.9299999999999999,-2.1399999999999997,-2.63,369.24804728232675,371.1255560766206,367.20514837555993,370.33758544921875,65336800.0,-0.97,-1.26,1.05,-2.83,-5.65,322.46237965274554,322.7023572318417,319.8411879287702,322.36083984375,7303400.0,-1.23,-1.2,0.88,-2.0,-1.68,22.8700008392334,6.03,-1
2021-12-21,431.5148943716561,435.84312797159805,429.3507919289712,435.7019958496094,69806300.0,1.78,0.8,1.52,0.29,-0.62,373.60626178435757,378.93725119775377,369.86098113771806,378.6259460449219,48899500.0,2.2399999999999998,0.88,2.45,0.38999999999999996,-2.4,325.0281857177424,327.63092837667597,324.4282699558587,327.5663146972656,4693300.0,1.6099999999999999,0.83,0.9900000000000001,-0.16999999999999998,-0.18,21.010000228881836,-8.129999999999999,1
2021-12-22,435.44797367017134,440.1713773813337,435.2503599777173,440.0584716796875,58890200.0,1.0,-0.06,1.13,-0.27,0.24,378.33401801404176,383.4412499594031,377.67251700140145,383.2369689941406,37042200.0,1.22,-0.08,1.52,-0.65,-0.76,327.6033614926186,330.0122640006136,326.8834566799129,329.8553771972656,2999500.0,0.7000000000000001,0.01,0.96,-0.49,0.01,18.6299991607666,-11.33,1
2021-12-23,441.0558636062711,444.29262786782226,440.95237627994055,442.79656982421875,56439700.0,0.62,0.22999999999999998,0.76,1.24,0.6,383.5873025435717,387.59526030086846,383.42194207493264,386.1263427734375,29595500.0,0.75,0.09,1.09,2.74,-0.33,330.7782520493618,332.7256759113917,330.56596200527565,331.6734924316406,2655000.0,0.5499999999999999,0.27999999999999997,0.65,0.16,0.5599999999999999,17.959999084472656,-3.5999999999999996,1
2021-12-27,444.1702284294298,449.1100532638039,444.12319396445406,449.0630187988281,56808600.0,1.4200000000000002,0.31,1.13,3.7800000000000002,4.35,387.42011631971087,392.5079040527344,387.3909333176653,392.5079040527344,32820700.0,1.6500000000000001,0.33999999999999997,1.3299999999999998,4.96,3.27,332.3194686839786,334.99603491572066,331.9872181102508,334.9591369628906,2594300.0,0.9900000000000001,0.19,0.91,2.63,4.17,17.68000030517578,-1.5599999999999998,1
2021-12-28,449.4958623974338,450.52146074512336,447.9339332846144,448.6960754394531,47274600.0,-0.08,0.1,0.58,4.81,3.0,393.40282784093364,393.5779258347806,389.8131705286223,390.6886901855469,33113700.0,-0.45999999999999996,0.22999999999999998,0.96,5.5,0.61,335.13451059237053,336.98966100481766,334.9314873296941,335.94671630859375,3048500.0,0.29,0.05,0.61,4.21,3.84,17.540000915527344,-0.79,-1
2021-12-29,448.7995905115579,450.2862300149204,447.8022185897107,449.2700500488281,54503000.0,0.13,0.02,0.5499999999999999,3.11,5.18,390.82494423540373,392.0895805930732,388.2567212665021,390.63037109375,32248500.0,-0.01,0.03,0.98,3.17,2.09,335.86355956166335,337.4695215656869,335.76204795876424,336.73114013671875,3012200.0,0.22999999999999998,-0.02,0.51,2.8000000000000003,5.9799999999999995,16.950000762939453,-3.36,1
2021-12-30,449.6934621372565,450.70025247373695,447.56700448030426,448.0280456542969,55329000.0,-0.27999999999999997,0.09,0.7000000000000001,1.81,6.069999999999999,390.4163438803338,392.595450205438,388.8793229709508,389.4630126953125,23850100.0,-0.3,-0.05,0.95,1.6199999999999999,3.55,337.5158142394839,338.46645788393454,335.58683939458444,336.0206298828125,2863200.0,-0.21,0.22999999999999998,0.86,1.87,7.13,17.329999923706055,2.2399999999999998,-1
2021-12-31,447.5387725895835,448.68666632067624,446.6260799179109,446.89892578125,65237400.0,-0.25,-0.11,0.45999999999999996,0.9299999999999999,4.2,388.7917216357938,390.15364435086724,386.53480417213575,387.03094482421875,34752900.0,-0.62,-0.16999999999999998,0.9299999999999999,0.22999999999999998,2.17,335.5037330279009,336.63895084235145,334.9499538136812,335.328369140625,3133800.0,-0.21,-0.15,0.5,1.0999999999999999,5.01,17.219999313354492,-0.63,-1
2022-01-03,448.15978126090016,449.6182231773568,445.8545465639054,449.4864807128906,72668200.0,0.58,0.27999999999999997,0.84,0.09,5.7299999999999995,388.19832024519195,391.00974454371743,386.0873473183604,390.7568054199219,40575900.0,0.96,0.3,1.27,-0.44999999999999996,4.9799999999999995,336.26986436495224,337.6635372643875,334.3870257976816,337.5066223144531,5624100.0,0.65,0.27999999999999997,0.98,0.76,5.81,16.600000381469727,-3.5999999999999996,1
2022-01-04,450.9072851460478,451.6223929028808,447.48232558918886,449.3359375,71178700.0,-0.03,0.32,0.9199999999999999,0.13999999999999999,4.45,391.30158862899646,391.34050919275626,382.59499023423507,385.6885070800781,58027200.0,-1.3,0.13999999999999999,2.2399999999999998,-1.28,2.79,339.0386359858275,340.7645591092334,338.91864720546147,339.5278015136719,5462200.0,0.6,0.44999999999999996,0.5499999999999999,1.0699999999999998,4.46,16.90999984741211,1.87,-1
2022-01-05,448.96903355258615,449.74059423041956,440.6136660037969,440.707763671875,104538900.0,-1.92,-0.08,2.03,-1.91,0.37,384.00549782002093,385.12424866501397,373.5867520579978,373.8396911621094,75739800.0,-3.0700000000000003,-0.44,2.9899999999999998,-4.3,-3.2800000000000002,339.3801588708691,341.03225807533147,335.9375508550783,336.0390625,7638000.0,-1.03,-0.04,1.5,-0.21,1.96,19.729999542236328,16.68,-1
2022-01-06,440.24669721539595,443.0035835732876,437.93201531445186,440.2937316894531,86858900.0,-0.09,-0.1,1.15,-1.73,0.01,372.02056019679407,376.8164876394273,369.79282568546137,373.5770263671875,70814300.0,-0.06999999999999999,-0.49,1.8800000000000001,-4.08,-3.7800000000000002,336.0574276622869,336.55583168805646,334.0730782969584,334.469970703125,7019800.0,-0.47000000000000003,0.01,0.74,-0.45999999999999996,1.4200000000000002,19.610000610351562,-0.61,-1
2022-01-07,440.30304168905667,441.4791903967264,437.19799187206786,438.55291748046875,85111600.0,-0.4,0.0,0.97,-1.87,0.3,373.58679716364645,375.26976272752074,367.75969700528685,369.5301818847656,72652300.0,-1.08,0.0,2.01,-4.52,-3.4000000000000004,334.0085534603996,335.8359882761667,333.307097901647,334.39617919921875,5806300.0,-0.02,-0.13999999999999999,0.76,-0.27999999999999997,1.3599999999999999,18.760000228881836,-4.33,-1
2022-01-10,435.36328278709937,438.2236562011222,429.62367048499374,438.00726318359375,119362000.0,-0.12,-0.73,1.96,-2.55,-0.76,364.6272827725465,370.2890228474581,359.2671102907393,369.7734069824219,91770500.0,0.06999999999999999,-1.3299999999999998,2.98,-5.37,-4.38,333.2515905079211,333.39002821683056,328.9783015059043,332.9931640625,8091800.0,-0.42,-0.33999999999999997,1.32,-1.34,0.33999999999999997,19.399999618530273,3.4099999999999997,-1
2022-01-11,437.7438209696161,442.0908627934465,434.751676287286,441.99676513671875,74303100.0,0.91,-0.06,1.68,-1.63,1.04,369.0437150608484,375.49342437997234,366.9619254037455,375.32806396484375,68295700.0,1.5,-0.2,2.31,-2.69,-1.52,332.90095496251337,334.8022418011684,330.14132592479496,334.6084289550781,7310900.0,0.49,-0.03,1.4000000000000001,-1.4500000000000002,1.73,18.40999984741211,-5.1,1
2022-01-12,443.72804221308974,445.2429369205549,441.2346123000405,443.19171142578125,67605400.0,0.27,0.38999999999999996,0.91,0.5599999999999999,2.01,377.89626785911645,379.5889707439038,374.54010446184316,376.81646728515625,54576400.0,0.4,0.6799999999999999,1.35,0.8,-0.09,335.7067513814482,336.4727923663808,333.80546452757017,334.9868469238281,4493200.0,0.11,0.33,0.8,-0.31,2.09,17.6200008392334,-4.29,1
2022-01-13,444.2926807857127,444.9419173914351,436.0596370177914,437.0852355957031,91173100.0,-1.38,0.25,2.0,-0.73,-0.9400000000000001,378.19778366956683,378.87875975497025,366.45603763408764,367.3899230957031,77994000.0,-2.5,0.37,3.3000000000000003,-1.66,-4.760000000000001,336.1496900730469,336.9988217164716,332.67939576875693,333.3716125488281,6418100.0,-0.48,0.35000000000000003,1.29,-0.33,0.5700000000000001,20.309999465942383,15.27,-1
2022-01-14,433.9424425259686,437.6120209390258,432.7286489573756,437.2638854980469,95890900.0,0.04,-0.72,1.1199999999999999,-0.29,-0.02,364.8704215155353,370.0068369648737,364.66611084234313,369.67608642578125,80121200.0,0.62,-0.69,1.4500000000000002,0.04,-1.6400000000000001,330.6120884263888,332.07958520872313,328.94154018047703,331.470458984375,8575400.0,-0.5700000000000001,-0.83,0.9400000000000001,-0.8699999999999999,0.1,19.190000534057617,-5.510000000000001,1
2022-01-18,432.5781593461344,432.7851627070061,428.4098944174529,429.5201721191406,109709100.0,-1.77,-1.0699999999999998,1.0,-1.94,-0.73,363.8684414821431,365.98915188546283,359.71453998380207,360.47332763671875,75450900.0,-2.4899999999999998,-1.5699999999999998,1.7000000000000002,-2.52,-3.61,327.95390836906955,327.9815959194832,325.45270576043777,326.58795166015625,8166100.0,-1.47,-1.06,0.76,-1.92,0.06,22.790000915527344,18.759999999999998,-1
2022-01-19,431.0632487949444,432.455790611051,424.7873060995941,425.0601806640625,109357600.0,-1.04,0.36,1.79,-3.83,-0.7100000000000001,362.02986377818786,364.50080012803306,356.25139189864086,356.5140686035156,81791500.0,-1.0999999999999999,0.43,2.29,-5.01,-3.73,327.5663125431047,328.1569897279363,323.228408140076,323.3576354980469,7386500.0,-0.9900000000000001,0.3,1.51,-3.36,0.31,23.850000381469727,4.65,-1
2022-01-20,426.94202425230395,431.6372011815895,418.2385229314581,420.3555908203125,122379700.0,-1.11,0.44,3.15,-5.1499999999999995,-3.52,359.73397518513565,363.70301100121503,351.34839137289583,351.8834228515625,88610700.0,-1.3,0.8999999999999999,3.47,-6.619999999999999,-7.06,324.4005408767384,327.6954719419268,320.0903245500478,320.57025146484375,8968700.0,-0.86,0.32,2.35,-4.3,-2.1399999999999997,25.59000015258789,7.3,-1
2022-01-21,419.2358828982697,421.58818048554997,412.0755028255823,412.1037292480469,202271200.0,-1.96,-0.27,2.26,-5.72,-6.35,349.6946206883517,352.33091698772046,341.84406809533505,342.1261901855469,143388900.0,-2.77,-0.62,2.98,-6.88,-10.73,320.5869475536182,322.2125667428183,316.01493586497463,316.2088928222656,16301600.0,-1.3599999999999999,0.01,1.9300000000000002,-5.1499999999999995,-4.14,28.850000381469727,12.740000000000002,-1
2022-01-24,406.5053054589265,414.36198622480896,395.90115681307793,413.8538818359375,251783900.0,0.42,-1.3599999999999999,4.4799999999999995,-5.35,-6.54,336.5034508180747,344.35400525124277,325.06323854930025,343.6924743652344,198685800.0,0.45999999999999996,-1.6400000000000001,5.64,-7.03,-10.99,312.58811419511164,317.8436387390864,306.04874209734544,317.55731201171875,29707000.0,0.43,-1.15,3.73,-4.2,-4.26,29.899999618530273,3.64,1
2022-01-25,407.47441758472695,413.7409421509055,401.9135823339121,408.8011169433594,167997300.0,-1.22,-1.54,2.86,-4.82,-8.97,337.24279444579196,341.484215932367,332.38847051367037,335.7251892089844,124398400.0,-2.32,-1.8800000000000001,2.65,-6.87,-14.469999999999999,314.27849142174836,319.3862314559612,309.73415957708585,316.7723083496094,18657900.0,-0.25,-1.03,3.04,-3.01,-5.43,31.15999984741211,4.21,-1
2022-01-26,414.6818862839636,417.80574473347866,403.5225703047687,407.7755432128906,186391100.0,-0.25,1.44,3.49,-4.07,-9.120000000000001,343.31296648389116,347.1750074628406,331.5128250411181,335.19976806640625,146559500.0,-0.16,2.26,4.67,-5.9799999999999995,-14.2,319.6170758007199,321.4274061729235,312.68051557285156,315.38677978515625,19047300.0,-0.44,0.8999999999999999,2.76,-2.4699999999999998,-6.12,31.959999084472656,2.5700000000000003,-1
2022-01-27,412.3672646800451,415.50051303405485,404.07776868651825,405.7619934082031,149878300.0,-0.49,1.13,2.8000000000000003,-3.47,-9.68,339.89853003289744,341.7176731428113,330.8027847956347,331.8242492675781,95255700.0,-1.01,1.4000000000000001,3.26,-5.7,-15.049999999999999,318.1021718818363,321.08554449554777,313.93656729597524,315.46978759765625,12854100.0,0.03,0.86,2.27,-1.59,-6.3100000000000005,30.489999771118164,-4.6,-1
2022-01-28,407.1168944257264,415.88626787051186,402.54404110046244,415.8392333984375,164457400.0,2.48,0.33,3.29,0.91,-7.180000000000001,333.7017452516599,342.447264423983,328.7599022902496,342.2332458496094,108167900.0,3.1399999999999997,0.5700000000000001,4.12,0.03,-12.13,315.75631656565264,320.6700999529365,312.09870125802587,320.6054382324219,12008900.0,1.63,0.09,2.7199999999999998,1.39,-4.590000000000001,27.65999984741211,-9.28,1
2022-01-31,415.17113717300543,423.677053931945,413.82562974282484,423.32891845703125,152251400.0,1.7999999999999998,-0.16,2.37,2.29,-5.27,343.5951296676344,353.76093569684656,341.9607928414267,353.17724609375,94326400.0,3.2,0.4,3.45,2.76,-8.75,319.3768353639805,324.5307438003131,318.39777738794845,324.2721252441406,8379100.0,1.1400000000000001,-0.38,1.91,2.11,-3.3000000000000003,24.829999923706055,-10.23,1
2022-02-01,424.05336552481776,426.82908804425705,420.53433767425685,426.18927001953125,123155400.0,0.6799999999999999,0.16999999999999998,1.49,4.25,-5.18,354.51972302915703,356.2318712803387,349.37360008983933,355.580078125,74433000.0,0.6799999999999999,0.38,1.94,5.91,-9.0,324.80800690483863,327.2186994239298,322.9791852719501,326.9139099121094,7636000.0,0.8099999999999999,0.16999999999999998,1.31,3.2,-3.1399999999999997,21.959999084472656,-11.559999999999999,1
2022-02-02,428.5886396673794,431.05384305532795,426.2833764423959,430.329345703125,117361000.0,0.97,0.5599999999999999,1.1199999999999999,5.53,-4.2299999999999995,359.7048738939835,360.0356244798105,354.3836221433139,358.4693908691406,78777100.0,0.8099999999999999,1.16,1.59,6.94,-7.06,326.5905496960192,329.4261372125543,325.82393928937887,328.84423828125,8856400.0,0.59,-0.1,1.0999999999999999,4.2700000000000005,-3.15,22.09000015258789,0.59,1
2022-02-03,424.30745056905977,426.2080966836343,419.3770152968473,420.2144470214844,118024400.0,-2.35,-1.4000000000000001,1.59,3.56,-4.65,348.78019330152955,352.08772832642944,342.875252752368,343.93560791015625,95384800.0,-4.05,-2.7,2.5700000000000003,3.65,-8.0,327.7267449621774,328.0961962191348,323.81048271392166,324.1799621582031,9339900.0,-1.4200000000000002,-0.33999999999999997,1.3,2.76,-3.53,24.350000381469727,10.23,-1
2022-02-04,419.9792943228935,426.0293979401201,417.60815954090174,422.1904602050781,118454400.0,0.47000000000000003,-0.06,2.0,1.53,-4.109999999999999,344.4512021440884,351.5721505685939,342.3985953365478,348.27435302734375,86318300.0,1.26,0.15,2.67,1.77,-6.77,323.64422565563456,326.27661159899344,321.2612411495631,324.0783386230469,8532300.0,-0.03,-0.16999999999999998,1.55,1.08,-3.11,23.219999313354492,-4.64,1
2022-02-07,422.95257835164983,424.3451203230606,419.5088108002381,420.83551025390625,84472900.0,-0.32,0.18,1.15,-0.59,-4.04,348.86774024734893,351.2316520904139,344.2177279914136,345.47265625,58198100.0,-0.8,0.16999999999999998,2.01,-2.18,-6.510000000000001,324.43857443979596,326.1934890161265,323.11774464599466,324.1060485839844,4746200.0,0.01,0.11,0.95,-0.05,-3.08,22.860000610351562,-1.55,-1
2022-02-08,420.3368340105605,425.2202068332441,418.9160368655322,424.298095703125,81012000.0,0.8200000000000001,-0.12,1.5,-0.44,-3.1300000000000003,344.3345030373818,350.4437252968105,343.206044188482,349.35418701171875,64720900.0,1.1199999999999999,-0.33,2.1,-1.7500000000000002,-5.52,324.7525383149165,328.21619587333646,324.0043905372832,327.4680480957031,4568400.0,1.04,0.2,1.3,0.16999999999999998,-1.66,21.440000534057617,-6.21,1
2022-02-09,428.32514818742595,430.82799617234946,428.1275632375704,430.5080871582031,92589900.0,1.46,0.95,0.64,0.04,-2.6,353.8679667596408,356.8350135761256,352.2725504590075,356.7572021484375,55766400.0,2.12,1.29,1.31,-0.48,-4.95,330.0634975984325,330.7562291472522,329.4261823185328,330.35906982421875,4781700.0,0.88,0.79,0.41000000000000003,0.45999999999999996,-1.27,19.959999084472656,-6.9,1
2022-02-10,424.67438876665915,430.6680383540824,420.778998939607,422.77374267578125,140103700.0,-1.7999999999999998,-1.3599999999999999,2.3,0.61,-4.61,349.7432469581747,356.52370682890097,346.84430370922803,348.6828918457031,112468500.0,-2.26,-1.97,2.71,1.38,-7.470000000000001,327.6897368740477,330.7192817768978,324.22607906496665,325.6300048828125,10298500.0,-1.43,-0.8099999999999999,1.97,0.44999999999999996,-2.79,23.90999984741211,19.79,-1
2022-02-11,422.85849404433793,424.92849902096657,413.0070690365457,414.437255859375,153214600.0,-1.97,0.02,2.82,-1.8399999999999999,-5.18,348.6829650660236,350.2783816942469,336.3964163917307,337.6221618652344,101569100.0,-3.17,0.0,3.9800000000000004,-3.06,-8.1,325.5467573858282,327.35711547773246,319.79248742796517,320.77154541015625,8211500.0,-1.49,-0.03,2.32,-1.02,-3.7800000000000002,27.360000610351562,14.430000000000001,-1
2022-02-14,413.92909493615394,415.5098319487012,409.6196698794952,413.0822448730469,123006300.0,-0.33,-0.12,1.4200000000000002,-1.8399999999999999,-5.53,337.06753824749495,341.43545733374987,334.53826642159675,338.04034423828125,80254400.0,0.12,-0.16,2.04,-2.15,-8.559999999999999,320.2452177847308,321.01182839172725,316.9940074584893,319.4786071777344,7315100.0,-0.4,-0.16,1.25,-1.43,-3.62,28.329999923706055,3.55,-1
2022-02-15,417.5140448697904,419.9133771021189,416.99652213320917,419.7440185546875,88482700.0,1.6099999999999999,1.0699999999999998,0.7100000000000001,-1.0699999999999998,-2.2800000000000002,343.3130280418822,346.6789290679671,342.2526728821173,346.4454650878906,55128800.0,2.4899999999999998,1.5599999999999998,1.31,-0.83,-3.8899999999999997,322.2864904057918,323.97677154426765,321.7507902917817,323.4779968261719,4932200.0,1.25,0.88,0.7000000000000001,-1.22,-0.95,25.700000762939453,-9.28,1
2022-02-16,417.7021805621434,421.58818077331404,415.82976087005267,420.2144470214844,84863600.0,0.11,-0.49,1.37,-2.39,-1.1400000000000001,344.1982793145098,347.379344739258,341.1728367486853,346.35791015625,58947100.0,-0.03,-0.65,1.79,-2.91,-2.85,322.1294529440809,323.9397837088486,320.23596957898525,322.969970703125,4496500.0,-0.16,-0.42,1.1400000000000001,-2.2399999999999998,-0.12,24.290000915527344,-5.489999999999999,1
2022-02-17,417.034070383392,420.18615439880324,410.6358334354908,411.2380065917969,102259100.0,-2.1399999999999997,-0.76,2.27,-2.73,-2.17,343.14761274914025,343.84803432565775,335.63754850169113,336.0558776855469,61801400.0,-2.97,-0.9299999999999999,2.37,-3.62,-4.5,320.90094399241565,321.1595626335441,316.679893146749,317.4372863769531,4433500.0,-1.71,-0.64,1.39,-2.52,-0.98,28.110000610351562,15.73,-1
2022-02-18,411.49211293034836,412.74355133918664,406.30766852315804,408.5752868652344,132642900.0,-0.65,0.06,1.5699999999999998,-1.41,-0.86,336.9898283493977,337.37894492539755,329.9175373534109,332.22308349609375,80001500.0,-1.1400000000000001,0.27999999999999997,2.22,-1.6,-2.8899999999999997,317.1958588276142,318.3984264328794,314.20800100603935,315.4197998046875,6193700.0,-0.64,-0.08,1.32,-1.67,-0.25,27.75,-1.28,-1
2022-02-22,406.37358261467153,409.7702869392554,400.6998126141375,404.1906433105469,124391800.0,-1.0699999999999998,-0.54,2.22,-2.15,-2.33,329.2851761441837,334.6842686128457,325.2577737302446,328.8863220214844,85967100.0,-1.0,-0.88,2.8400000000000003,-2.71,-4.31,313.39396441686097,314.7537728487342,308.5744909981424,310.8223571777344,7942700.0,-1.46,-0.64,1.96,-2.71,-2.12,28.809999465942383,3.82,-1
2022-02-23,407.0981107701267,407.66266804171244,396.4563167518518,397.0208740234375,132578000.0,-1.77,0.72,2.77,-5.41,-2.88,332.038210028671,332.8748090871975,320.1505174094211,320.4618225097656,86215400.0,-2.56,0.96,3.8699999999999997,-7.5,-4.55,312.81109383228227,312.90360334935065,306.021313082591,306.6688232421875,5732600.0,-1.34,0.64,2.21,-5.2,-3.19,31.020000457763672,7.670000000000001,-1
2022-02-24,386.73658449661104,403.42850999389174,386.3790593344902,402.99566650390625,213942900.0,1.5,-2.59,4.29,-4.1000000000000005,-1.17,310.1695256086582,331.76583514902126,309.6053110745808,331.23077392578125,130614100.0,3.36,-3.2099999999999995,6.92,-4.37,-1.18,298.6211281901377,307.79750022733487,298.5008685906863,307.427490234375,14167100.0,0.25,-2.62,3.0300000000000002,-4.81,-2.52,30.31999969482422,-2.26,1
2022-02-25,404.2282639234101,411.97203889724267,402.5816554040874,411.8873596191406,121804500.0,2.21,0.31,2.33,0.16,1.51,332.0284500570756,336.571467640058,328.2150667421436,336.3671569824219,78842100.0,1.55,0.24,2.52,0.09,1.37,308.6670345907629,315.4568180756994,308.09351487581563,315.0128173828125,9496300.0,2.4699999999999998,0.4,2.4,-0.76,-0.13999999999999999,27.59000015258789,-9.0,1
2022-02-28,406.5052626502716,412.3107459178309,405.25385292778066,410.83349609375,145615000.0,-0.26,-1.31,1.71,0.5499999999999999,-1.2,333.1958841481367,339.0619047530669,332.0382423149123,337.36920166015625,77515500.0,0.3,-0.9400000000000001,2.09,1.55,-1.4200000000000002,310.76684263941564,314.3467388141393,309.69379408330565,313.9027099609375,8217300.0,-0.35000000000000003,-1.35,1.48,-0.48,-2.09,30.149999618530273,9.28,-1
2022-03-01,409.3374644946176,411.3416268267393,401.8759540045587,404.576416015625,137785900.0,-1.52,-0.36,2.3,0.1,-4.43,336.34774671347776,338.61437211753906,329.6840182452462,332.2035827636719,67407000.0,-1.53,-0.3,2.65,1.01,-5.94,311.9879014771235,313.60671976920355,306.49316741589575,308.1860046386719,8532900.0,-1.82,-0.61,2.27,-0.8500000000000001,-4.96,33.31999969482422,10.51,-1
2022-03-02,406.82521187285215,413.7409734291532,406.07248803205465,412.01910400390625,117726500.0,1.8399999999999999,0.5599999999999999,1.9,3.7800000000000002,-3.32,333.750339065548,339.11051074418504,330.98757301152676,337.77777099609375,70609000.0,1.68,0.47000000000000003,2.45,5.4,-5.01,310.1377904452658,314.9295135349761,309.60128028955654,313.58819580078125,6836200.0,1.7500000000000002,0.63,1.73,2.26,-4.08,30.739999771118164,-7.739999999999999,1
2022-03-03,414.4465875237106,415.04876074406366,408.1706452434173,409.9678039550781,105501700.0,-0.5,0.59,1.67,1.73,-4.73,340.4141055397929,340.52112967168375,331.0946341359725,332.95269775390625,71089400.0,-1.43,0.7799999999999999,2.79,0.52,-7.12,315.17006625820966,316.4466247427295,311.44215978600107,312.7834777832031,7790700.0,-0.26,0.5,1.6,1.7399999999999998,-4.88,30.479999542236328,-0.8500000000000001,-1
2022-03-04,406.2418557535522,407.7661402300269,402.60050312317946,406.6370544433594,113978200.0,-0.8099999999999999,-0.91,1.26,-1.27,-3.2300000000000004,330.5984076269794,332.0284337216448,325.81221844037054,328.1274719238281,76936300.0,-1.4500000000000002,-0.7100000000000001,1.87,-2.45,-4.6,309.5273373012742,311.6179348197368,307.85301869346364,311.2479248046875,6025000.0,-0.49,-1.04,1.2,-1.2,-3.9899999999999998,31.979999542236328,4.92,-1
2022-03-07,406.05359214668294,406.7592814126414,394.5837869801388,394.649658203125,137896600.0,-2.9499999999999997,-0.13999999999999999,2.9899999999999998,-3.94,-6.52,328.1177901966875,329.2754318745046,315.82150637733827,316.0257873535156,89933800.0,-3.6900000000000004,-0.0,4.1000000000000005,-6.329999999999999,-9.26,310.07311853924404,310.1933499094431,303.72733561469164,303.84759521484375,6590800.0,-2.3800000000000003,-0.38,2.08,-3.2,-6.239999999999999,36.45000076293945,13.98,-1
2022-03-08,394.82845492231417,401.9700272063481,390.5943191141427,391.6575622558594,164772700.0,-0.76,0.05,2.88,-3.19,-6.93,315.23783128014855,324.14873946634606,311.23961212376486,314.556884765625,116153900.0,-0.45999999999999996,-0.25,4.08,-5.3100000000000005,-8.95,303.86598561955657,309.33296830149686,301.6181481163568,302.05291748046875,8209800.0,-0.59,0.01,2.54,-1.9900000000000002,-6.800000000000001,35.130001068115234,-3.62,-1
2022-03-09,400.02232727972273,404.13413881650297,397.8393882545467,402.158203125,116990800.0,2.68,2.1399999999999997,1.6099999999999999,-2.39,-5.220000000000001,322.72848819963866,327.23258609319413,320.14081989375154,325.88037109375,64723400.0,3.5999999999999996,2.6,2.25,-3.52,-6.72,308.1488577496152,309.9249443048883,306.715059193749,308.4078674316406,4669200.0,2.1,2.02,1.06,-1.6500000000000001,-5.82,32.45000076293945,-7.630000000000001,1
2022-03-10,397.5571741386675,401.23617169428314,395.6000748169369,400.3423156738281,93972700.0,-0.44999999999999996,-1.1400000000000001,1.4000000000000001,-2.35,-7.01,321.82366871312394,323.46771312938097,317.8254208557031,322.26141357421875,69362700.0,-1.11,-1.24,1.73,-3.2099999999999995,-9.67,304.6336105676657,307.8989945392443,304.04157252310875,307.2144470214844,3317400.0,-0.38999999999999996,-1.22,1.25,-1.78,-7.01,30.229999542236328,-6.84,-1
2022-03-11,402.8262482347944,403.43783985789673,394.7437572588801,395.2518615722656,95636300.0,-1.27,0.62,2.17,-2.8000000000000003,-6.510000000000001,325.2285581449521,325.5398632369939,315.0919050320362,315.57830810546875,66228400.0,-2.07,0.9199999999999999,3.2399999999999998,-3.82,-9.49,309.0555162458133,310.5633342384437,304.97609112297494,305.2813415527344,6923400.0,-0.63,0.6,1.82,-1.92,-6.25,30.75,1.72,-1
2022-03-14,396.02350128864606,399.46724033893065,391.2248075600843,392.3633117675781,95729200.0,-0.73,0.2,2.09,-0.58,-5.33,314.34296464229885,317.70886677206465,308.8174309256168,309.5178527832031,79802600.0,-1.92,-0.38999999999999996,2.82,-2.06,-8.32,306.8816648273709,309.51803142214123,304.14355750074196,305.3276062011719,5640600.0,0.02,0.52,1.76,0.49,-4.81,31.770000457763672,3.32,-1
2022-03-15,394.96955062340055,401.6218547157255,393.6993329697204,400.991455078125,106219100.0,2.1999999999999997,0.66,2.02,2.3800000000000003,-2.93,312.15411816717324,320.00467283421807,310.5489935663855,319.2264099121094,76471000.0,3.1399999999999997,0.8500000000000001,3.05,1.48,-5.57,307.11300572226145,311.5994513614843,306.28970730714553,310.9889221191406,6648500.0,1.8499999999999999,0.58,1.7399999999999998,2.96,-2.6599999999999997,29.829999923706055,-6.11,1
2022-03-16,404.49170046381727,409.939601038674,399.7023972745846,409.8831481933594,144954800.0,2.22,0.8699999999999999,2.55,1.92,-2.35,323.1370646980165,331.1821616873152,319.4695661402415,331.0654296875,105243000.0,3.71,1.23,3.6700000000000004,1.59,-4.44,313.7640430841519,315.82689062728747,309.4626165244773,315.7713623046875,9577100.0,1.54,0.89,2.0500000000000003,2.39,-2.3800000000000003,26.670000076293945,-10.59,1
2022-03-17,407.9731146505722,415.0111999511719,407.5967527483876,415.0111999511719,102676900.0,1.25,-0.47000000000000003,1.81,3.66,-1.24,329.16842359825154,335.13173025381406,327.8746044366326,335.0733642578125,67810000.0,1.21,-0.5700000000000001,2.19,3.9800000000000004,-3.26,314.4578945004746,319.6843614413144,314.15261569104905,319.55487060546875,6032900.0,1.2,-0.42,1.7500000000000002,4.02,-1.06,25.670000076293945,-3.75,1
2022-03-18,413.40280107875645,419.87754345248976,412.666605461863,419.556640625,106345500.0,1.0999999999999999,-0.38999999999999996,1.7399999999999998,6.15,2.02,333.41958640270553,342.2235002966636,332.2619446534584,341.931640625,85446300.0,2.0500000000000003,-0.49,2.97,8.35,1.7500000000000002,318.57381355882853,322.1153836606615,317.67451493701606,321.88360595703125,5903900.0,0.73,-0.31,1.39,5.4399999999999995,1.4000000000000001,23.8700008392334,-7.01,1
2022-03-21,419.3868421211315,421.3877829881189,415.9323761926658,419.4340515136719,88349800.0,-0.03,-0.04,1.3,6.9,2.6599999999999997,341.09789357328924,343.3186324478158,336.5979479498107,340.9809875488281,73799100.0,-0.27999999999999997,-0.24,1.97,10.17,2.64,321.3458732674745,322.5696663612894,318.2771386639383,320.26116943359375,4329900.0,-0.5,-0.16999999999999998,1.3299999999999998,4.89,1.53,23.530000686645508,-1.4200000000000002,-1
2022-03-22,420.8214687288552,425.27640505720075,420.8214687288552,424.3420104980469,74650400.0,1.17,0.33,1.06,5.82,4.99,341.47778831063994,348.5491026772083,341.09794028339115,347.6822204589844,63345900.0,1.97,0.15,2.19,8.91,5.72,321.8188547780665,323.3022384468681,321.5777967975941,322.7645263671875,4430800.0,0.7799999999999999,0.49,0.54,3.7900000000000005,3.84,22.940000534057617,-2.5100000000000002,1
2022-03-23,421.8125925003268,423.303850755237,418.7922854272699,418.8772277832031,79426100.0,-1.29,-0.6,1.06,2.19,5.510000000000001,344.8089089212396,348.3640355512725,342.6271087174735,342.685546875,70615500.0,-1.44,-0.83,1.6500000000000001,3.51,6.93,320.54855572703786,321.1882644357607,318.32349548908627,318.3791198730469,4098700.0,-1.3599999999999999,-0.69,0.89,0.83,3.82,23.56999969482422,2.75,-1
2022-03-24,420.8969363393452,425.2008538879378,419.7832096061072,425.19140625,64736900.0,1.51,0.48,1.29,2.45,5.510000000000001,344.60425885721395,350.35093384476994,342.4517079987226,350.3022155761719,53555300.0,2.22,0.5599999999999999,2.31,4.54,5.76,319.38044063772657,321.76312255859375,318.40698546199144,321.76312255859375,3550000.0,1.06,0.31,1.05,0.69,4.66,21.670000076293945,-8.06,1
2022-03-25,425.8237452085359,427.54154450105966,423.24704626975023,427.267822265625,77101300.0,0.49,0.15,1.01,1.8399999999999999,3.73,350.243853940656,351.29580018977583,345.71471853730384,350.0101013183594,57584200.0,-0.08,-0.02,1.59,2.36,4.06,322.44920302628583,323.85842989126115,320.95656785746473,323.1352844238281,3206200.0,0.43,0.21,0.8999999999999999,0.38999999999999996,2.58,20.809999465942383,-3.9699999999999998,1
2022-03-28,426.6733001787727,430.3070983886719,424.7856157896072,430.3070983886719,68529800.0,0.7100000000000001,-0.13999999999999999,1.29,2.59,4.74,350.0003012291695,355.52294392941155,348.76332081543086,355.425537109375,56833900.0,1.55,-0.0,1.9300000000000002,4.24,5.35,322.4027665086052,324.01593017578125,320.205518536231,324.01593017578125,2962400.0,0.27,-0.22999999999999998,1.18,1.17,3.2199999999999998,19.6299991607666,-5.67,1
2022-03-29,434.18629362949696,436.1211874892994,431.50578514438973,435.63037109375,86581500.0,1.24,0.8999999999999999,1.0699999999999998,2.6599999999999997,7.68,359.31193039992064,362.16576976509015,356.54574828178664,361.54241943359375,68073000.0,1.72,1.09,1.58,3.9899999999999998,8.83,326.95487698676794,327.9283319465672,324.6092879461286,327.2422790527344,4711800.0,1.0,0.91,1.02,1.39,6.18,18.899999618530273,-3.7199999999999998,1
2022-03-30,434.48834654789084,435.3000658769964,430.8356815763662,432.9404602050781,79666900.0,-0.62,-0.26,1.02,3.36,5.08,359.68200152367945,361.33782852557766,356.06843686648347,357.5489196777344,68757700.0,-1.0999999999999999,-0.51,1.46,4.34,5.8500000000000005,326.4821579035199,327.70595130726497,324.896805894641,326.454345703125,3909800.0,-0.24,-0.22999999999999998,0.86,2.54,4.1000000000000005,19.329999923706055,2.2800000000000002,-1
2022-03-31,432.17589947274035,432.9970375414447,425.823831381212,426.2768859863281,121699900.0,-1.54,-0.18,1.66,0.26,3.9800000000000004,357.69504231226585,358.04570099587806,352.2795548521229,353.1172180175781,67011400.0,-1.24,0.04,1.6099999999999999,0.8,6.0600000000000005,325.48080434511974,325.94435975793596,321.4849589500984,321.5498352050781,3978900.0,-1.5,-0.3,1.37,-0.06999999999999999,2.8000000000000003,20.559999465942383,6.36,-1
2022-04-01,427.8530993439852,427.99466991123313,423.91729355560483,427.4850158691406,89048800.0,0.27999999999999997,0.37,0.96,0.05,5.13,353.3801084265365,354.1593035284398,349.26979035656285,352.445068359375,54527800.0,-0.19,0.06999999999999999,1.38,0.7000000000000001,7.41,322.77357961169076,322.95901306612507,320.07568412075636,322.643798828125,3560200.0,0.33999999999999997,0.38,0.8999999999999999,-0.15,3.66,19.6299991607666,-4.52,1
2022-04-04,427.683210068739,431.2509323439472,426.86207198374484,431.1470947265625,59601000.0,0.86,0.05,1.03,0.2,9.25,353.28270198196543,359.7111656148351,353.0197303227817,359.701416015625,45950200.0,2.06,0.24,1.9,1.2,13.819999999999999,322.3007946049485,323.8212415219987,320.8081315854875,323.7841491699219,3829900.0,0.35000000000000003,-0.11,0.9299999999999999,-0.06999999999999999,6.5600000000000005,18.56999969482422,-5.4,1
2022-04-05,429.6559040358435,432.1193186765421,424.55916124519194,425.7012023925781,74214500.0,-1.26,-0.35000000000000003,1.7500000000000002,-2.2800000000000002,8.690000000000001,358.25019063157123,358.96122778866624,350.57499618285163,351.714599609375,62738700.0,-2.22,-0.4,2.33,-2.7199999999999998,11.81,322.4676847043465,325.46223447568036,320.3167808615995,321.0955505371094,4331700.0,-0.83,-0.41000000000000003,1.59,-1.8800000000000001,6.3,21.030000686645508,13.25,-1
2022-04-06,421.793612229182,423.71902938512,418.5656595556562,421.4443664550781,106898000.0,-1.0,-0.9199999999999999,1.21,-2.6599999999999997,4.8,346.4062347899626,347.50686952486234,341.448533407247,344.078369140625,90077100.0,-2.17,-1.51,1.72,-3.7699999999999996,5.58,318.5459167538393,320.8358809891724,317.7208030605344,319.6213684082031,5431300.0,-0.45999999999999996,-0.79,0.97,-2.09,3.64,22.100000381469727,5.09,-1
2022-04-07,420.5666126114327,425.3802132507673,418.62230012164184,423.5680236816406,78097200.0,0.5,-0.21,1.6,-0.64,5.800000000000001,343.0849038199109,347.0880960702405,339.6271839292701,344.8965759277344,63777400.0,0.24,-0.29,2.17,-2.33,7.02,318.7128778286085,321.8001727171694,316.96993324549646,320.7525329589844,4599900.0,0.35000000000000003,-0.27999999999999997,1.51,-0.25,4.41,21.549999237060547,-2.4899999999999998,1
2022-04-08,422.81289480244646,425.32351793680107,420.89689672672466,422.43536376953125,79272700.0,-0.27,-0.18,1.05,-1.18,6.88,343.1627857534905,343.9127618247843,339.4420650231139,340.0751647949219,61956100.0,-1.4000000000000001,-0.5,1.3,-3.51,7.76,320.5115598566798,323.67301199828415,319.52882438664267,322.0505676269531,4535900.0,0.4,-0.08,1.29,-0.18,5.489999999999999,21.15999984741211,-1.81,-1
2022-04-11,419.16969873165914,420.0097320215141,414.7147916975716,415.21502685546875,89770500.0,-1.71,-0.77,1.25,-3.6999999999999997,5.82,335.8480054578386,336.76357619913693,331.68899816767185,332.0299072265625,66107400.0,-2.37,-1.24,1.49,-7.6899999999999995,7.2700000000000005,320.18704415671414,321.781676222274,317.7580178425529,318.18450927734375,5344400.0,-1.2,-0.58,1.25,-1.73,4.21,24.3700008392334,15.17,-1
2022-04-12,418.19752691427806,420.7175978859881,412.1286293865626,413.6765441894531,84363600.0,-0.37,0.72,2.07,-2.82,3.16,336.77331286308385,338.65314282857037,329.2539632767462,330.6273193359375,72790200.0,-0.42,1.43,2.83,-6.0,3.5700000000000003,319.30631537414735,321.47575180368233,316.1448633455102,317.27593994140625,4501400.0,-0.29,0.35000000000000003,1.68,-1.1900000000000002,2.02,24.260000228881836,-0.44999999999999996,-1
2022-04-13,413.4312476212873,419.16979621635505,413.25191527733693,418.41473388671875,74070400.0,1.15,-0.06,1.43,-0.72,2.08,330.9682456882889,338.3999391002266,330.24748854144997,337.3480224609375,61367800.0,2.03,0.1,2.4699999999999998,-1.96,1.9,316.7845434803658,320.8267336507166,316.6454824961897,320.5578918457031,3605000.0,1.03,-0.15,1.32,0.29,1.52,21.81999969482422,-10.059999999999999,1
2022-04-14,418.64110007980645,419.75485551072364,413.10075224764853,413.20458984375,97869500.0,-1.25,0.05,1.59,-2.45,-0.44,337.43560901526075,337.95183248717245,329.4195059388165,329.6337890625,73519400.0,-2.29,0.03,2.53,-4.43,-1.6199999999999999,321.55575047302955,323.42921507557884,319.2742344567904,319.31134033203125,4179600.0,-0.38999999999999996,0.31,1.3,-0.44999999999999996,-0.08,22.700000762939453,4.03,-1
2022-04-18,412.2797123367979,415.05461073103595,411.1470901663332,413.37457275390625,66002500.0,0.04,-0.22,0.95,-2.1399999999999997,-1.47,328.58188617241785,332.1759811486784,327.0624347689701,329.8870544433594,58560600.0,0.08,-0.32,1.55,-3.0,-3.52,318.92177792944875,320.9621763779781,317.7717506058166,319.1351013183594,3939000.0,-0.06,-0.12,1.0,-0.91,-0.8500000000000001,22.170000076293945,-2.33,1
2022-04-19,413.2707073837323,420.76481631207815,413.10082271070314,420.0475158691406,77821000.0,1.6099999999999999,-0.03,1.8499999999999999,1.16,0.15,329.2441815884501,337.8349460281546,328.221484275128,337.2602844238281,56515700.0,2.2399999999999998,-0.19,2.91,1.58,-1.09,319.3114189635104,324.3659989495496,319.27431307913207,323.7909851074219,4261200.0,1.46,0.06,1.6,1.76,1.0999999999999999,21.3700008392334,-3.61,1
2022-04-20,421.82193478222695,422.4354264021452,418.57511557097627,419.73602294921875,65224400.0,-0.06999999999999999,0.42,0.9199999999999999,1.46,-1.09,338.06876059500115,338.52654598737115,331.12407207271315,332.3415832519531,65500000.0,-1.46,0.24,2.19,0.52,-4.41,325.59015996165573,327.45434102946626,324.8667510597948,326.02606201171875,5677000.0,0.69,0.5599999999999999,0.8,2.76,1.01,20.31999969482422,-4.91,-1
2022-04-21,423.3509795921558,424.73842874926703,412.55342274585064,413.4595031738281,85417300.0,-1.5,0.86,2.9000000000000004,-1.18,-1.29,336.2180920752476,338.82842846347995,324.5397363520494,325.46502685546875,75801000.0,-2.07,1.17,4.3,-3.52,-5.029999999999999,328.27970821792,329.13297340863164,321.9916076565098,322.483154296875,5369600.0,-1.09,0.69,2.19,0.6,1.29,22.68000030517578,11.61,-1
2022-04-22,412.37409241070765,413.4783716367902,401.5482213990768,402.1145324707031,132471800.0,-2.74,-0.26,2.8899999999999997,-2.68,-5.43,325.6208967999029,326.83840786440084,316.51390809257975,316.9424743652344,82562100.0,-2.62,0.05,3.17,-3.85,-9.520000000000001,321.2126380661872,321.2775662798906,313.23657212778915,313.7281188964844,6855100.0,-2.71,-0.38999999999999996,2.4899999999999998,-1.7500000000000002,-2.5,28.209999084472656,24.38,-1
2022-04-25,399.87766866932645,404.61574651272133,395.3188943584106,404.44586181640625,119647700.0,0.58,-0.5599999999999999,2.31,-2.16,-5.34,315.3159264323357,321.3255449766904,314.04969696933296,321.01385498046875,101755900.0,1.28,-0.51,2.3,-2.69,-8.28,312.0401281190569,316.3341918482824,309.0259198278029,315.8519287109375,6806600.0,0.6799999999999999,-0.54,2.33,-1.03,-2.25,27.020000457763672,-4.22,1
2022-04-26,401.9162615672227,402.1144891433886,392.7043824228615,392.7326965332031,103996300.0,-2.9000000000000004,-0.63,2.33,-6.5,-8.73,318.95871630604034,319.1437803869639,308.6244657518132,308.897216796875,105819600.0,-3.7699999999999996,-0.64,3.2800000000000002,-8.41,-13.089999999999998,313.50538031141156,314.45136748651265,308.1632684908902,308.3302307128906,7619800.0,-2.3800000000000003,-0.74,1.9900000000000002,-4.77,-4.84,33.52000045776367,24.060000000000002,-1
2022-04-27,393.80869150273776,399.169736833569,391.70394193167726,393.8370056152344,122030000.0,0.27999999999999997,0.27,1.9,-6.17,-9.59,308.9945743408159,314.4879988119312,306.81280391367983,308.5270690917969,111204200.0,-0.12,0.03,2.48,-7.17,-14.66,309.6566844986533,312.5503209234502,307.0598102507217,308.86834716796875,6894400.0,0.16999999999999998,0.43,1.78,-5.26,-5.609999999999999,31.600000381469727,-5.7299999999999995,1
2022-04-28,398.57509707971343,405.51234242525084,394.14847523083597,403.78509521484375,105449100.0,2.53,1.2,2.8899999999999997,-2.34,-6.7299999999999995,313.48475162677266,321.3157910363892,309.26727669681173,319.4846496582031,99450000.0,3.55,1.6099999999999999,3.91,-1.8399999999999999,-10.65,310.9179182624964,315.83341375191065,308.36743413133985,314.6741027832031,5976600.0,1.8800000000000001,0.66,2.42,-2.42,-3.61,29.989999771118164,-5.09,1
2022-04-29,399.8021034252902,401.9540624319965,388.11733269096055,388.86297607421875,145491100.0,-3.6999999999999997,-0.9900000000000001,3.4299999999999997,-3.3000000000000003,-8.780000000000001,315.28671241202,318.72496285370096,304.47520700530265,305.1083068847656,91977900.0,-4.5,-1.31,4.46,-3.73,-13.600000000000001,313.1252928616229,314.61850030735354,305.22343842862995,305.7706298828125,6495600.0,-2.83,-0.49,2.9899999999999998,-2.54,-4.91,33.400001525878906,11.37,-1
2022-05-02,388.929072135393,392.56287045835074,382.2749671742883,391.2037353515625,158312500.0,0.6,0.02,2.65,-3.27,-8.49,304.69915807506743,310.43608414182137,301.6018172427122,310.20233154296875,115511800.0,1.67,-0.13,2.9000000000000004,-3.37,-11.99,306.38278592250447,308.22840039413046,300.92009767134346,306.7444763183594,9221700.0,0.32,0.2,2.39,-2.88,-4.93,32.34000015258789,-3.17,1
2022-05-03,391.7040109410524,395.40385671006345,390.1466480680365,392.9970703125,100028200.0,0.45999999999999996,0.13,1.34,0.06999999999999999,-8.85,310.2218488222658,312.8224657828059,307.76735698291543,310.5335388183594,78185500.0,0.11,0.01,1.63,0.53,-13.669999999999998,307.1524179971106,309.22992209017843,305.232592618263,307.21734619140625,6051000.0,0.15,0.13,1.3,-0.36,-5.12,29.25,-9.55,1
2022-05-04,393.65769528593023,405.53124638806986,390.4769516548114,404.9649353027344,144247900.0,3.05,0.16999999999999998,3.83,2.83,-4.87,311.0107952993053,321.705424266024,305.7316834384654,321.0333557128906,116083400.0,3.38,0.15,5.140000000000001,4.05,-8.72,307.7275081798278,316.4177274271132,306.2436127056775,315.8797912597656,10569700.0,2.82,0.16999999999999998,3.3099999999999996,2.27,-1.6199999999999999,25.420000076293945,-13.089999999999998,1
2022-05-05,400.7082064100307,401.1329469341785,386.44676416954945,390.57135009765625,172929100.0,-3.55,-1.05,3.63,-3.27,-7.33,316.7185093538342,316.7964169925775,301.5726520595983,304.86480712890625,154607400.0,-5.04,-1.34,4.74,-4.58,-11.4,313.31997165558965,313.7002290066147,303.1737092474906,306.2806396484375,9101200.0,-3.04,-0.8099999999999999,3.3300000000000005,-2.67,-4.17,31.200000762939453,22.74,-1
2022-05-06,388.0135688560758,391.50576802589364,382.9451403977338,388.2400817871094,151770800.0,-0.6,-0.65,2.19,-0.16,-8.34,302.86801539081404,306.9003959286479,297.1797784584828,301.2121887207031,139572800.0,-1.2,-0.65,3.19,-1.28,-12.67,303.9621251775618,306.66100515487767,301.18906173403496,305.1956481933594,10644200.0,-0.35000000000000003,-0.76,1.79,-0.19,-4.8500000000000005,30.190000534057617,-3.2399999999999998,-1
2022-05-09,382.3504193081462,383.5868500864093,374.2333719366594,375.8096008300781,155586100.0,-3.2,-1.52,2.41,-3.94,-11.04,295.5922200348363,301.3096472968291,288.03390175661394,289.4267272949219,113387300.0,-3.91,-1.87,4.41,-6.7,-14.89,301.4024323635254,302.69157195311493,298.0543262430056,299.1950988769531,7817200.0,-1.97,-1.24,1.52,-2.46,-7.1,34.75,15.1,-1
2022-05-10,381.7746896823651,383.27539519585025,372.6477525173204,376.6779479980469,132497200.0,0.22999999999999998,1.59,2.83,-4.15,-9.28,296.59546557688515,297.81297672621145,288.86183237841306,292.94293212890625,124124600.0,1.21,2.48,3.09,-5.66,-11.77,302.81197139125095,303.8414257634471,295.9117514634165,298.48077392578125,7716500.0,-0.24,1.21,2.65,-2.8400000000000003,-6.1899999999999995,32.9900016784668,-5.06,1
2022-05-11,375.71521640762944,381.34995466803645,369.9483264327751,370.6939697265625,142361000.0,-1.59,-0.26,3.0300000000000002,-8.459999999999999,-10.39,290.68319437612166,296.18633825965026,283.38787783221585,284.2547302246094,140326100.0,-2.97,-0.77,4.37,-11.459999999999999,-14.030000000000001,298.3972852163497,302.4131532581451,295.07703188540114,295.3552551269531,9374700.0,-1.05,-0.03,2.46,-6.5,-6.909999999999999,32.560001373291016,-1.3,-1
2022-05-12,367.5038552140162,373.57275401716174,363.5208397349999,370.30706787109375,125090800.0,-0.1,-0.86,2.71,-5.19,-11.5,279.9787969316437,288.0630567964477,277.5340257205706,283.5826110839844,120910900.0,-0.24,-1.5,3.6999999999999997,-6.98,-15.939999999999998,293.6303243793372,296.2549922857927,289.8556006023392,294.5948791503906,6790800.0,-0.26,-0.58,2.17,-3.82,-8.1,31.770000457763672,-2.4299999999999997,-1
2022-05-13,374.43155954951243,380.538218568786,373.39332756714504,379.16021728515625,104174400.0,2.39,1.11,1.9300000000000002,-2.34,-8.24,288.0339179888043,295.12470171225505,286.43652909796657,294.0922546386719,83684900.0,3.71,1.5699999999999998,3.06,-2.36,-10.780000000000001,297.08966179455547,299.5937848771665,295.71705568412415,298.8518371582031,4236700.0,1.4500000000000002,0.8500000000000001,1.32,-2.08,-6.41,28.8700008392334,-9.13,1
2022-05-16,377.5180173546355,381.2839385536254,375.27166828724563,377.621826171875,78622400.0,-0.41000000000000003,-0.43,1.59,0.48,-8.649999999999999,292.3487744870589,294.40394878669343,289.4072782183106,290.6832275390625,59190400.0,-1.16,-0.59,1.7000000000000002,0.43,-11.88,298.3696222476946,301.94959025408593,296.5054689267084,299.36199951171875,3692600.0,0.16999999999999998,-0.16,1.82,0.06,-6.2,27.469999313354492,-4.8500000000000005,-1
2022-05-17,383.70013247510735,385.62557844782094,379.9719446127917,385.3896179199219,83029700.0,2.06,1.6099999999999999,1.5,2.31,-8.25,296.5370143344921,298.5921587961595,292.7383559367014,298.2123107910156,62715300.0,2.59,2.01,2.01,1.7999999999999998,-11.58,303.11813145731867,303.61896182121643,299.9926329874397,303.3685607910156,3316800.0,1.34,1.25,1.21,1.6400000000000001,-6.3100000000000005,26.100000381469727,-4.99,1
2022-05-18,380.84034133335325,381.12348248197793,368.6175728842904,369.85400390625,117674500.0,-4.03,-1.18,3.25,-0.22999999999999998,-11.88,293.70262261227504,294.3941605391823,282.3164573337348,283.57293701171875,79477100.0,-4.91,-1.51,4.05,-0.24,-14.67,300.6881737949971,300.85513609313307,291.6177254739387,292.6564636230469,3659000.0,-3.53,-0.88,3.04,-0.91,-10.24,30.959999084472656,18.62,-1
2022-05-19,366.79598209392395,372.00600991179766,365.3707710345012,367.58880615234375,98510700.0,-0.61,-0.83,1.79,-0.73,-11.09,281.77102563484806,286.738476663522,280.10544911695507,282.053466796875,79920700.0,-0.54,-0.64,2.34,-0.54,-13.34,289.4753719189012,293.3984913045357,288.27895480637494,290.4584655761719,3836700.0,-0.75,-1.09,1.7500000000000002,-1.4000000000000001,-9.93,29.350000381469727,-5.2,-1
2022-05-20,371.1658795771667,374.7336013107162,359.1696553995638,367.7491760253906,131432200.0,0.04,0.97,4.2299999999999995,-3.01,-8.55,285.51123134311183,286.1638006552641,272.9270233764225,281.1768798828125,91764200.0,-0.31,1.23,4.6899999999999995,-4.390000000000001,-11.28,292.64771743768006,292.9080211367248,284.736300729144,290.4444274902344,4654000.0,-0.0,0.75,2.81,-2.81,-7.42,29.43000030517578,0.27,1
2022-05-23,370.7694822124612,375.39433157969796,368.457086332618,374.62982177734375,76414900.0,1.87,0.8200000000000001,1.8900000000000001,-0.79,-7.37,282.2190483107968,286.23195978971927,279.8229949982693,285.85211181640625,63648400.0,1.66,0.37,2.2800000000000002,-1.66,-10.95,293.14050861090715,297.1659254464688,292.6384840776213,296.41290283203125,4484600.0,2.0500000000000003,0.9299999999999999,1.5599999999999998,-0.9900000000000001,-6.15,28.479999542236328,-3.2300000000000004,1
2022-05-24,370.5146932699092,372.95924112163084,365.22917116715337,371.77001953125,91448800.0,-0.76,-1.0999999999999999,2.06,-3.53,-5.34,280.6412353589031,281.3522429494565,274.9140573272363,279.77435302734375,73491100.0,-2.13,-1.82,2.25,-6.18,-9.43,294.30251543142725,297.6306862279407,291.5600066877182,296.9241638183594,5260500.0,0.16999999999999998,-0.7100000000000001,2.0500000000000003,-2.12,-3.6999999999999997,29.450000762939453,3.4099999999999997,-1
2022-05-25,370.2786961363731,377.0177426324369,369.88229858000193,375.0545349121094,91472900.0,0.88,-0.4,1.92,1.41,-4.77,278.28405253294534,285.76446288510164,278.07951900291783,283.6898193359375,67144500.0,1.4000000000000001,-0.53,2.75,0.04,-8.05,295.6133764207869,299.85262488984995,295.1206576232724,298.6812438964844,4612800.0,0.59,-0.44,1.59,2.06,-3.3000000000000003,28.3700008392334,-3.6700000000000004,1
2022-05-26,376.28154835892093,384.18150224653084,376.07390194163645,382.54864501953125,82168300.0,2.0,0.33,2.16,4.07,-5.26,282.8910962098479,293.0987183393502,282.60862535702614,291.5500183105469,59462200.0,2.77,-0.27999999999999997,3.6999999999999997,3.37,-8.74,300.2337083109526,304.71464794845537,300.18720828837536,303.4875183105469,3270200.0,1.6099999999999999,0.52,1.52,4.49,-3.55,27.5,-3.0700000000000003,1
2022-05-27,385.0026051853853,392.0531062882977,384.8044064245167,391.9398498535156,84768700.0,2.45,0.64,1.8900000000000001,6.58,0.79,294.6766958634153,301.21228803439453,294.5598195374622,301.0661926269531,66985600.0,3.26,1.0699999999999998,2.2800000000000002,7.07,-1.32,304.0454579166817,308.7681491869956,303.83165415718656,308.7123718261719,2773100.0,1.72,0.18,1.63,6.29,0.96,25.719999313354492,-6.47,1
2022-05-31,390.3259307298854,393.0725149914447,387.00361655148845,389.7407531738281,95937000.0,-0.5599999999999999,-0.41000000000000003,1.55,4.03,-0.37,301.0369313919927,303.2381712461334,296.4201090925534,300.2674560546875,60968300.0,-0.27,-0.01,2.26,5.04,-3.2,306.9459577610202,309.15852547242275,304.61250129869404,306.9738464355469,4354000.0,-0.5599999999999999,-0.5700000000000001,1.47,3.56,0.06999999999999999,26.190000534057617,1.83,-1
2022-06-01,391.8549734040455,392.8648626531449,384.07769419751776,386.58831787109375,86585800.0,-0.8099999999999999,0.54,2.25,3.9899999999999998,-1.63,302.40051240627986,304.5238444499757,295.83570262602854,298.04669189453125,65341700.0,-0.74,0.7100000000000001,2.8899999999999997,6.529999999999999,-4.02,309.02854036279894,309.53056512313157,303.1623831661366,305.2633972167969,3721400.0,-0.5599999999999999,0.67,2.07,2.81,-0.64,25.690000534057617,-1.91,-1
2022-06-02,386.4278338799512,393.9974369297573,384.1814851394755,393.95025634765625,79609600.0,1.9,-0.04,2.54,5.04,-2.7199999999999998,296.92659010109287,306.3842072732837,295.5142654443154,306.2088928222656,59291300.0,2.74,-0.38,3.65,7.9399999999999995,-4.62,305.4398997749009,309.37237330926285,302.4742809583244,309.3630676269531,3718800.0,1.34,0.06,2.26,3.58,-2.06,24.719999313354492,-3.7800000000000002,1
2022-06-03,389.240487364167,390.7884022780611,386.51279859544996,387.4849548339844,71874300.0,-1.6400000000000001,-1.2,1.09,1.29,-0.79,300.99794802786283,302.40052312325975,296.9947859978607,298.24151611328125,60914700.0,-2.6,-1.7000000000000002,1.77,2.3,-2.17,306.6670374081121,308.3962203121795,305.6072394232159,306.1836242675781,4150900.0,-1.03,-0.8699999999999999,0.8999999999999999,0.89,-0.03,24.790000915527344,0.27999999999999997,-1
2022-06-06,391.48687393580764,393.21409252066996,387.49441098526677,388.664794921875,57508900.0,0.3,1.03,1.48,-0.84,0.11,302.6732043655573,304.23162423476253,297.67653496477914,299.2349548339844,51785000.0,0.33,1.49,2.1999999999999997,-0.61,-0.66,308.2661004249028,309.335204251607,305.42134176174875,306.2766418457031,1957600.0,0.03,0.6799999999999999,1.28,-0.79,0.35000000000000003,25.06999969482422,1.13,1
2022-06-07,385.1819749982957,392.8459684053957,384.7194727728496,392.3929138183594,59272400.0,0.96,-0.8999999999999999,2.09,0.6799999999999999,4.41,295.9136699857499,302.59538713893994,294.8227846687545,301.816162109375,44900300.0,0.86,-1.11,2.6,0.52,4.279999999999999,303.8315491414807,309.084123524131,303.8315491414807,308.80523681640625,2424000.0,0.83,-0.8,1.71,0.6,3.2099999999999995,24.020000457763672,-4.19,1
2022-06-08,390.6845741806073,392.4684496696644,387.333946070098,388.12677001953125,64350000.0,-1.09,-0.44,1.31,0.4,3.04,301.01752232992254,303.61813989455624,298.79678260959304,299.6441955566406,38342100.0,-0.72,-0.26,1.6,0.54,2.29,307.3085096903435,308.58213977521575,305.4491890710307,306.2115173339844,2032900.0,-0.84,-0.48,1.01,0.31,2.59,23.959999084472656,-0.25,-1
2022-06-09,386.35240557578845,388.61762134646665,378.89605712890625,378.89605712890625,86289800.0,-2.3800000000000003,-0.45999999999999996,2.5,-3.82,2.21,297.95903181749986,301.0174039542495,291.4526602494023,291.61822509765625,55900500.0,-2.68,-0.5599999999999999,3.19,-4.760000000000001,2.59,305.07738594491116,306.77865213686283,300.28033447265625,300.28033447265625,2591500.0,-1.94,-0.37,2.12,-2.94,1.67,26.09000015258789,8.89,-1
2022-06-10,372.70437142833873,373.55382355387263,367.862456867888,367.9096374511719,132893900.0,-2.9000000000000004,-1.63,1.5,-5.050000000000001,-0.65,286.01762060867077,287.2059122944802,280.8846059665672,281.3326416015625,85963500.0,-3.53,-1.92,2.17,-5.67,-0.79,295.92021922424095,296.34785509264606,292.2108830616484,292.2573547363281,4484700.0,-2.67,-1.4500000000000002,1.38,-4.55,-0.79,27.75,6.36,-1
2022-06-13,358.5184977773577,360.3684205912054,352.33631352731584,353.94085693359375,170004900.0,-3.8,-2.55,2.18,-8.93,-6.65,272.47890269246346,275.00158137030417,267.39457667040625,268.251708984375,94442000.0,-4.65,-3.15,2.7,-10.35,-8.790000000000001,285.8705928997044,287.8414685455413,282.76553035207627,284.08563232421875,6317200.0,-2.8000000000000003,-2.19,1.7399999999999998,-7.249999999999999,-4.9399999999999995,34.02000045776367,22.59,-1
2022-06-14,355.68689685396777,356.71568127410126,349.7784361620524,352.8742370605469,104011800.0,-0.3,0.49,1.96,-10.07,-6.550000000000001,270.44325420714733,271.41726288913327,266.2355295671153,268.7387390136719,64697500.0,0.18,0.8200000000000001,1.9300000000000002,-10.96,-7.55,285.04317374602465,285.8055021154752,280.69236969806366,282.8956604003906,3724000.0,-0.42,0.33999999999999997,1.7999999999999998,-8.39,-5.5,32.689998626708984,-3.91,-1
2022-06-15,356.1682429235863,362.3409783554577,351.22251951050276,357.9049377441406,125666800.0,1.43,0.9299999999999999,3.15,-7.79,-7.13,272.1575818938242,279.37496173778936,269.4205895185,275.44970703125,86051400.0,2.5,1.27,3.6999999999999997,-8.07,-7.630000000000001,284.84793387034716,288.8268791495113,280.99915466204953,285.61956787109375,7060900.0,0.96,0.69,2.77,-6.72,-5.8500000000000005,29.6200008392334,-9.39,1
2022-06-16,349.702968623294,350.10881384000515,343.63404163139757,346.0597229003906,134473300.0,-3.3099999999999996,-2.29,1.81,-8.67,-6.43,268.4270924842186,268.88487782771375,262.28109908553523,264.3362731933594,81910300.0,-4.03,-2.55,2.4,-9.36,-6.78,280.1718085060263,280.4414180220014,277.05743984380024,278.8052062988281,4943500.0,-2.39,-1.91,1.18,-7.1499999999999995,-4.73,32.95000076293945,11.24,-1
2022-06-17,346.4739460122469,350.1423885814665,343.30789944734585,346.8056945800781,111113900.0,0.22,0.12,1.97,-5.74,-5.65,265.10573474580815,269.98552883699915,263.4791565316729,267.5505065917969,82703400.0,1.22,0.29,2.46,-4.9,-5.140000000000001,277.9310463072848,281.0153361071961,276.17926684033847,278.3503723144531,4738000.0,-0.16,-0.31,1.73,-4.760000000000001,-4.17,31.1299991607666,-5.52,1
2022-06-21,352.5216653163301,356.91999511391333,352.4458155848116,355.5360412597656,76811900.0,2.52,1.6500000000000001,1.29,0.44999999999999996,-3.32,272.026869215321,276.6135225102179,271.9195365844866,274.3006591796875,51633700.0,2.52,1.67,1.7500000000000002,2.25,-2.45,282.4130905994025,285.57194158415473,281.98446576690486,284.472412109375,3246500.0,2.1999999999999997,1.46,1.29,0.13999999999999999,-2.06,30.190000534057617,-3.02,1
2022-06-22,351.3178358414842,358.99598772773135,350.90074904768903,354.8915100097656,90059400.0,-0.18,-1.1900000000000002,2.2800000000000002,0.5700000000000001,-5.27,271.8024054461043,278.30177743750676,271.20713224352835,273.90057373046875,67472900.0,-0.15,-0.91,2.59,1.92,-4.18,280.9687514608536,286.6993789724858,280.78237803096596,283.8387145996094,6361200.0,-0.22,-1.23,2.08,0.33,-4.24,28.950000762939453,-4.109999999999999,-1
2022-06-23,357.0243625508475,359.1002793406204,353.46966494173824,358.3703918457031,79292100.0,0.98,0.6,1.59,0.13,-3.5999999999999996,276.3793377182855,278.82880933870996,273.5492878730118,277.97979736328125,57457800.0,1.49,0.8999999999999999,1.9300000000000002,0.9199999999999999,-0.64,284.82653172721507,286.1217335519179,282.1335856978529,285.82354736328125,3582600.0,0.7000000000000001,0.35000000000000003,1.41,0.06999999999999999,-3.74,29.049999237060547,0.35000000000000003,1
2022-06-24,361.5363511048066,369.77377067490386,361.5079146879787,369.7642822265625,98050300.0,3.18,0.88,2.31,6.8500000000000005,-1.41,280.80003470957627,287.92398502775217,280.5658327618819,287.50433349609375,58422300.0,3.4299999999999997,1.01,2.65,8.76,1.34,288.1158547567432,293.6321576964822,288.0412939827286,293.5389709472656,3314800.0,2.7,0.8,1.96,5.28,-1.72,27.229999542236328,-6.2700000000000005,1
2022-06-27,370.6838633295004,370.97771602411575,367.2618882407592,368.35198974609375,66009600.0,-0.38,0.25,1.0,6.21,-3.71,288.8608509108106,289.42684893372103,284.2644585476467,285.396484375,54151500.0,-0.73,0.47000000000000003,1.7999999999999998,6.67,-2.11,293.89297989031905,294.3495863005489,292.01073321288703,292.92388916015625,1896500.0,-0.21,0.12,0.8,5.24,-3.4799999999999995,26.950000762939453,-1.03,-1
2022-06-28,369.9065216331798,372.68391795995,360.7116937770823,360.825439453125,86548900.0,-2.04,0.42,3.25,1.49,-7.9399999999999995,285.9331509640633,288.5192298202316,276.51590467871944,276.7013244628906,61609800.0,-3.05,0.19,4.21,0.88,-8.09,294.4520762834889,297.01455479544967,288.1437303294,288.2462158203125,3025900.0,-1.6,0.52,3.0300000000000002,1.3299999999999998,-6.63,28.360000610351562,5.2299999999999995,-1
2022-06-29,361.3752782573753,362.36109348225904,358.7116273894593,360.5316162109375,65676000.0,-0.08,0.15,1.01,1.59,-7.489999999999999,276.56467064445394,278.4578821751956,274.06641765612926,276.95501708984375,57302700.0,0.09,-0.05,1.59,1.1199999999999999,-7.76,289.2339762795023,290.24034755362516,287.77102695572376,288.9078369140625,2462800.0,0.22999999999999998,0.33999999999999997,0.86,1.79,-5.89,28.15999984741211,-0.7100000000000001,-1
2022-06-30,356.6451313576215,360.8349471944622,353.1567954408799,357.6025390625,112508300.0,-0.8099999999999999,-1.08,2.13,-0.21,-7.5,273.97862381270477,277.09168696089944,269.12849346614837,273.51995849609375,79313600.0,-1.24,-1.0699999999999998,2.88,-1.6,-8.23,285.8330030864571,288.69366946943626,283.5034757589391,286.8300476074219,4117800.0,-0.72,-1.06,1.7999999999999998,0.35000000000000003,-6.04,28.709999084472656,1.95,-1
2022-07-01,356.9484798436387,361.82079880218214,354.33221338787916,361.3847351074219,74839700.0,1.06,-0.18,2.09,-2.27,-8.27,272.22205305536403,275.71569439598346,270.3483481823784,275.3253479003906,56675100.0,0.66,-0.47000000000000003,1.96,-4.24,-10.09,286.4386228408653,290.08200633635914,283.9879559844722,289.65338134765625,3315000.0,0.98,-0.13999999999999999,2.12,-1.32,-6.370000000000001,26.700000762939453,-7.000000000000001,1
2022-07-05,356.30383382402914,362.08614608538556,353.4790245086268,362.0671691894531,81438000.0,0.19,-1.41,2.3800000000000003,-1.71,-6.5600000000000005,271.59754200839905,280.1560109115957,270.07516945200547,280.0389099121094,61829300.0,1.71,-1.35,3.66,-1.8800000000000001,-6.1,285.69302617679193,288.63754995691534,282.87894104365427,288.5909423828125,3767700.0,-0.37,-1.37,1.9900000000000002,-1.48,-5.75,27.540000915527344,3.15,1
2022-07-06,362.2094276989218,365.7736135029027,359.8301699411462,363.2900695800781,70426200.0,0.33999999999999997,0.04,1.6400000000000001,0.6799999999999999,-6.529999999999999,280.4194628152482,283.9326410168725,278.7019024096697,281.83447265625,63194700.0,0.64,0.13999999999999999,1.87,1.8599999999999999,-5.81,288.86124043468453,290.99509433433667,286.94171317640127,289.2432861328125,2493300.0,0.22999999999999998,0.09,1.4000000000000001,0.35000000000000003,-5.56,26.729999542236328,-2.94,1
2022-07-07,365.0626062245405,369.527297172002,363.3089500699822,368.7310485839844,64525900.0,1.5,0.49,1.71,2.27,-6.03,282.6444776054049,288.56808365550654,282.6444776054049,287.8654479980469,56620100.0,2.1399999999999997,0.29,2.1,3.94,-4.62,291.2280141141702,292.84002781672297,290.36140887875365,292.5418701171875,2267500.0,1.1400000000000001,0.69,0.86,1.26,-5.27,26.079999923706055,-2.4299999999999997,1
2022-07-08,367.10068528955685,370.29519752923926,365.5745491503481,368.42779541015625,72397800.0,-0.08,-0.44,1.28,3.0300000000000002,-5.08,285.0353208882049,289.5926984461402,284.0984834291946,288.2264709472656,59895500.0,0.13,-0.98,1.91,5.38,-3.81,292.1226380541728,293.65082116597205,290.88334240483675,292.0853576660156,2094300.0,-0.16,-0.13999999999999999,0.95,1.83,-4.61,24.639999389648438,-5.52,-1
2022-07-11,365.7546185718872,366.72148571389,363.527002730403,364.218994140625,58366900.0,-1.1400000000000001,-0.73,0.8699999999999999,0.7799999999999999,-3.8699999999999997,285.8161060220792,286.040539649993,281.19043841491765,282.0687255859375,55273900.0,-2.1399999999999997,-0.84,1.68,2.45,-3.27,290.40809314914617,292.3462466726325,289.95151505778216,290.44537353515625,2633200.0,-0.5599999999999999,-0.5700000000000001,0.8200000000000001,0.27,-3.2800000000000002,26.170000076293945,6.21,-1
2022-07-12,363.6692023712076,366.04848886653093,359.2518953418649,360.9960632324219,62219200.0,-0.88,-0.15,1.87,-0.3,-1.8800000000000001,283.3178239465647,285.2305426707223,277.74552111118555,279.3362121582031,55797100.0,-0.97,0.44,2.65,-0.25,-0.7100000000000001,289.38292491381617,292.169027844938,287.5565851902992,288.8331604003906,2806000.0,-0.5599999999999999,-0.37,1.59,0.08,-1.17,27.290000915527344,4.279999999999999,-1
2022-07-13,355.56449960571507,362.02931552702955,355.1474128412304,359.1002197265625,84224600.0,-0.53,-1.5,1.91,-1.15,1.46,273.8322492499436,281.10254575215123,273.2662215205759,278.76043701171875,73939400.0,-0.21,-1.97,2.81,-1.09,3.92,285.3110568622728,288.80534620778553,284.3046856062694,286.7646789550781,3481200.0,-0.72,-1.22,1.5599999999999998,-0.86,0.9400000000000001,26.81999969482422,-1.72,-1
2022-07-14,354.1521398256336,359.30882348190096,351.71600904471353,358.22821044921875,89704800.0,-0.24,-1.38,2.11,-2.85,1.52,276.16462427336086,280.62440871511484,273.0515607161218,279.7558898925781,63741800.0,0.36,-0.9299999999999999,2.7199999999999998,-2.82,4.1000000000000005,282.02169162213767,285.93527758166186,280.91283515779116,285.50665283203125,2893100.0,-0.44,-1.6500000000000001,1.7500000000000002,-2.4,0.9199999999999999,26.399999618530273,-1.5699999999999998,-1
2022-07-15,362.6265260152687,365.185919762693,360.72122784420594,365.0721740722656,79060400.0,1.91,1.23,1.25,-0.91,2.0,282.74207403045335,284.93780675556116,281.1318462068161,284.8304443359375,63818100.0,1.81,1.0699999999999998,1.3599999999999999,-1.18,3.4099999999999997,289.73706380932776,291.5734988463948,288.1896084805087,291.4616394042969,3027500.0,2.09,1.48,1.1900000000000002,-0.21,2.0500000000000003,24.229999542236328,-8.219999999999999,1
2022-07-18,368.1528836213448,368.825898190188,360.8349458407432,362.0577697753906,63203600.0,-0.83,0.84,2.19,-0.59,4.62,287.61173963979365,289.0170111026838,281.2490042472601,282.4200439453125,59519600.0,-0.8500000000000001,0.98,2.73,0.12,6.84,294.35135380538395,294.90134815370953,288.73019137430754,289.5877990722656,2344900.0,-0.64,0.9900000000000001,2.12,-0.3,3.8699999999999997,25.299999237060547,4.42,-1
2022-07-19,365.97267860433266,372.40905889172745,365.31864088700104,371.8403015136719,78506000.0,2.7,1.08,1.96,3.0,7.22,286.0405209277583,291.39812890521887,284.44009126466915,291.1053466796875,55172600.0,3.08,1.28,2.46,4.21,8.799999999999999,291.8438469639088,296.8124602105462,291.46164156824665,296.5421142578125,3004900.0,2.4,0.7799999999999999,1.8499999999999999,2.67,6.54,24.5,-3.16,1
2022-07-20,372.02991057920354,375.62253303614597,370.6649043931411,374.2101135253906,71843800.0,0.64,0.05,1.3299999999999998,4.21,5.25,291.52500565321566,296.90209088858387,290.74428281343535,295.7212829589844,67769400.0,1.59,0.13999999999999999,2.12,6.08,7.8100000000000005,296.6632945694712,297.7726147543835,294.9946771892115,297.12939453125,3243000.0,0.2,0.04,0.9400000000000001,3.61,4.45,23.8799991607666,-2.53,1
2022-07-21,373.6319110568227,378.0681668690259,371.233676151968,378.0207824707031,64903900.0,1.02,-0.15,1.83,5.53,6.52,296.17994578756554,300.0249201186976,293.5255477180764,299.96636962890625,55049400.0,1.44,0.16,2.1999999999999997,7.22,9.520000000000001,296.0945822770008,298.73269479497174,293.9971330439882,298.68609619140625,2159800.0,0.52,-0.35000000000000003,1.59,4.62,5.2299999999999995,23.110000610351562,-3.2199999999999998,1
2022-07-22,378.143943990978,379.3383025244326,372.29526973672574,374.5133972167969,72197300.0,-0.9299999999999999,0.03,1.8599999999999999,2.59,4.5,299.03921292663256,301.1080759178699,292.8814060911661,294.706298828125,57127700.0,-1.7500000000000002,-0.31,2.74,3.47,6.02,299.94456269043224,300.3547328043828,295.82422779973734,297.4276123046875,3264100.0,-0.42,0.42,1.52,2.0500000000000003,4.06,23.030000686645508,-0.35000000000000003,-1
2022-07-25,375.1390938870878,375.8215969964553,372.73137056679104,374.9684753417969,53631500.0,0.12,0.16999999999999998,0.83,3.5700000000000003,1.41,294.7355934056734,295.2040270459721,291.0272572099381,293.0278015136719,40582400.0,-0.5700000000000001,0.01,1.4200000000000002,3.7600000000000002,1.92,298.3692804327641,298.66759128000217,296.6726694936472,298.2667236328125,4002500.0,0.27999999999999997,0.32,0.67,3.0,1.6099999999999999,23.360000610351562,1.43,1
2022-07-26,373.328540675696,373.5370840827539,369.64114957187473,370.5321960449219,52946400.0,-1.18,-0.44,1.04,-0.35000000000000003,0.59,291.32981093233593,291.5835495722376,286.4601733164211,287.2701416015625,50074100.0,-1.96,-0.58,1.7500000000000002,-1.32,0.66,297.26921764856235,297.81921213482315,295.60057198613924,296.0107421875,2101700.0,-0.76,-0.33,0.74,-0.18,1.05,24.690000534057617,5.6899999999999995,-1
2022-07-27,373.8214115297532,381.8977018374365,373.52755888438156,380.1535339355469,82342100.0,2.6,0.89,2.26,1.59,5.36,291.82750935090854,301.09838033677926,291.26148160253575,299.41009521484375,69304400.0,4.2299999999999995,1.59,3.42,1.25,8.21,297.2599135705018,301.5107429087898,296.47686905539445,300.1777038574219,3338100.0,1.41,0.42,1.7000000000000002,1.03,4.14,23.239999771118164,-5.87,1
2022-07-28,380.95930457713075,385.61356292258694,377.4140666940386,384.9216003417969,73966600.0,1.25,0.21,2.16,1.83,6.77,299.19542972933493,302.9135349200694,295.44804929227706,302.3377685546875,55139900.0,0.98,-0.06999999999999999,2.4899999999999998,0.79,9.16,300.58777698191517,304.00893363492594,298.1267563451288,303.1792907714844,2688400.0,1.0,0.13999999999999999,1.96,1.5,4.9399999999999995,22.329999923706055,-3.92,1
2022-07-29,386.3528761831323,391.5190471453721,385.5850639824012,390.533203125,87003700.0,1.46,0.37,1.54,4.279999999999999,9.21,303.87962702583735,308.7590324776936,302.45481919119555,307.8514404296875,57501000.0,1.82,0.51,2.09,4.46,12.55,303.449709632141,306.9454593542041,302.89041243539816,306.3768310546875,3225600.0,1.05,0.09,1.34,3.01,6.81,21.329999923706055,-4.4799999999999995,1
2022-08-01,387.8411758992656,391.8793213752261,387.1302364241008,389.3768005371094,69997500.0,-0.3,-0.69,1.22,3.84,7.75,306.08506268864676,311.12061210718633,304.9920807587046,307.6659851074219,46358800.0,-0.06,-0.5700000000000001,1.9900000000000002,5.0,11.75,304.74555945674865,307.36503964540276,304.3167553462816,305.7989501953125,2745500.0,-0.19,-0.53,0.9900000000000001,2.53,5.57,22.84000015258789,7.08,-1
2022-08-02,387.81277563609865,391.4907074923848,385.632572613597,386.8079833984375,63435400.0,-0.66,-0.4,1.5,4.390000000000001,6.83,305.3727520054132,310.86693803333435,304.3187836531633,306.74871826171875,48676500.0,-0.3,-0.75,2.13,6.78,9.54,304.8013456950806,305.55642519762637,301.93948570724643,302.07000732421875,5394600.0,-1.22,-0.33,1.18,2.0500000000000003,4.67,23.93000030517578,4.77,-1
2022-08-03,388.931285023342,394.0310955881913,388.6469207989162,392.86517333984375,67820600.0,1.5699999999999998,0.5499999999999999,1.39,3.34,8.14,308.42718156480026,315.92197036204516,308.3686310866716,315.10223388671875,53735700.0,2.7199999999999998,0.5499999999999999,2.46,5.24,11.799999999999999,303.61744132803705,306.8242104415674,303.09541179313453,305.91064453125,2564600.0,1.27,0.51,1.23,1.91,5.76,21.950000762939453,-8.27,1
2022-08-04,392.78929793981433,393.4718009620609,390.9598207163616,392.5997314453125,45656600.0,-0.06999999999999999,-0.02,0.64,1.9900000000000002,6.47,315.1803029145353,316.8880947466427,313.0333526987041,316.5758056640625,38973700.0,0.47000000000000003,0.02,1.22,4.71,9.969999999999999,305.4725588614893,306.09711680477136,304.409837419873,305.1649169921875,2426400.0,-0.24,-0.13999999999999999,0.5499999999999999,0.65,4.31,21.440000534057617,-2.32,-1
2022-08-05,388.3245873478551,392.5807353471059,388.26771450946586,391.9361572265625,56814900.0,-0.16999999999999998,-1.09,1.0999999999999999,0.36,6.38,311.4915231177822,316.0195964067601,310.7108300691232,313.9897766113281,53894000.0,-0.8200000000000001,-1.6099999999999999,1.68,1.9900000000000002,8.94,303.03014721109844,305.93860556885846,302.8996256047621,305.7335205078125,2672400.0,0.19,-0.7000000000000001,1.0,-0.21,4.67,21.149999618530273,-1.35,-1
2022-08-08,393.62347746477167,395.87004150956847,390.3815808280443,391.4811706542969,53886100.0,-0.12,0.43,1.4000000000000001,0.54,7.489999999999999,314.90704761459637,318.59587666591256,311.51097095563654,312.97479248046875,43878500.0,-0.32,0.29,2.26,1.73,10.96,307.4488191232598,308.66999860667573,305.4911938194277,306.153076171875,2528800.0,0.13999999999999999,0.5599999999999999,1.04,0.12,5.41,21.290000915527344,0.66,-1
2022-08-09,390.7512903773344,391.25368644325886,388.8554517997777,389.9266052246094,44931800.0,-0.4,-0.19,0.61,0.8099999999999999,8.01,311.0816452057415,311.3353838525647,307.812466949981,309.4324035644531,39764200.0,-1.13,-0.6,1.13,0.8699999999999999,10.77,306.022552199883,306.6378074877197,305.0064578217602,305.6776428222656,1655100.0,-0.16,-0.04,0.53,1.1900000000000002,5.83,21.770000457763672,2.25,-1
2022-08-10,396.9696030117307,398.2587881715667,395.0168917661512,398.1165771484375,68665700.0,2.1,1.81,0.83,1.34,10.870000000000001,316.76123163675936,318.36169088012,314.29225373105913,318.06890869140625,51459600.0,2.79,2.37,1.32,0.9400000000000001,14.099999999999998,310.04968317605926,311.1962708118093,309.4530616025939,310.6090087890625,2934400.0,1.6099999999999999,1.43,0.5700000000000001,1.54,8.309999999999999,19.739999771118164,-9.32,1
2022-08-11,400.9603347598482,402.818277227606,397.37720132659865,398.1165771484375,59489700.0,0.0,0.7100000000000001,1.37,1.41,11.129999999999999,320.39156870404844,322.3921133408172,315.56094463561175,316.2635803222656,45897700.0,-0.5700000000000001,0.73,2.15,-0.1,13.05,313.0513374355935,313.9648750143916,310.5903163572841,311.0843811035156,2401600.0,0.15,0.79,1.09,1.94,8.959999999999999,20.200000762939453,2.33,0
2022-08-12,400.0503656332881,404.9605804756404,399.10244636975136,404.8563232421875,61694500.0,1.69,0.49,1.47,3.3000000000000003,10.9,318.31287551508046,322.61651454334356,317.25893707907943,322.4213562011719,40928400.0,1.95,0.65,1.69,2.69,13.200000000000001,312.100545033683,315.0090328969847,311.5319166954916,314.92510986328125,2606900.0,1.23,0.33,1.1199999999999999,3.01,8.05,19.530000686645508,-3.32,1
2022-08-15,402.6476112740378,407.04597006301,402.59073843868015,406.52459716796875,54048300.0,0.41000000000000003,-0.5499999999999999,1.0999999999999999,3.84,12.280000000000001,321.4747554105668,325.5246558976248,321.4552187289758,325.0269470214844,38266600.0,0.8099999999999999,-0.29,1.26,3.85,15.09,313.32161569225224,316.8080617836969,313.27501708840094,316.360595703125,1936500.0,0.45999999999999996,-0.51,1.1199999999999999,3.3300000000000005,9.25,19.950000762939453,2.15,1
2022-08-16,405.45355110579476,409.24522847882577,404.64781387838514,407.3209533691406,59289000.0,0.2,-0.26,1.13,4.46,9.54,324.05108255008014,326.35417748127685,321.2210332564173,324.2657775878906,41186900.0,-0.22999999999999998,-0.3,1.58,4.79,11.39,315.8480296110718,319.8285136063355,315.78276877955403,318.5700378417969,3897100.0,0.7000000000000001,-0.16,1.28,4.22,7.430000000000001,19.690000534057617,-1.3,1
2022-08-17,403.7282670715911,407.13129350400095,402.4296224053403,404.4297180175781,63563400.0,-0.7100000000000001,-0.88,1.15,1.59,8.08,321.1331968983646,323.436261971791,318.48853770617495,320.5671691894531,47842200.0,-1.1400000000000001,-0.97,1.53,0.79,8.4,316.640426043063,318.8683695279608,315.73619079224926,317.1344909667969,2960300.0,-0.44999999999999996,-0.61,0.98,2.1,6.7299999999999995,19.899999618530273,1.0699999999999998,-1
2022-08-18,404.628809463559,406.28766820146114,403.33965312992564,405.6051940917969,49023200.0,0.29,0.05,0.73,1.8800000000000001,7.3,320.5183981966612,322.5189425848019,318.90820030114213,321.338134765625,41937200.0,0.24,-0.02,1.13,1.6,7.12,317.1344048920103,317.8801534032997,315.98778881863285,317.4886169433594,1850900.0,0.11,-0.0,0.6,2.06,6.3,19.559999465942383,-1.71,1
2022-08-19,402.8467811218481,403.1121973862413,399.282595061536,400.1546936035156,68016900.0,-1.34,-0.6799999999999999,0.9400000000000001,-1.16,6.8500000000000005,318.3031614705781,318.9569851504218,314.31178143869266,315.0729675292969,51770600.0,-1.95,-0.9400000000000001,1.4500000000000002,-2.2800000000000002,6.909999999999999,316.0184578608146,316.30799517022854,314.0664040475427,314.794921875,2010300.0,-0.8500000000000001,-0.45999999999999996,0.7100000000000001,-0.04,5.84,20.600000381469727,5.319999999999999,-1
2022-08-22,395.3297327861423,395.5003802457015,390.9219138235221,391.82244873046875,77695600.0,-2.08,-1.21,1.1400000000000001,-3.62,4.49,310.81817780266437,311.05237977233116,305.96804680393296,306.77801513671875,51098900.0,-2.63,-1.35,1.6099999999999999,-5.609999999999999,4.6899999999999995,311.1244406113894,311.50738368014123,308.3691602436265,308.9295654296875,2684500.0,-1.8599999999999999,-1.17,1.0,-2.35,3.5700000000000003,23.799999237060547,15.53,-1
2022-08-23,391.3958251809502,393.7846000380237,390.3246718748115,390.8744812011719,49105200.0,-0.24,-0.11,0.88,-4.04,5.489999999999999,306.54376837538723,309.35431072684594,305.7728139625083,306.5242614746094,39497100.0,-0.08,-0.08,1.17,-5.47,6.7,308.5091767893302,309.57394922527453,306.94941457603795,307.38836669921875,2897200.0,-0.5,-0.13999999999999999,0.8500000000000001,-3.51,3.84,24.110000610351562,1.3,-1
2022-08-24,390.6470127203874,393.49077064865355,389.96453858867704,392.12579345703125,49177800.0,0.32,-0.06,0.8999999999999999,-3.04,3.15,306.04609597851845,309.22747829484655,305.4410543854446,307.412353515625,38057100.0,0.29,-0.16,1.24,-4.1000000000000005,2.67,307.2202246092998,309.1816278293427,306.65981961737583,308.0888366699219,2581700.0,0.22999999999999998,-0.05,0.8200000000000001,-2.85,2.64,22.81999969482422,-5.35,1
2022-08-25,393.6139571012594,397.70897496462175,392.52385581312956,397.6615905761719,50942300.0,1.41,0.38,1.32,-1.96,3.3099999999999996,309.1884071663571,312.8674981086766,308.1442369849633,312.84796142578125,38098300.0,1.77,0.58,1.54,-2.64,3.4799999999999995,308.30355748316487,311.1615905761719,307.28550255165067,311.1615905761719,2498900.0,1.0,0.06999999999999999,1.26,-1.9900000000000002,2.63,21.780000686645508,-4.5600000000000005,1
2022-08-26,397.5478603350803,398.088152311537,384.14426851779484,384.2011413574219,103087000.0,-3.38,-0.03,3.51,-3.9899999999999998,-1.6199999999999999,312.55518091065204,313.7555253212276,299.9370461056214,300.0248718261719,69047700.0,-4.1000000000000005,-0.09,4.42,-4.78,-2.54,311.47936156642726,311.6475030728495,301.51360678486867,301.6163330078125,4191000.0,-3.0700000000000003,0.1,3.26,-4.19,-1.55,25.559999465942383,17.36,-1
2022-08-29,381.25313774516417,384.70354880710715,380.3052184856568,381.6607360839844,65370800.0,-0.66,-0.77,1.1400000000000001,-2.59,-1.9800000000000002,297.2729504113789,299.81024769280765,295.96527307144606,297.0680236816406,48321900.0,-0.9900000000000001,-0.9199999999999999,1.28,-3.17,-3.44,299.3840672977678,301.9899041581624,298.6462000578798,299.9071044921875,2896900.0,-0.5700000000000001,-0.74,1.11,-2.92,-1.9300000000000002,26.209999084472656,2.54,-1
2022-08-30,382.8172261577202,383.0542059895712,375.3760536519589,377.470947265625,85652400.0,-1.0999999999999999,0.3,2.01,-3.4299999999999997,-2.41,298.7172901269578,299.3321001485455,291.2420353387103,293.7597961425781,51184500.0,-1.11,0.5599999999999999,2.7199999999999998,-4.16,-4.2299999999999995,300.83160256758043,300.90633841670393,295.6759406096838,297.0489196777344,2926300.0,-0.95,0.31,1.7399999999999998,-3.36,-1.66,26.209999084472656,0.0,-1
2022-08-31,379.1013099434974,380.34308175251573,374.4660002053889,374.59869384765625,76029700.0,-0.76,0.43,1.5599999999999998,-4.47,-4.65,296.6581011353187,297.555924896819,291.9446082866473,292.05194091796875,50044000.0,-0.58,0.9900000000000001,1.91,-5.0,-7.32,297.44127652632244,299.03843513990824,294.7700534005273,294.8167419433594,2981600.0,-0.75,0.13,1.44,-4.31,-3.63,25.8700008392334,-1.3,-1
2022-09-01,372.428046300128,376.1154375189932,369.7264703742915,375.7742004394531,78740100.0,0.31,-0.58,1.71,-5.5,-4.29,289.5634784705977,292.5496726386103,285.8844169711918,292.1788330078125,57990700.0,0.04,-0.8500000000000001,2.2800000000000002,-6.61,-7.71,293.54653074323437,296.3111595861637,292.06147586973356,296.1336975097656,3228000.0,0.44999999999999996,-0.43,1.44,-4.83,-2.96,25.559999465942383,-1.2,1
2022-09-02,379.4331695900639,380.6465052435593,370.00136015495065,371.8118896484375,99632100.0,-1.05,0.97,2.83,-3.2199999999999998,-5.13,295.04792447226936,296.42392056621236,286.440644964557,288.0508728027344,64666800.0,-1.41,0.98,3.42,-3.9899999999999998,-8.260000000000002,298.6647656598548,299.5800946826896,291.6971430676666,293.05145263671875,3826200.0,-1.04,0.8500000000000001,2.6599999999999997,-2.8400000000000003,-4.15,25.469999313354492,-0.35000000000000003,-1
2022-09-06,372.6555609471726,373.5939919026862,368.19086864195987,370.40899658203125,76637400.0,-0.38,0.22999999999999998,1.4500000000000002,-2.9499999999999997,-5.38,288.5290602332811,289.44639101078417,283.85458060513645,285.98199462890625,57005400.0,-0.72,0.16999999999999998,1.94,-3.73,-8.62,293.7893878901519,294.39651007146557,290.40831591139903,291.5945129394531,3320400.0,-0.5,0.25,1.3599999999999999,-2.77,-4.760000000000001,26.90999984741211,5.65,-1
2022-09-07,370.0960816393788,377.83110568507885,369.8780787401788,377.06329345703125,70964200.0,1.7999999999999998,-0.08,2.15,-0.11,-3.3000000000000003,286.46015834522314,292.7545738330587,286.19665137708756,291.7591857910156,49260400.0,2.02,0.16999999999999998,2.29,-0.6799999999999999,-5.71,291.0714148845178,296.02159738117314,290.89395282299785,295.45184326171875,2520200.0,1.32,-0.18,1.76,-0.54,-3.35,24.639999389648438,-8.44,1
2022-09-08,374.79784580059123,379.9829368756566,373.59396971166063,379.5279541015625,80821700.0,0.65,-0.6,1.69,1.32,-4.67,289.69032244366866,294.58923504644343,288.32409480360485,293.27178955078125,55649800.0,0.52,-0.7100000000000001,2.15,0.42,-7.8,293.9201848918872,297.3853136407006,292.9768366610822,297.2358703613281,3301100.0,0.6,-0.52,1.49,0.8200000000000001,-4.31,23.610000610351562,-4.18,1
2022-09-09,381.7649670625823,386.2865601335256,381.49955084530114,385.4239501953125,76706900.0,1.55,0.59,1.26,2.5700000000000003,-3.19,295.52602604158943,300.1809974074277,293.2717433452684,299.68328857421875,56125200.0,2.19,0.77,2.36,2.5700000000000003,-5.24,298.95416449853917,301.6254144687976,298.41245802388926,301.00897216796875,2479300.0,1.27,0.58,1.08,1.6500000000000001,-3.2399999999999998,22.790000915527344,-3.47,1
2022-09-12,387.49049096842776,390.2868647682197,387.18714981782034,389.5664367675781,69256300.0,1.0699999999999998,0.54,0.8,4.78,-3.7800000000000002,301.0593360378884,303.57709631157707,300.74704692101136,303.24530029296875,45905700.0,1.1900000000000002,0.45999999999999996,0.9400000000000001,5.27,-5.949999999999999,301.95255367363296,304.18479652827773,301.8778177895127,303.1480712890625,2486900.0,0.7100000000000001,0.31,0.77,3.45,-3.74,23.8700008392334,4.74,1
2022-09-13,380.9023296148453,382.1062054187296,371.5084765344116,372.62701416015625,122947100.0,-4.35,-2.22,2.7199999999999998,0.6,-8.34,294.5209158923819,295.7114920734445,285.7282470797957,286.6163024902344,79562200.0,-5.48,-2.88,3.29,0.22,-11.82,297.75886882393456,298.49673601246764,290.3148956781668,291.155517578125,4301200.0,-3.9600000000000004,-1.78,2.7,-0.15,-7.969999999999999,27.270000457763672,14.24,-1
2022-09-14,373.9257160615463,375.5656268148488,370.7501807174359,374.0489501953125,85023700.0,0.38,0.35000000000000003,1.29,-0.8,-8.17,287.75811085001067,289.76842392232237,285.9917680998876,288.89013671875,54907200.0,0.79,0.4,1.32,-0.98,-10.91,291.7438112468768,292.7899137014308,289.10060754893516,291.463623046875,2868800.0,0.11,0.2,1.27,-1.35,-8.51,26.15999984741211,-4.07,1
2022-09-15,372.4943332407687,375.3380909362644,368.53203779447915,369.80224609375,87633800.0,-1.1400000000000001,-0.42,1.82,-2.56,-8.559999999999999,286.97740905861184,289.37806861756616,282.4785809670192,284.07904052734375,65299400.0,-1.67,-0.66,2.39,-3.1300000000000003,-11.379999999999999,291.06208185528925,292.82732495506156,289.1006784640211,289.8758850097656,3294600.0,-0.54,-0.13999999999999999,1.28,-2.48,-8.6,26.270000457763672,0.42,-1
2022-09-16,365.6295206827052,367.63783250475103,363.6973120856197,366.9810791015625,103084800.0,-0.76,-1.13,1.0699999999999998,-4.79,-9.520000000000001,280.78056397116666,282.7323265374109,278.73120732030344,282.34197998046875,79920400.0,-0.61,-1.16,1.41,-5.79,-12.139999999999999,286.52606267498186,288.9796412673503,285.95482229730567,288.4833068847656,4071000.0,-0.48,-1.16,1.04,-4.16,-9.139999999999999,26.299999237060547,0.11,-1
2022-09-19,363.84008189633505,369.82696533203125,363.76392058262684,369.82696533203125,73278500.0,0.7799999999999999,-0.86,1.6500000000000001,-5.07,-7.580000000000001,279.7013441584104,284.6970440569441,279.6426884526191,284.5406188964844,52613800.0,0.7799999999999999,-0.9400000000000001,1.79,-6.17,-9.69,285.9735673596226,290.48741846237215,285.8986613577972,290.449951171875,2730000.0,0.6799999999999999,-0.8699999999999999,1.59,-4.19,-7.7299999999999995,25.760000228881836,-2.0500000000000003,1
2022-09-20,366.5051996914192,367.5141193905518,362.83121456949,365.5819396972656,77274900.0,-1.15,-0.8999999999999999,1.27,-1.8900000000000001,-6.7,282.0378693199994,284.5601839494864,279.9750741000764,282.27252197265625,51271100.0,-0.8,-0.88,1.6099999999999999,-1.52,-7.99,288.14628515731647,288.4272184585307,285.23380989857344,287.5188293457031,2822800.0,-1.01,-0.79,1.0999999999999999,-1.25,-6.93,27.15999984741211,5.43,-1
2022-09-21,367.504555601014,370.55036925173334,359.1952455228189,359.20477294921875,106746600.0,-1.7399999999999998,0.53,3.11,-3.9699999999999998,-8.1,283.11327668494283,287.3757802061988,277.08128628170294,277.2181396484375,82931000.0,-1.79,0.3,3.65,-4.04,-9.56,288.92343506227445,290.5622786684065,282.5553684815415,282.6396484375,5110700.0,-1.7000000000000002,0.49,2.78,-3.0300000000000002,-8.05,27.989999771118164,3.06,-1
2022-09-22,358.4337649769324,360.0708846733697,355.44508694272207,356.1875,89472600.0,-0.84,-0.21,1.29,-3.6799999999999997,-9.16,275.69307230182534,276.7000351668306,272.58420013628125,273.8062438964844,62757100.0,-1.23,-0.5499999999999999,1.48,-3.62,-10.93,282.4055595617776,283.7260028447259,280.8416503496161,281.4316101074219,3492500.0,-0.43,-0.08,1.02,-2.91,-8.649999999999999,27.350000381469727,-2.29,-1
2022-09-23,352.722940486398,352.7610211494688,345.78424282582023,350.2196960449219,122346900.0,-1.68,-0.97,1.96,-4.569999999999999,-11.93,271.34259005966226,271.6358984690643,265.93626954877664,269.3482360839844,74815200.0,-1.63,-0.8999999999999999,2.08,-4.6,-13.900000000000002,278.9030913151065,279.07165122530364,273.8273460233577,277.06756591796875,4949300.0,-1.55,-0.8999999999999999,1.8599999999999999,-3.9600000000000004,-10.96,29.920000076293945,9.4,-1
2022-09-26,348.75375668118875,352.3706339631819,345.53662453768794,346.75494384765625,92581200.0,-0.9900000000000001,-0.42,1.95,-6.239999999999999,-9.75,268.8789462776998,273.2391899171992,267.4418216694611,268.23370361328125,71176700.0,-0.41000000000000003,-0.16999999999999998,2.15,-5.7299999999999995,-10.6,275.88772775983307,277.4235440736522,272.98462653029674,274.12713623046875,4143400.0,-1.06,-0.43,1.6,-5.62,-9.11,32.2599983215332,7.82,-1
2022-09-27,350.2862710344236,352.5515910179344,343.4808127042095,345.869873046875,108294100.0,-0.26,1.02,2.62,-5.390000000000001,-9.379999999999999,271.5966969873794,273.94301432945974,266.0241671942753,268.3411865234375,69780100.0,0.04,1.25,2.9499999999999997,-4.9399999999999995,-9.67,276.0562094094833,277.6950531860867,271.11158475809816,272.7972412109375,3681000.0,-0.49,0.7000000000000001,2.4,-5.12,-9.04,32.599998474121094,1.05,-1
2022-09-28,346.821678453464,354.3600222961964,345.1274522170946,352.6753234863281,110802200.0,1.97,0.27999999999999997,2.67,-1.82,-6.569999999999999,268.32168776244924,274.9598376182292,266.84547923320525,273.67913818359375,79652100.0,1.9900000000000002,-0.01,3.02,-1.28,-6.84,273.78064860588154,279.0998620363113,272.56320427945656,277.8824462890625,3995700.0,1.8599999999999999,0.36,2.4,-1.68,-6.45,30.18000030517578,-7.42,1
2022-09-29,349.1345668445761,349.4200991606359,342.367189530678,345.30828857421875,112952300.0,-2.09,-1.0,2.0,-3.05,-7.82,269.6904276907213,270.071719733526,262.8274394357609,265.7896728515625,81216000.0,-2.88,-1.46,2.65,-2.93,-8.99,276.04683662867694,276.1217712059774,271.43936039556286,273.6494445800781,3351100.0,-1.52,-0.66,1.69,-2.77,-7.180000000000001,31.84000015258789,5.5,-1
2022-09-30,344.36596930372804,348.2779362644351,339.83535868204586,339.9685974121094,153711200.0,-1.55,-0.27,2.44,-2.93,-9.53,264.9683877032516,269.0353524973825,261.12628967839305,261.28271484375,78482400.0,-1.7000000000000002,-0.31,2.98,-2.9899999999999998,-10.57,272.712886680001,274.8199709595068,268.80777315297973,269.0512390136719,3827200.0,-1.68,-0.33999999999999997,2.1999999999999997,-2.8899999999999997,-9.15,31.6200008392334,-0.69,-1
2022-10-03,343.68074828998994,350.79079510712245,341.9008619903515,348.94427490234375,89756500.0,2.64,1.09,2.6100000000000003,0.63,-6.15,263.0522322436455,269.0060252619339,261.54666612929276,267.4124755859375,61267400.0,2.35,0.6799999999999999,2.85,-0.31,-7.16,272.10425247409916,277.5452115043892,271.0834903553859,276.0655822753906,3457600.0,2.6100000000000003,1.13,2.4,0.7100000000000001,-5.800000000000001,30.100000381469727,-4.81,1
2022-10-04,354.45516931282157,359.78532813158415,348.90611208555885,359.75677490234375,103602800.0,3.1,1.58,3.1199999999999997,4.02,-2.88,272.75037177377175,276.5240582865972,272.75037177377175,275.8201599121094,66696900.0,3.1399999999999997,2.0,1.41,2.79,-3.55,279.642961714513,283.922692620688,279.4837757302232,283.88525390625,4163800.0,2.83,1.3,1.6099999999999999,4.06,-2.64,29.06999969482422,-3.42,1
2022-10-05,355.3974984990643,361.1749817964111,353.0750722691506,358.919189453125,88065700.0,-0.22999999999999998,-1.21,2.25,1.77,-4.81,272.05623146486425,277.4625511231233,269.2602100468539,275.6734924316406,55766300.0,-0.05,-1.3599999999999999,2.97,0.73,-5.510000000000001,280.6918916584895,285.2057152931462,279.82094127026755,283.5575256347656,2746900.0,-0.12,-1.1199999999999999,1.9,2.04,-4.03,28.549999237060547,-1.79,-1
2022-10-06,357.5200770483229,360.47070383972516,354.72174385776447,355.2167053222656,82333500.0,-1.03,-0.38999999999999996,1.6,2.87,-6.41,274.67631791285686,277.8243037680566,273.18053757441095,273.503173828125,53489400.0,-0.79,-0.36,1.68,2.9000000000000004,-6.74,282.32134419803936,284.04446834747154,279.6429897304836,280.2236328125,3081700.0,-1.18,-0.44,1.55,2.4,-5.72,30.520000457763672,6.9,-1
2022-10-07,351.19048666130027,355.3023262947486,343.5474284997668,345.30828857421875,107789500.0,-2.79,-1.13,3.3099999999999996,1.5699999999999998,-10.41,268.8691557371326,268.9962530554361,261.75197442759656,263.0815734863281,71354700.0,-3.81,-1.69,2.65,0.69,-12.21,277.8823575524337,278.03219812533763,272.92835899647656,274.3611755371094,3029300.0,-2.09,-0.84,1.82,1.97,-8.85,31.360000610351562,2.75,-1
2022-10-10,346.42192984075376,346.65988314467035,340.43504562807703,342.6717834472656,76042800.0,-0.76,0.32,1.7999999999999998,-1.7999999999999998,-12.04,263.277039731882,263.66811751995755,257.7436530181784,260.4516906738281,60393000.0,-1.0,0.06999999999999999,2.25,-2.6,-14.11,275.5879898738193,276.18735221983104,271.6641270384808,273.41534423828125,3154500.0,-0.33999999999999997,0.44999999999999996,1.6500000000000001,-0.96,-9.81,32.45000076293945,3.4799999999999995,-1
2022-10-11,340.9775239932869,345.5367169870272,338.5694379532379,340.5016174316406,92482800.0,-0.63,-0.49,2.03,-5.35,-8.62,258.7799963749924,261.6444597639264,255.19206279838772,256.87359619140625,66522500.0,-1.37,-0.64,2.48,-6.87,-10.38,272.6849160295365,277.3298889299391,272.25414216300254,273.72442626953125,3849900.0,0.11,-0.27,1.8599999999999999,-3.58,-5.99,33.630001068115234,3.64,-1
2022-10-12,340.91088255478394,342.4813682302242,339.1309678057882,339.3784484863281,76991800.0,-0.33,0.12,0.98,-5.4399999999999995,-9.27,257.50902376665675,259.4251797950677,256.0914710787955,256.78558349609375,50580200.0,-0.03,0.25,1.3,-6.8500000000000005,-11.110000000000001,273.883533281956,275.8595252754112,272.8627712734481,273.60260009765625,4378700.0,-0.04,0.06,1.09,-3.51,-6.13,33.56999969482422,-0.18,-1
2022-10-13,332.3826842498608,349.8008834901985,331.3356839052994,348.3350830078125,147254500.0,2.64,-2.06,5.4399999999999995,-1.94,-5.81,249.45333399672413,264.12764394193346,248.5734536032913,262.8078308105469,112894100.0,2.35,-2.86,6.0600000000000005,-3.91,-7.489999999999999,268.9015106653292,282.56478243420446,268.41452163421206,281.4690856933594,7389600.0,2.88,-1.72,5.17,0.44,-2.9000000000000004,31.940000534057617,-4.859999999999999,1
2022-10-14,350.79069404097305,352.41831529855494,339.7591840858435,340.39691162109375,123737000.0,-2.2800000000000002,0.7000000000000001,3.63,-1.4200000000000002,-7.24,265.1345429834363,265.73088583053635,254.32190557154297,254.90846252441406,77244300.0,-3.01,0.89,4.34,-3.11,-9.719999999999999,283.3234478601705,285.0278244362239,277.3767777591348,277.9667663574219,5519400.0,-1.24,0.66,2.7199999999999998,1.31,-3.65,32.02000045776367,0.25,-1
2022-10-17,346.4695719640728,350.2482719633379,340.0638579364615,349.1441650390625,93168200.0,2.5700000000000003,1.78,2.9899999999999998,1.8900000000000001,-5.59,260.8720851805675,264.1960377721946,260.7743157265391,263.3259582519531,64576500.0,3.3000000000000003,2.34,1.34,1.0999999999999999,-7.46,281.7781416495565,283.95075862393196,280.9259394217655,282.8738098144531,3555700.0,1.77,1.37,1.09,3.46,-2.6100000000000003,31.3700008392334,-2.03,1
2022-10-18,357.0536513093477,357.35823847132036,349.81033854515664,353.24639892578125,97162900.0,1.17,2.27,2.16,3.74,-3.37,270.34536935380896,271.0101539048648,262.7295853642135,265.4083251953125,69781000.0,0.79,2.67,3.1399999999999997,3.32,-5.970000000000001,288.6800236693318,288.7923969651616,283.7915852465463,286.0672302246094,4685500.0,1.13,2.0500000000000003,1.77,4.51,-0.5,30.5,-2.77,1
2022-10-19,351.2095432352664,353.93174409065676,347.93530350478727,350.7431640625,79746900.0,-0.7100000000000001,-0.58,1.7000000000000002,3.35,-2.36,263.89298703618215,267.55911798953014,262.0746004041456,264.4404602050781,53115400.0,-0.36,-0.5700000000000001,2.07,2.98,-4.61,285.00902813099884,287.17230002125945,283.0892507912312,285.0184020996094,2939800.0,-0.37,-0.37,1.43,4.17,0.84,30.760000228881836,0.8500000000000001,-1
2022-10-20,350.29577817467606,354.71220495349155,347.0405645534775,347.8020324707031,88283100.0,-0.84,-0.13,2.19,-0.15,-2.35,263.5507981813768,268.6931672043855,261.9279505332129,263.09130859375,60605500.0,-0.51,-0.33999999999999997,2.56,0.11,-3.91,285.46778433692805,288.7829384896284,283.51054046286293,284.0443420410156,3574700.0,-0.33999999999999997,0.16,1.8499999999999999,0.91,0.9299999999999999,29.979999542236328,-2.54,-1
2022-10-21,347.5260408349085,356.7395859020458,346.02218871676973,356.2541809082031,131038400.0,2.4299999999999997,-0.08,3.08,4.66,1.72,261.986617180999,269.7979106618397,260.85255709108765,269.2602233886719,77897700.0,2.34,-0.42,3.4000000000000004,5.63,-0.03,283.9994163360445,291.60824121091724,282.9968005183003,291.3083801269531,5357200.0,2.56,-0.02,3.0300000000000002,4.8,5.140000000000001,29.690000534057617,-0.97,1
2022-10-24,357.77707959447656,361.74612439325887,355.13101099924324,360.61346435546875,85436900.0,1.22,0.43,1.8599999999999999,3.2800000000000002,4.0,269.52419104231006,273.1512084780125,265.8873877095541,272.22247314453125,63963600.0,1.0999999999999999,0.1,2.7,3.38,1.49,292.8546301383071,296.1061769595328,291.98318527809835,295.2159729003906,4331700.0,1.34,0.53,1.4200000000000002,4.36,7.6899999999999995,29.850000381469727,0.54,1
2022-10-25,360.5373287022716,366.6860338162217,360.4231157662592,366.3719482421875,78846300.0,1.6,-0.02,1.7399999999999998,3.7199999999999998,5.93,273.16100158374826,278.2349296698417,271.68476317219097,277.8536376953125,59014500.0,2.07,0.33999999999999997,2.41,4.6899999999999995,3.54,294.56001132950365,298.71111254608206,294.3351011528156,298.4393615722656,6024800.0,1.09,-0.22,1.48,4.32,9.4,28.459999084472656,-4.66,1
2022-10-26,363.23094435236135,368.9037428227225,362.97396524839513,363.6116638183594,104087300.0,-0.75,-0.86,1.6199999999999999,3.6700000000000004,3.1,272.2322567284656,277.62882147848575,271.22529378685823,271.714111328125,63492400.0,-2.21,-2.02,2.3,2.75,-0.72,297.9614305822444,301.4659679811249,297.7646306411656,298.33624267578125,4991800.0,-0.03,-0.16,1.24,4.67,7.359999999999999,27.280000686645508,-4.15,-1
2022-10-27,364.6110821532887,366.44807462100994,361.05128110498777,361.66998291015625,81971800.0,-0.53,0.27,1.48,3.9899999999999998,4.74,270.59958454005965,272.05625105959984,266.2490971046528,266.7672424316406,57760300.0,-1.82,-0.41000000000000003,2.1399999999999997,1.4000000000000001,0.37,301.3160330096839,303.48060355919915,299.7792948697996,300.2852783203125,4262200.0,0.65,1.0,1.24,5.72,9.73,27.389999389648438,0.4,-1
2022-10-28,361.5652384352448,370.7502290607999,361.3843916220893,370.2743225097656,100302000.0,2.3800000000000003,-0.03,2.59,3.94,8.91,266.14152342908994,275.3997258683495,265.9753123912375,274.9304504394531,62651300.0,3.06,-0.22999999999999998,3.53,2.11,5.220000000000001,301.5128325258552,308.18461414034147,301.22235098575186,307.89410400390625,5251400.0,2.53,0.41000000000000003,2.32,5.6899999999999995,14.44,25.75,-5.99,1
2022-10-31,367.81868945232327,369.68423516133385,366.69555686556424,367.5997619628906,96631300.0,-0.72,-0.66,0.8099999999999999,1.94,5.35,272.68201090824454,273.5032208592864,269.81751722579304,271.73370361328125,47742000.0,-1.16,-0.8200000000000001,1.34,-0.18,1.6199999999999999,306.3386980598081,308.1190774574104,305.34540426492356,306.8072204589844,5128200.0,-0.35000000000000003,-0.51,0.8999999999999999,3.93,11.14,25.8799991607666,0.5,-1
2022-11-01,371.34039469961164,371.5783479860967,364.8204688405162,365.9911804199219,85407600.0,-0.44,1.02,1.8399999999999999,-0.1,1.73,275.2041929031402,275.7614518928756,268.595372187097,268.95709228515625,45895900.0,-1.02,1.28,2.64,-3.2,-2.4899999999999998,308.63433086532075,309.06536331225414,304.352030797101,305.8606872558594,4376400.0,-0.31,0.6,1.54,2.4899999999999998,7.739999999999999,25.809999465942383,-0.27,-1
2022-11-02,365.4010542504777,369.9031408055681,356.70149735976,356.8061828613281,126990400.0,-2.5100000000000002,-0.16,3.61,-1.87,-0.59,268.9277677479085,271.9877694465551,259.6695649953625,259.7380065917969,79803100.0,-3.4299999999999997,-0.01,4.58,-4.41,-5.779999999999999,304.97048917051285,309.9274624883337,301.091139884287,301.12860107421875,7110300.0,-1.55,-0.29,2.8899999999999997,0.9400000000000001,6.2,25.860000610351562,0.19,-1
2022-11-03,353.5700280593983,356.16848838692556,351.0191758170607,353.1322021484375,87100100.0,-1.03,-0.91,1.44,-2.36,-0.59,257.1277673451375,258.58443381449473,254.28284617551688,254.6641082763672,70038900.0,-1.95,-1.0,1.66,-4.54,-6.890000000000001,299.24513855807646,301.5877495870322,297.21173960255936,299.7323913574219,4112700.0,-0.45999999999999996,-0.63,1.4500000000000002,-0.18,6.959999999999999,25.299999237060547,-2.17,-1
2022-11-04,358.8336386983156,360.6135250438023,352.170945141583,358.2149658203125,103505200.0,1.44,1.6099999999999999,2.39,-3.26,3.74,259.59143276846174,260.64726549152124,253.28567478294306,258.76043701171875,78313200.0,1.6099999999999999,1.9300000000000002,2.8899999999999997,-5.88,-1.6400000000000001,303.23695103271183,305.60770102416944,299.2357813900558,303.7336120605469,6263700.0,1.3299999999999998,1.17,2.13,-1.35,10.71,24.549999237060547,-2.96,1
2022-11-07,359.50933724612685,362.231537963315,357.4343915475703,361.64141845703125,68286900.0,0.96,0.36,1.34,-1.6199999999999999,5.54,259.8064412402324,262.14300267136156,257.67520459291535,261.60528564453125,47333800.0,1.0999999999999999,0.4,1.73,-3.73,0.44,304.67072671336433,308.2408647236244,303.74303301720386,307.7442321777344,4518300.0,1.32,0.31,1.48,0.31,12.559999999999999,24.350000381469727,-0.8099999999999999,1
2022-11-08,362.745493209243,366.5622732100706,359.5188617569453,363.5926208496094,84641100.0,0.54,0.31,1.95,-0.66,6.78,263.1206707578258,266.7476878754442,259.5816073657685,263.51171875,63213800.0,0.73,0.58,2.74,-2.02,2.58,308.7279648813772,312.5604723664013,307.62225954851186,310.8269348144531,6349000.0,1.0,0.32,1.6,1.6199999999999999,13.55,25.540000915527344,4.89,1
2022-11-09,361.622403460563,362.77411841444257,355.6069367100275,356.1018981933594,78495500.0,-2.06,-0.54,1.97,-0.2,4.93,261.77154881663506,262.55364485772475,257.1473246731768,257.43084716796875,64862100.0,-2.31,-0.66,2.0500000000000003,-0.89,0.25,308.95291182102176,310.0398867942402,304.5019507668136,304.8580322265625,4799200.0,-1.92,-0.6,1.78,1.24,11.42,26.09000015258789,2.15,-1
2022-11-10,369.351119187772,376.0043135418382,367.0572748219786,375.6711730957031,141455800.0,5.5,3.7199999999999998,2.5100000000000002,6.38,7.85,269.83696023512476,276.71948696896897,267.72526572529426,276.42620849609375,99256700.0,7.380000000000001,4.82,3.49,8.55,5.18,313.17890456331264,316.2430287135593,310.9862246306152,316.02752685546875,6002300.0,3.66,2.73,1.72,5.4399999999999995,12.280000000000001,23.530000686645508,-9.81,1
2022-11-11,376.5277606911573,380.10658743180727,374.64316019638335,379.30706787109375,93839900.0,0.97,0.22999999999999998,1.4500000000000002,5.89,11.43,276.2405222408589,282.1845592972137,274.90116716615194,281.5197448730469,66961800.0,1.8399999999999999,-0.06999999999999999,2.63,8.799999999999999,10.440000000000001,316.62735316822045,317.0677652581439,313.10408504516386,316.5242919921875,5190700.0,0.16,0.19,1.25,4.21,13.87,22.520000457763672,-4.29,1
2022-11-14,377.5462142284,380.89658611860307,375.8043798668183,376.0804138183594,71903500.0,-0.8500000000000001,-0.45999999999999996,1.34,3.9899999999999998,7.71,279.4666506715696,282.74173299667166,278.0784260572565,279.0560607910156,55290700.0,-0.88,-0.73,1.66,6.67,5.970000000000001,315.5122327733374,318.47329670463176,314.4346373613702,314.63140869140625,3303300.0,-0.6,-0.32,1.28,2.2399999999999998,11.23,23.729999542236328,5.37,-1
2022-11-15,381.8198207261606,382.9239274120566,375.4807419701021,379.2879943847656,93194500.0,0.8500000000000001,1.53,1.9800000000000002,4.32,7.37,285.6746934620761,286.70122803572764,279.57426106914244,282.91778564453125,73985400.0,1.38,2.37,2.55,7.359999999999999,6.6000000000000005,317.18028423583166,318.7076718305971,312.4294888475075,315.0438232421875,4824100.0,0.13,0.8099999999999999,2.0,1.3599999999999999,10.13,24.540000915527344,3.4099999999999997,1
2022-11-16,377.6604912310654,378.6123045593404,375.76639200285024,376.39459228515625,68508500.0,-0.76,-0.43,0.75,5.7,7.31,280.9624604558637,283.005713469215,278.23485119486327,279.0560607910156,48859800.0,-1.3599999999999999,-0.69,1.69,8.4,5.53,314.5377245586376,316.018242214054,314.4252552032061,314.91253662109375,3085500.0,-0.04,-0.16,0.51,3.3000000000000003,10.489999999999998,24.110000610351562,-1.7500000000000002,-1
2022-11-17,371.64503606870596,375.9186978031396,371.340477869537,375.2428894042969,74496300.0,-0.31,-1.26,1.22,-0.11,7.89,274.5980575633067,279.9163930716426,274.4416324207033,278.4401550292969,55462100.0,-0.22,-1.6,1.96,0.73,5.83,311.7827476868802,315.5777655106316,311.7827476868802,314.9405822753906,3606500.0,0.01,-0.9900000000000001,1.21,-0.33999999999999997,10.879999999999999,23.93000030517578,-0.75,-1
2022-11-18,378.5741867367159,378.6408206344442,374.1006819611119,376.94659423828125,92922500.0,0.44999999999999996,0.89,1.21,-0.62,5.81,281.45132801777515,281.5490676405468,276.00589441916804,278.4499816894531,53588600.0,0.0,1.08,1.9900000000000002,-1.09,3.4099999999999997,316.85696270660094,317.5048382574223,314.79129704613393,316.7724609375,3659100.0,0.58,0.61,0.86,0.08,8.74,23.1200008392334,-3.38,1
2022-11-21,375.62359686049797,376.746729530004,373.73899615884227,375.57598876953125,51243200.0,-0.36,-0.35000000000000003,0.8,-0.13,4.15,277.06177999488204,278.2153822467307,274.75457549118477,275.5855712890625,40083500.0,-1.03,-0.5,1.24,-1.24,1.24,317.04475727062993,317.97430536680247,315.04479614484524,316.47198486328125,2304100.0,-0.09,0.09,0.9199999999999999,0.58,7.199999999999999,22.360000610351562,-3.29,-1
2022-11-22,377.5176776993283,380.7919174617573,376.1089836932025,380.6300964355469,60429000.0,1.35,0.52,1.25,0.35000000000000003,3.8899999999999997,276.3187789752924,279.71114388498205,274.1875119369852,279.55474853515625,41873400.0,1.44,0.27,2.0,-1.1900000000000002,0.61,318.1996820087948,320.2935149497806,317.730208627676,320.1432800292969,4389400.0,1.16,0.5499999999999999,0.8099999999999999,1.6199999999999999,7.2700000000000005,21.290000915527344,-4.79,1
2022-11-23,380.2968975987144,383.5140303982983,380.0684717587064,383.02862548828125,68261600.0,0.63,-0.09,0.91,1.76,5.34,279.5742388647001,282.9861749393081,279.39827175235274,282.3605041503906,46390000.0,1.0,0.01,1.28,1.18,3.92,319.81472282016773,321.6644495500059,319.2325802668644,321.07293701171875,3108500.0,0.29,-0.1,0.76,1.96,7.62,20.350000381469727,-4.42,1
2022-11-25,382.4671170422372,383.4950916496888,382.19111210524926,382.9430236816406,30545400.0,-0.02,-0.15,0.33999999999999997,2.0500000000000003,5.88,280.7669413787728,281.47083963013006,280.0141733212983,280.50299072265625,15498800.0,-0.66,-0.5599999999999999,0.52,0.74,5.1499999999999995,321.20421884071146,322.8098094029392,321.14788434058937,322.5469055175781,1498300.0,0.45999999999999996,0.04,0.52,2.42,7.41,20.5,0.74,-1
2022-11-28,379.8590644182219,381.49618401653254,376.07083804443715,376.8323059082031,67881600.0,-1.6,-0.8099999999999999,1.4200000000000002,-0.03,1.77,278.52813799616996,280.5420632210341,275.4583803547445,276.3871154785156,38714200.0,-1.47,-0.7000000000000001,1.81,-0.74,0.53,320.8287071286054,322.0399564209318,317.3170555643373,317.8240661621094,3089800.0,-1.46,-0.53,1.46,0.33,3.2300000000000004,22.209999084472656,8.34,-1
2022-11-29,376.96564549358453,378.1554121174717,374.34815892103285,376.1851806640625,52310000.0,-0.16999999999999998,0.04,1.01,0.16,2.34,276.6120647689657,277.012898721607,272.926391353295,274.2950744628906,35618900.0,-0.76,0.08,1.48,-0.47000000000000003,0.9400000000000001,317.2983203110811,318.65040614484855,316.05890352106337,317.81475830078125,2943600.0,-0.0,-0.16999999999999998,0.8200000000000001,0.42,3.5900000000000003,21.889999389648438,-1.44,-1
2022-11-30,376.4326410939259,388.0352478027344,374.5195160703624,388.0352478027344,144566700.0,3.15,0.06999999999999999,3.5900000000000003,1.95,6.02,274.5589724039487,286.9065055448826,273.70843484346506,286.7989501953125,74718100.0,4.5600000000000005,0.1,4.81,2.59,6.63,317.97440725646555,325.0540759143456,315.6552069368698,325.0165100097656,6940400.0,2.27,0.05,2.96,1.52,6.260000000000001,20.579999923706055,-5.9799999999999995,1
2022-12-01,389.07270016589297,390.2434409456629,385.2464212750172,387.74969482421875,76398200.0,-0.06999999999999999,0.27,1.29,1.23,8.67,287.1216731151047,289.13559916202377,284.3745206966843,287.1510009765625,51547300.0,0.12,0.11,1.66,1.7000000000000002,10.549999999999999,325.5798533612709,325.58925200012993,320.8287841092584,323.3827209472656,5325900.0,-0.5,0.16999999999999998,1.46,0.72,7.39,19.84000015258789,-3.5999999999999996,-1
2022-12-02,382.86685419503635,388.20651222768515,382.76216868711776,387.30230712890625,85342700.0,-0.12,-1.26,1.4000000000000001,1.1400000000000001,9.68,282.0867843893096,286.88697536237026,281.9107874314308,286.007080078125,53583200.0,-0.4,-1.76,1.73,1.96,12.31,320.04947730148206,324.32170356617763,320.04947730148206,323.6925964355469,3736500.0,0.1,-1.03,1.32,0.36,7.99,19.059999465942383,-3.93,-1
2022-12-05,384.48497335823737,385.4177317516839,378.9834939436765,380.3350524902344,77289800.0,-1.7999999999999998,-0.73,1.66,0.9299999999999999,6.18,283.88568080095115,285.15659447763073,279.75027365012517,281.20697021484375,41482100.0,-1.68,-0.74,1.8900000000000001,1.7399999999999998,8.67,321.54237517442124,322.34985574881074,318.3311641903863,319.2701110839844,3827200.0,-1.37,-0.66,1.24,0.44999999999999996,5.12,20.75,8.870000000000001,-1
2022-12-06,380.17319983401165,380.7157112233438,372.76809510416285,374.8525390625,77972200.0,-1.44,-0.04,2.09,-0.35000000000000003,3.65,281.0505193835465,281.1873727687558,273.991993519204,275.3802185058594,53937600.0,-2.07,-0.06,2.56,0.4,5.27,319.0260954650252,319.8523736262272,314.28442333437675,315.9181823730469,5516300.0,-1.05,-0.08,1.7399999999999998,-0.6,2.6599999999999997,22.170000076293945,6.84,-1
2022-12-07,374.0054742055746,376.5753814167961,373.0822142567911,374.2148742675781,65927900.0,-0.16999999999999998,-0.22999999999999998,0.9299999999999999,-3.56,2.92,274.1972647022958,276.2503039825609,272.54505931577694,274.25592041015625,45614300.0,-0.41000000000000003,-0.43,1.35,-4.37,4.08,315.61758889833266,317.67385601391715,315.054215091397,315.8992614746094,3577100.0,-0.01,-0.1,0.83,-2.81,1.63,22.68000030517578,2.3,-1
2022-12-08,376.09948257287107,378.2124799961138,374.3195674856605,377.1464538574219,60737900.0,0.7799999999999999,0.5,1.04,-2.73,5.91,275.60500371405897,278.4694662439475,273.5324229097021,277.5016174316406,42594900.0,1.18,0.49,1.7999999999999998,-3.36,7.8,317.1199774643895,318.91336982478094,316.4815003273763,317.7960205078125,3278400.0,0.6,0.38999999999999996,0.77,-1.73,4.24,22.290000915527344,-1.72,1
2022-12-09,375.90911499149865,378.459967446831,374.20536119651905,374.3291015625,81447700.0,-0.75,-0.33,1.13,-3.35,-0.36,276.4848541246429,279.2515769032235,275.29213865330206,275.7320861816406,47860500.0,-0.64,-0.37,1.43,-3.5900000000000003,-0.25,317.0542179033216,318.40627510105014,314.7819537574558,314.8946228027344,3815500.0,-0.91,-0.22999999999999998,1.1400000000000001,-2.7199999999999998,-0.36,22.829999923706055,2.42,-1
2022-12-12,375.119119770537,379.7259216308594,374.4528678993267,379.7259216308594,75405800.0,1.44,0.21,1.41,-0.16,0.11,275.90806337411885,279.2515871409611,274.871772989639,279.1929016113281,35732500.0,1.26,0.06,1.59,-0.72,-0.83,315.61766291502107,319.8522944614989,315.54253110747305,319.8241271972656,5017300.0,1.5699999999999998,0.22999999999999998,1.37,0.16999999999999998,1.04,25.0,9.51,1
2022-12-13,390.45276931962,390.70974839855415,379.84005911089247,382.6003112792969,123782500.0,0.76,2.82,2.86,2.07,1.73,290.0153531873076,290.24021992861685,279.51556513695834,282.19427490234375,80667700.0,1.08,3.88,3.84,2.4699999999999998,1.1199999999999999,326.92264826564923,326.9602141790683,318.772592971877,320.9415588378906,5274300.0,0.35000000000000003,2.22,2.56,1.59,2.01,22.549999237060547,-9.8,1
2022-12-14,382.2576124071932,385.9601789916347,377.2130150280867,380.15411376953125,108111300.0,-0.64,-0.09,2.29,1.59,0.22999999999999998,281.6077397340024,284.8926087306265,276.8564481249309,280.1022033691406,64984400.0,-0.74,-0.21,2.85,2.13,-1.0,320.91333303870533,323.617505223772,317.0261070134652,319.4485778808594,5498400.0,-0.47000000000000003,-0.01,2.0500000000000003,1.1199999999999999,1.4000000000000001,21.139999389648438,-6.25,-1
2022-12-15,375.29987006418787,376.2041040710259,369.19877403899443,370.85491943359375,117705900.0,-2.45,-1.28,1.8399999999999999,-1.67,-1.47,276.01563277082005,276.68044714031987,269.5046109553816,270.69732666015625,60554100.0,-3.36,-1.46,2.56,-2.45,-3.0,316.0308169567057,316.7725932233134,310.5849349860696,312.4815979003906,5865600.0,-2.18,-1.0699999999999998,1.94,-1.67,-0.77,22.829999923706055,7.99,-1
2022-12-16,368.3028464297516,369.6414978313406,364.34426091502326,366.4765319824219,119858000.0,-1.18,-0.69,1.43,-2.1,-2.34,270.0227634589525,271.55762753266515,266.5130280152086,268.1163635253906,68300400.0,-0.95,-0.25,1.8599999999999999,-2.76,-3.71,309.88412578815894,311.0228094242793,307.211497528657,309.5829772949219,6672200.0,-0.9299999999999999,-0.83,1.22,-1.69,-1.7000000000000002,22.6200008392334,-0.9199999999999999,-1
2022-12-19,366.6678648941245,367.0025351167428,361.70526779936387,363.3690185546875,79878100.0,-0.8500000000000001,0.05,1.4500000000000002,-4.31,-3.5999999999999996,268.3858829093709,268.47407711477496,263.11360998326035,264.348388671875,44167900.0,-1.41,0.1,2.0,-5.319999999999999,-5.06,309.4887899354582,310.8627401147296,306.51501390207653,308.08660888671875,3709600.0,-0.48,-0.03,1.4000000000000001,-3.6700000000000004,-2.74,22.420000076293945,-0.88,-1
2022-12-20,362.61367325179793,365.48222528681765,361.2941346468216,363.86627197265625,74427200.0,0.13999999999999999,-0.21,1.15,-4.9,-3.1199999999999997,263.1821914650864,265.8869331436149,261.6044454235954,264.142578125,51064200.0,-0.08,-0.44,1.6199999999999999,-6.4,-4.15,308.2843804681425,310.43001378723403,307.17392741683824,309.02783203125,4721700.0,0.31,0.06,1.06,-3.71,-2.35,21.479999542236328,-4.19,1
2022-12-21,366.45747677877307,370.43520527298585,365.9220161334383,369.3069152832031,78167400.0,1.5,0.7100000000000001,1.24,-2.85,-2.97,265.18133792927495,269.27762774929147,264.3385435697956,267.9742736816406,46394700.0,1.4500000000000002,0.38999999999999996,1.87,-4.33,-4.14,312.0014974253745,314.627054823818,311.6062364764259,313.9400939941406,5086800.0,1.59,0.96,0.98,-1.72,-1.94,20.06999969482422,-6.5600000000000005,1
2022-12-22,366.2662563964438,369.28780122976565,358.3490543275083,364.0383605957031,100120900.0,-1.43,-0.8200000000000001,2.96,-1.8399999999999999,-4.96,264.96578045041497,265.0931820504398,257.2043613322855,261.41827392578125,60278400.0,-2.45,-1.1199999999999999,2.94,-3.4299999999999997,-7.42,311.96400360932773,312.2933831126171,306.4587507429876,310.7970886230469,4876900.0,-1.0,-0.63,1.8599999999999999,-0.54,-3.2,21.969999313354492,9.47,-1
2022-12-23,363.01521636298173,366.2758070046261,361.4662030943732,366.13238525390625,59857300.0,0.58,-0.27999999999999997,1.32,-0.09,-4.390000000000001,260.1540269074568,262.67257043969306,258.2528725584856,262.00616455078125,39373600.0,0.22,-0.48,1.69,-2.2800000000000002,-6.59,310.1947575483976,312.6133086394812,308.7266941067607,312.3686218261719,3997900.0,0.51,-0.19,1.25,0.8999999999999999,-3.16,20.8700008392334,-5.01,1
2022-12-27,366.01764723973866,366.3618594408892,363.0152157544233,364.68853759765625,51638200.0,-0.38999999999999996,-0.03,0.91,0.36,-3.2199999999999998,261.3986054611623,261.5064182969755,257.76290542316593,258.3018798828125,38009000.0,-1.41,-0.22999999999999998,1.43,-2.29,-6.54,312.75439241271175,314.1471827536089,311.08871315457844,312.7826232910156,3098900.0,0.13,0.12,0.98,1.52,-1.59,21.649999618530273,3.74,-1
2022-12-28,364.6215200162764,366.5912852979471,359.9266836954019,360.1561584472656,70911500.0,-1.24,-0.02,1.83,-1.02,-4.26,257.90019490328666,260.1541268477204,254.52907640634567,254.89166259765625,47139000.0,-1.32,-0.16,2.18,-3.5000000000000004,-7.07,313.0837981187092,314.07190766149245,309.20660400390625,309.20660400390625,3102400.0,-1.1400000000000001,0.1,1.5599999999999998,0.06,-2.71,22.139999389648438,2.26,-1
2022-12-29,362.9961017998292,367.5092910145083,362.47018314198056,366.63916015625,66970900.0,1.7999999999999998,0.79,1.4000000000000001,-0.72,-5.510000000000001,257.6943798967325,262.0454740291402,256.9986055824122,261.1047058105469,45893600.0,2.44,1.0999999999999999,1.9800000000000002,-2.56,-8.959999999999999,311.0511646096781,313.23444897952766,310.6747432022484,312.4909973144531,2458800.0,1.06,0.6,0.83,-0.45999999999999996,-3.85,21.440000534057617,-3.16,1
2022-12-30,363.9618527124626,365.8168226274327,361.8486652893112,365.67340087890625,84022200.0,-0.26,-0.73,1.08,0.44999999999999996,-5.6899999999999995,258.3411677601905,261.075308109581,257.0378133464567,260.9479064941406,37858300.0,-0.06,-1.06,1.55,-0.18,-9.13,311.13586594254144,311.8698977591732,308.9996521385381,311.80401611328125,3881800.0,-0.22,-0.43,0.9199999999999999,0.32,-3.58,21.670000076293945,1.0699999999999998,-1
2023-01-03,367.52838265402187,369.4981190554035,361.2749320892196,364.1339416503906,74850700.0,-0.42,0.51,2.25,-0.5499999999999999,-5.9799999999999995,263.2703795073479,264.7403425754029,256.8809508045334,259.18389892578125,42335300.0,-0.6799999999999999,0.89,3.01,-1.08,-9.379999999999999,312.8296709053164,314.1565508071636,308.99951928872497,311.70037841796875,3910700.0,-0.03,0.33,1.6500000000000001,-0.21,-3.6999999999999997,22.899999618530273,5.680000000000001,-1
2023-01-04,366.3905568832152,368.9722652057651,363.34989894273167,366.9451599121094,85934100.0,0.77,0.62,1.54,0.62,-3.52,261.30064187756807,262.094419519153,257.2729276346424,260.41864013671875,47754900.0,0.48,0.8200000000000001,1.8599999999999999,0.8200000000000001,-7.39,312.9615783691406,314.3543693773355,310.74067162757467,312.9615783691406,4137300.0,0.4,0.4,1.16,0.06,-1.9800000000000002,22.010000228881836,-3.8899999999999997,1
2023-01-05,364.9945163658359,365.1092537639918,362.16422021646383,362.7570495605469,76970500.0,-1.1400000000000001,-0.53,0.8,0.72,-3.2300000000000004,258.75267965136567,258.9192587002767,256.02834958663533,256.3419189453125,45396700.0,-1.5699999999999998,-0.64,1.11,0.5700000000000001,-6.909999999999999,311.46516675635667,311.63455204375543,308.7643071483324,309.81829833984375,4350100.0,-1.0,-0.48,0.9199999999999999,0.2,-1.9300000000000002,22.459999084472656,2.04,-1
2023-01-06,365.845539153224,372.1946147969525,362.7857679206914,371.07586669921875,104189600.0,2.29,0.8500000000000001,2.59,1.21,-0.84,258.07654065905234,264.5345752837796,255.126804985391,263.4173889160156,54659700.0,2.76,0.6799999999999999,3.6700000000000004,0.89,-3.95,312.6038965296421,317.25277378323636,310.4676829514634,316.4622802734375,4800800.0,2.1399999999999997,0.8999999999999999,2.19,1.27,0.18,21.1299991607666,-5.92,1
2023-01-09,373.26550947515705,376.44961824670435,370.6838304181261,370.865478515625,73978100.0,-0.06,0.59,1.55,1.4200000000000002,-1.67,265.40672993298676,269.7774418403852,264.5149786181728,265.12255859375,45568700.0,0.65,0.76,2.0,1.6,-4.46,317.78913521660036,319.4077727141484,315.1823881798207,315.53057861328125,3864000.0,-0.29,0.42,1.34,1.2,-0.7100000000000001,21.969999313354492,3.9800000000000004,-1
2023-01-10,370.2822289287242,373.5332484725184,369.34515816722075,373.46630859375,65358100.0,0.7000000000000001,-0.16,1.13,2.56,-0.22999999999999998,264.09358467777196,267.4745120737934,263.58400819036984,267.36669921875,35247800.0,0.8500000000000001,-0.38999999999999996,1.47,3.16,-3.0300000000000002,315.210659369209,317.45037652582056,314.58955119802613,317.3562927246094,2277500.0,0.58,-0.1,0.91,1.81,0.7799999999999999,20.579999923706055,-6.329999999999999,1
2023-01-11,375.0440257972263,378.26636090740493,374.2312636370513,378.1898498535156,68881100.0,1.26,0.42,1.08,3.06,-0.4,268.4348714453479,272.09996982647135,267.6508731910464,271.9921569824219,44077000.0,1.73,0.4,1.66,4.44,-2.58,318.4574675416188,319.78437712660275,317.26232128749876,319.7373352050781,3265800.0,0.75,0.35000000000000003,0.79,2.17,-0.03,21.09000015258789,2.48,1
2023-01-12,379.289500125456,381.02973273660194,375.22571833967487,379.5667724609375,90157700.0,0.36,0.29,1.53,4.63,-0.79,272.55075772684324,274.4911198155303,268.25846062265697,273.4621276855469,60600000.0,0.54,0.21,2.29,6.68,-3.09,320.79113216067486,322.7861909029777,318.03381095021115,321.8451232910156,4332600.0,0.66,0.33,1.49,3.88,0.27999999999999997,18.829999923706055,-10.72,1
2023-01-13,376.37306397661587,381.6129617235171,376.10533367891514,381.03924560546875,63903900.0,0.38999999999999996,-0.84,1.4500000000000002,2.68,0.22999999999999998,270.96319773646184,275.58868281451504,270.63000968968595,275.34368896484375,44802900.0,0.69,-0.91,1.81,4.53,-1.7000000000000002,319.1725356588218,323.24734630487757,319.12546504072344,322.8238830566406,3473400.0,0.3,-0.83,1.28,2.01,1.06,18.350000381469727,-2.55,1
2023-01-17,381.0201591163604,382.69348088927234,379.66236518124305,380.34124755859375,62677300.0,-0.18,-0.01,0.8,2.56,2.56,275.14771295019546,277.1860787569483,273.98153970173576,275.9023132324219,36269700.0,0.2,-0.06999999999999999,1.16,4.07,1.92,322.1839768065296,322.5510070548729,318.6738120902923,319.1725769042969,3929700.0,-1.13,-0.2,1.2,1.15,2.1399999999999997,19.360000610351562,5.5,-1
2023-01-18,381.526947386791,382.58829750949707,374.1356353327088,374.33642578125,99632300.0,-1.58,0.31,2.22,0.22999999999999998,2.1399999999999997,277.4408347282873,278.9892126837552,272.1097958051242,272.3155822753906,47754500.0,-1.3,0.5599999999999999,2.4899999999999998,1.8499999999999999,1.5699999999999998,319.5584666333887,320.15134406655636,313.0933340890672,313.347412109375,5164300.0,-1.83,0.12,2.21,-1.26,1.22,20.34000015258789,5.06,-1
2023-01-19,372.2997830998825,373.94442072442195,370.2918200719056,371.6113586425781,86958900.0,-0.73,-0.54,0.98,-1.7399999999999998,2.27,270.6888091384825,271.82558420366604,268.40547959041226,269.6402282714844,44150400.0,-0.98,-0.6,1.26,-0.86,2.0,311.5498853920997,312.8673744914046,310.5241249962442,311.1452331542969,3454200.0,-0.7000000000000001,-0.5700000000000001,0.75,-2.69,0.9900000000000001,20.520000457763672,0.88,-1
2023-01-20,373.00740648744664,378.68714212069887,371.36276874212075,378.5341491699219,91806400.0,1.8599999999999999,0.38,1.97,-0.27,4.03,271.24737024419835,277.3525971911707,270.18898017810113,277.0194091796875,60613600.0,2.74,0.6,2.6599999999999997,1.3,4.87,311.5879856327995,314.3288179863037,310.20344204687376,314.2723083496094,4120200.0,1.01,0.13999999999999999,1.3299999999999998,-2.35,1.7000000000000002,19.850000381469727,-3.27,1
2023-01-23,379.3373361629709,385.00750055643533,378.38115211629884,383.0760192871094,84178800.0,1.2,0.21,1.7500000000000002,0.53,3.73,277.8622856509869,284.3987060531024,277.0685078199232,283.1737365722656,52799900.0,2.22,0.3,2.65,2.8400000000000003,5.67,315.23292100336363,318.115026717972,313.6882480094167,316.62689208984375,3985300.0,0.75,0.31,1.41,-1.92,0.86,19.809999465942383,-0.2,1
2023-01-24,381.4026252152029,383.57315208650715,380.21696655885887,382.664794921875,59524900.0,-0.11,-0.44,0.88,0.61,5.12,281.55674841928726,283.7518838905232,281.03736261916526,282.59552001953125,44875100.0,-0.2,-0.5700000000000001,0.96,2.4299999999999997,8.1,315.4871716958405,318.0867289475212,314.30044104291994,317.5027770996094,3360900.0,0.27999999999999997,-0.36,1.2,-0.52,2.16,19.200000762939453,-3.08,-1
2023-01-25,378.6010242444025,383.1428977378186,376.31573073269413,382.8082275390625,84800300.0,0.04,-1.06,1.78,2.26,4.55,278.08759877286985,282.58568211289065,275.54946616435143,281.96832275390625,50872000.0,-0.22,-1.6,2.4899999999999998,3.54,7.62,314.80915135882145,318.0115174181303,313.2173961831455,317.7101135253906,4318600.0,0.06999999999999999,-0.8500000000000001,1.51,1.39,1.71,19.079999923706055,-0.63,1
2023-01-26,385.46642861189923,387.17800600043023,382.5022526217131,387.01544189453125,72287400.0,1.0999999999999999,0.69,1.22,4.15,6.12,285.388429890523,287.64236129032844,282.7424844155557,287.4659729003906,51596300.0,1.95,1.21,1.7399999999999998,6.61,11.29,318.7743365243487,319.7256009743041,316.6551395046688,319.63140869140625,2930900.0,0.6,0.33,0.97,2.73,2.19,18.729999542236328,-1.83,1
2023-01-27,385.97324291614746,390.2760709827511,385.7628812656745,387.90472412109375,68346200.0,0.22999999999999998,-0.27,1.17,2.48,7.7,286.15277989519404,292.2874346780867,286.03518764739596,290.3274841308594,56441900.0,1.0,-0.45999999999999996,2.17,4.8,13.900000000000002,319.66912914474375,321.6847350119367,318.50122518039797,319.8669128417969,2907400.0,0.06999999999999999,0.01,1.0,1.78,3.45,18.510000228881836,-1.17,1
2023-01-30,385.1508473703547,387.37877210654403,382.7412745466371,383.0376892089844,74202000.0,-1.25,-0.7100000000000001,1.2,-0.01,4.47,287.06422753687195,288.485204031386,284.08512343019765,284.4574890136719,49405800.0,-2.02,-1.1199999999999999,1.52,0.44999999999999996,8.94,318.7837547350195,320.63923071984254,317.26736524025824,317.46514892578125,3032700.0,-0.75,-0.33999999999999997,1.05,0.26,1.59,19.940000534057617,7.7299999999999995,-1
2023-01-31,383.5540875652921,388.717475261581,383.2098461559824,388.669677734375,86811800.0,1.47,0.13,1.44,1.5699999999999998,6.29,284.4965853460908,288.81827937586894,284.38880243395977,288.72027587890625,46705100.0,1.5,0.01,1.5599999999999998,2.17,10.639999999999999,317.97378417922755,321.0442460249225,316.9471542798362,321.0159912109375,2593500.0,1.1199999999999999,0.16,1.29,1.11,2.9499999999999997,19.399999618530273,-2.71,1
2023-02-01,387.4552591361378,395.5445957142965,384.7205872650518,392.8003234863281,101459200.0,1.06,-0.31,2.78,2.6100000000000003,7.870000000000001,288.5145763137995,297.35394412149606,286.4468125594158,294.89422607421875,67562200.0,2.1399999999999997,-0.06999999999999999,3.7800000000000002,4.58,13.780000000000001,319.4053551140128,323.3140903502513,316.0711439124389,321.0536193847656,6175400.0,0.01,-0.5,2.26,1.05,3.0,17.8700008392334,-7.89,1
2023-02-02,396.68245506156615,399.9813013244029,394.78922953717114,398.5183410644531,101654500.0,1.46,0.9900000000000001,1.32,2.97,8.6,301.41104382361254,307.3986792194791,300.58786806855676,305.4779357910156,83070600.0,3.5900000000000003,2.21,2.31,6.2700000000000005,17.299999999999997,321.65642127351623,321.65642127351623,318.35989279041286,320.6391906738281,5169400.0,-0.13,0.19,1.03,0.32,2.45,18.729999542236328,4.81,1
2023-02-03,393.55570061661354,398.69997431086017,393.07760869975664,394.28240966796875,94736800.0,-1.06,-1.25,1.41,1.6400000000000001,8.690000000000001,298.8336987253652,306.134527365596,298.44171454947156,300.0488586425781,76170800.0,-1.78,-2.18,2.52,3.35,17.05,319.07565563514663,321.8070876429494,318.31274714132275,319.2734680175781,6504300.0,-0.43,-0.49,1.09,-0.19,3.05,18.329999923706055,-2.1399999999999997,-1
2023-02-06,391.8345763914126,393.2688521236934,390.21862339860974,391.872802734375,60295300.0,-0.61,-0.62,0.77,2.31,5.6000000000000005,297.4324183297124,299.7843539023122,296.16824137067766,297.51080322265625,40802300.0,-0.8500000000000001,-0.8699999999999999,1.21,4.590000000000001,12.94,318.02084792300764,319.81981429392454,317.11666518330236,318.8026123046875,2708400.0,-0.15,-0.38999999999999996,0.8500000000000001,0.42,0.74,19.43000030517578,6.0,-1
2023-02-07,390.9549267928235,398.24104381969875,389.7118993305467,396.9980163574219,90990700.0,1.31,-0.22999999999999998,2.18,2.1399999999999997,7.049999999999999,297.383319099846,304.8017398705444,296.26616272305125,303.6747741699219,67584000.0,2.07,-0.04,2.87,5.18,14.540000000000001,317.36149975925326,322.4098835795047,316.645672988776,321.6658020019531,4969600.0,0.8999999999999999,-0.44999999999999996,1.81,0.2,1.94,18.65999984741211,-3.9600000000000004,1
2023-02-08,395.02826801613645,396.3669196696717,391.9684677962696,392.65692138671875,76227500.0,-1.09,-0.5,1.11,-0.04,5.140000000000001,302.36162665672765,303.30239469294725,297.58915111170046,298.2751159667969,56720900.0,-1.78,-0.43,1.8800000000000001,1.15,11.559999999999999,320.58262081357196,321.60925032760383,319.1415683543513,319.6878662109375,2769500.0,-0.61,-0.33999999999999997,0.77,-0.43,0.73,19.6299991607666,5.2,-1
2023-02-09,396.2521101673666,396.4051030685636,388.02892410560145,389.2528381347656,78694900.0,-0.8699999999999999,0.9199999999999999,2.13,-2.32,2.93,302.6555733935558,302.80256370985006,294.1886022038024,295.6389465332031,49137800.0,-0.88,1.47,2.8899999999999997,-3.2199999999999998,8.690000000000001,321.88256424349714,322.645473069221,316.5233467558845,317.4840393066406,3094700.0,-0.69,0.69,1.92,-0.98,-0.7000000000000001,20.709999084472656,5.5,-1
2023-02-10,388.0768126828916,390.5437836705012,387.2640796514173,390.16131591796875,70769700.0,0.22999999999999998,-0.3,0.84,-1.05,2.79,293.4830431320697,295.5311881263179,291.2976872269125,293.6986389160156,50050100.0,-0.66,-0.73,1.43,-2.12,7.3999999999999995,317.16372385685867,319.30177656410604,316.4196709371474,319.0380554199219,2523900.0,0.49,-0.1,0.91,-0.06999999999999999,-0.8699999999999999,20.530000686645508,-0.8699999999999999,1
2023-02-13,390.8114317189332,394.8752127422372,390.35245300429375,394.7413330078125,64913500.0,1.17,0.16999999999999998,1.16,0.73,3.5999999999999996,295.09998416838243,298.99048753364445,293.92400177687483,298.4024963378906,39636700.0,1.6,0.48,1.73,0.3,8.37,319.1792959710513,322.6453531432373,319.1792959710513,322.63592529296875,2653900.0,1.13,0.04,1.09,1.2,-0.06,20.34000015258789,-0.9299999999999999,1
2023-02-14,393.2210725630297,396.86413102531327,390.61070909281807,394.55975341796875,88389300.0,-0.05,-0.38999999999999996,1.58,-0.61,3.74,296.8247014561633,301.5579684937514,294.8843398018548,300.6073913574219,64079100.0,0.74,-0.53,2.2399999999999998,-1.01,8.95,321.6658070106469,323.5589653444426,318.7366199056965,321.30792236328125,3501100.0,-0.41000000000000003,-0.3,1.49,-0.11,0.67,18.90999984741211,-7.03,-1
2023-02-15,392.3700815999979,395.91751581058026,391.5286350725414,395.8410339355469,61555700.0,0.32,-0.5499999999999999,1.11,0.8099999999999999,5.74,298.7944917715508,303.0769794600468,298.1085269393555,302.910400390625,43100600.0,0.77,-0.6,1.6500000000000001,1.55,11.24,319.72561415679723,321.8071573439007,318.943878537757,321.7977294921875,1967700.0,0.15,-0.49,0.89,0.66,2.7,18.229999542236328,-3.5999999999999996,1
2023-02-16,390.87841017898984,394.8178830322616,390.25689650308516,390.3907470703125,76431500.0,-1.38,-1.25,1.15,0.29,5.050000000000001,298.2849528065457,302.2538416898936,297.0795721536685,297.2265625,59498600.0,-1.8800000000000001,-1.53,1.71,0.54,10.23,318.8215190750458,321.0725917510471,317.7006966641975,317.77606201171875,3229600.0,-1.25,-0.9199999999999999,1.05,0.09,2.13,20.170000076293945,10.639999999999999,-1
2023-02-17,388.26803395095567,389.6545122847336,386.34609496505783,389.41546630859375,89257800.0,-0.25,-0.54,0.8500000000000001,-0.19,2.87,295.04113931726596,295.88390363037774,292.13061179007104,295.12933349609375,58230700.0,-0.7100000000000001,-0.74,1.26,0.49,6.54,316.72118457219415,319.277814206151,316.1173891567896,319.145751953125,3034200.0,0.43,-0.33,0.9900000000000001,0.03,1.55,20.020000457763672,-0.74,-1
2023-02-21,385.39947527197734,386.4512833840668,381.3452649276504,381.6034240722656,82655900.0,-2.01,-1.03,1.31,-3.3300000000000005,-0.38,291.3075128776228,292.7480779905276,288.0050003843626,288.1421813964844,46526700.0,-2.37,-1.29,1.6099999999999999,-3.44,1.7500000000000002,315.7778107624712,316.9287707086835,312.36267533911,312.5041809082031,3142900.0,-2.08,-1.06,1.43,-3.1399999999999997,-1.3,22.8700008392334,14.24,-1
2023-02-22,382.01458672604707,383.55405800104023,379.624126941612,381.0775451660156,83742300.0,-0.13999999999999999,0.11,1.03,-3.42,-0.41000000000000003,288.72037423239385,290.42552201582805,286.70162711443794,288.3577880859375,51389200.0,0.06999999999999999,0.2,1.29,-4.07,2.04,312.9759246336196,313.61743582110034,310.80609552691146,311.8155212402344,2896400.0,-0.22,0.15,0.8999999999999999,-2.9499999999999997,-1.79,22.290000915527344,-2.54,-1
2023-02-23,383.965204449082,384.577176151522,378.88787027584414,383.1046447753906,96242400.0,0.53,0.76,1.49,-3.2199999999999998,0.08,292.00324737529,292.1600470153091,286.6917679806115,290.87628173828125,69294400.0,0.8699999999999999,1.26,1.9,-3.9699999999999998,3.16,313.0702278232379,313.9192900170894,309.4192402362894,312.9004211425781,5999600.0,0.35000000000000003,0.4,1.44,-2.76,-1.51,21.139999389648438,-5.16,1
2023-02-24,378.0942785897589,379.84408241701556,376.39227228887677,379.01220703125,108194400.0,-1.0699999999999998,-1.31,0.8999999999999999,-2.91,-2.07,285.91766516763073,287.1034271642342,284.2418855081771,286.005859375,74332000.0,-1.67,-1.7000000000000002,0.98,-3.7800000000000002,-0.51,309.2777644085532,310.5136567042739,307.9569975469932,309.5513610839844,3764700.0,-1.0699999999999998,-1.16,0.8200000000000001,-2.59,-3.15,21.670000076293945,2.5100000000000002,-1
2023-02-27,382.3492579579314,383.7070519585176,379.365968807818,380.30303955078125,80444700.0,0.33999999999999997,0.88,1.15,-2.34,-1.96,289.1613626370489,290.5529110256689,287.4659943455708,288.0539855957031,48995000.0,0.72,1.0999999999999999,1.08,-2.4,-0.7799999999999999,312.0136157810102,313.1928768301152,309.62679256924366,310.4381103515625,2887300.0,0.29,0.8,1.15,-2.73,-2.9499999999999997,20.950000762939453,-3.32,1
2023-02-28,379.82496053517093,381.78512595829335,378.79226552930106,378.8974609375,96438600.0,-0.37,-0.13,0.79,-0.7100000000000001,-1.08,287.4268069031681,290.1903450360639,287.093618816479,287.6816101074219,48243100.0,-0.13,-0.22,1.08,-0.16,1.13,310.25887923907175,310.25887923907175,308.0324480624133,308.08905029296875,3155300.0,-0.76,-0.06,0.72,-1.41,-2.9499999999999997,20.700000762939453,-1.1900000000000002,-1
2023-03-01,378.0846868266854,379.30860107550785,376.1436346387775,377.44403076171875,99706800.0,-0.38,-0.21,0.84,-0.95,-2.8899999999999997,287.3875822887834,288.0441490292622,284.38886009383884,285.36883544921875,58287000.0,-0.8,-0.1,1.27,-1.04,-1.16,307.5890255185294,309.2682920980868,306.89088340102484,308.49468994140625,3317500.0,0.13,-0.16,0.77,-1.06,-3.9,20.579999923706055,-0.58,-1
2023-03-02,375.4742885040699,381.2209631061389,375.13961830151106,380.3795166015625,85127800.0,0.7799999999999999,-0.52,1.6099999999999999,-0.7100000000000001,-3.16,282.8797600655393,288.5342085068235,282.5955587679446,287.7306213378906,53565900.0,0.83,-0.8699999999999999,2.08,-1.08,-2.4299999999999997,309.03235121827265,312.456928923151,308.3059081956956,311.73992919921875,3047500.0,1.05,0.16999999999999998,1.35,-0.37,-2.9000000000000004,19.59000015258789,-4.81,1
2023-03-03,382.1962358283126,386.7285670881584,381.54603781817946,386.4799499511719,90120000.0,1.6,0.48,1.3599999999999999,1.97,-3.02,289.4749432455241,293.9142305420157,288.9653369053291,293.67901611328125,60511500.0,2.07,0.61,1.72,2.68,-3.8600000000000003,312.75898010172483,315.5043040870489,311.72125310547904,315.2967529296875,3033500.0,1.1400000000000001,0.33,1.21,1.8599999999999999,-1.67,18.489999771118164,-5.62,1
2023-03-06,387.30225445436355,389.5971190249731,386.3078442662089,386.7476806640625,72795900.0,0.06999999999999999,0.21,0.8500000000000001,1.69,-1.91,294.91379755285436,297.9125198668912,293.8162298962756,294.01220703125,56736300.0,0.11,0.42,1.39,2.07,-2.01,315.6929228586233,317.09859289794144,315.2683773400303,315.7400817871094,2641700.0,0.13999999999999999,0.13,0.58,1.71,-1.11,18.610000610351562,0.65,1
2023-03-07,386.699921017692,386.93896700217493,380.20742390861926,380.8193664550781,108310600.0,-1.53,-0.01,1.7399999999999998,0.51,-2.82,294.0612025121971,294.9823817088426,289.79830387350347,290.4058837890625,65955800.0,-1.23,0.02,1.76,0.95,-2.39,315.73070057027525,315.96655281868595,310.11740554187764,310.2589111328125,5009200.0,-1.7399999999999998,-0.0,1.8499999999999999,0.7000000000000001,-2.68,19.59000015258789,5.27,-1
2023-03-08,380.93414163742426,382.1962822868647,379.21299300204765,381.44091796875,74746600.0,0.16,0.03,0.7799999999999999,1.06,-3.92,290.827330978684,292.45409396799647,288.97519275474593,291.8563232421875,50876300.0,0.5,0.15,1.2,2.27,-3.8899999999999997,310.30607834627517,310.8532428585762,308.1173627159594,309.900390625,3169600.0,-0.12,0.02,0.88,0.45999999999999996,-3.66,19.110000610351562,-2.45,1
2023-03-09,382.22492782127654,383.8887075845493,373.4184826190144,374.4033508300781,111945300.0,-1.8399999999999999,0.21,2.74,-1.5699999999999998,-4.65,292.35609679890285,294.95305596824016,285.98625563400026,286.7996520996094,71456700.0,-1.73,0.16999999999999998,3.0700000000000003,-0.32,-3.85,311.0607571710937,311.7400126728736,304.15499770142384,304.7965087890625,4760900.0,-1.6500000000000001,0.37,2.45,-2.23,-4.66,22.610000610351562,18.32,-1
2023-03-10,373.8583475978051,375.93327957719293,367.4806170891498,369.0009460449219,189253000.0,-1.44,-0.15,2.26,-4.52,-5.2,286.96617449163693,288.455756194458,281.62532666802826,282.7718811035156,98593600.0,-1.4000000000000001,0.06,2.3800000000000003,-3.71,-4.35,304.2871156301593,306.4852457062703,300.4096900678021,301.6361389160156,7741600.0,-1.04,-0.16999999999999998,1.9900000000000002,-4.33,-4.99,24.799999237060547,9.69,-1
2023-03-13,365.08062547353046,373.2847008664306,363.9714484870125,368.4750671386719,157790000.0,-0.13999999999999999,-1.06,2.52,-4.72,-5.56,280.9883548940412,288.573354857497,279.47918441665786,284.8690490722656,97123600.0,0.74,-0.63,3.2199999999999998,-3.11,-3.01,298.83422878829725,304.8814836242658,298.739882135005,300.77764892578125,6831600.0,-0.27999999999999997,-0.9299999999999999,2.04,-4.74,-5.72,26.520000457763672,6.94,-1
2023-03-14,373.38980130348455,376.21055539266825,370.0909552792131,374.56591796875,149752400.0,1.6500000000000001,1.3299999999999998,1.66,-1.6400000000000001,-5.11,288.4165608377867,291.9640670408029,287.57379633938,291.415283203125,73602500.0,2.3,1.25,1.54,0.35000000000000003,-2.34,303.9757669926774,305.39088031188237,300.67383591453233,303.9569091796875,4760500.0,1.06,1.06,1.5699999999999998,-2.03,-5.79,23.729999542236328,-10.52,1
2023-03-15,368.98178810972763,372.4240265155613,366.8972852061237,372.2232360839844,172996900.0,-0.63,-1.49,1.48,-2.42,-5.66,288.8085334957989,293.2772187994073,287.36796850276227,292.94403076171875,83631500.0,0.52,-0.89,2.03,0.37,-2.55,298.9663259544108,301.71164977937406,297.1455533747,301.4569396972656,6518000.0,-0.8200000000000001,-1.6400000000000001,1.5,-2.7199999999999998,-6.18,26.139999389648438,10.16,-1
2023-03-16,369.8711000150825,379.09826973239205,369.364323664859,378.7540283203125,143254200.0,1.7500000000000002,-0.63,2.62,1.16,-4.32,292.0327082473355,301.02887644464795,291.2389304597185,300.6662902832031,98198100.0,2.64,-0.31,3.34,4.83,-0.74,299.6832272005912,305.2587763720638,298.52282407263846,304.9568786621094,6569900.0,1.16,-0.59,2.23,0.05,-5.2299999999999995,22.989999771118164,-12.049999999999999,1
2023-03-17,377.4255889740926,378.55818505074,372.9431553160695,374.3253173828125,140553400.0,-1.17,-0.35000000000000003,1.48,1.44,-4.12,300.5780825063804,302.9594157617402,297.2951586443175,299.24530029296875,89923700.0,-0.47000000000000003,-0.03,1.8800000000000001,5.83,0.6799999999999999,303.3753332779209,303.72531890887853,300.00786183337027,301.275390625,5314900.0,-1.21,-0.52,1.22,-0.12,-5.19,25.510000228881836,10.96,-1
2023-03-20,375.1028011958168,378.33746367070916,374.40214170963634,377.9247131347656,93055800.0,0.96,0.21,1.05,2.56,-2.9499999999999997,298.62893759374526,300.6311608615665,296.4205793211497,300.3072814941406,56359500.0,0.35000000000000003,-0.21,1.41,5.42,1.7500000000000002,302.06055117581485,305.29560953065044,302.06055117581485,304.86993408203125,4695000.0,1.1900000000000002,0.26,1.0699999999999998,1.3599999999999999,-4.47,24.149999618530273,-5.33,1
2023-03-21,381.28412015653794,383.36697102971766,379.69079357481445,382.8870544433594,91524200.0,1.31,0.89,0.97,2.22,0.33999999999999997,302.24082881743965,305.04788323131515,300.72932185078076,304.5964050292969,49757000.0,1.43,0.64,1.44,4.52,5.71,307.82120935202914,308.21847947057455,305.8536801600645,308.0103759765625,3527300.0,1.03,0.97,0.7799999999999999,1.3299999999999998,-1.44,21.3799991607666,-11.469999999999999,1
2023-03-22,382.71428861761933,386.3232414014182,376.3217962204962,376.36016845703125,111746600.0,-1.7000000000000002,-0.05,2.6100000000000003,1.11,-1.24,304.5276555015175,309.4154987468772,300.28763082839566,300.4544677734375,75791900.0,-1.3599999999999999,-0.02,3.0,2.56,4.2,308.03871386935157,309.84542378057284,302.75102673675,302.8645324707031,4378700.0,-1.67,0.01,2.3,0.47000000000000003,-2.87,22.260000228881836,4.12,-1
2023-03-23,379.22042648189336,383.251736905196,374.67082731496726,377.3775634765625,119351300.0,0.27,0.76,2.2800000000000002,-0.36,-1.49,304.1841398375628,308.3358335477737,301.3279933399785,304.01727294921875,74576000.0,1.1900000000000002,1.24,2.33,1.11,4.52,303.95232191697596,307.44276743035323,301.2753822425626,303.48883056640625,4772600.0,0.21,0.36,2.04,-0.48,-3.01,22.610000610351562,1.5699999999999998,1
2023-03-24,376.10105243097433,379.94038538264834,373.7590569871103,379.85400390625,107682400.0,0.66,-0.33999999999999997,1.6400000000000001,1.48,0.22,303.5952799906133,305.23435576063616,301.2691474607354,305.13623046875,57195200.0,0.37,-0.13999999999999999,1.3,1.97,6.69,302.1741909514503,305.02139085535816,300.717465897959,304.88897705078125,4484900.0,0.45999999999999996,-0.43,1.4200000000000002,1.2,-1.51,21.739999771118164,-3.85,1
2023-03-27,382.1287415933862,382.8966256334002,379.67157124890343,380.564208984375,74010400.0,0.19,0.6,0.8500000000000001,0.7000000000000001,0.06999999999999999,305.833089590293,306.9127374035687,302.19176055680384,303.045654296875,50287400.0,-0.69,0.22999999999999998,1.55,0.91,5.2,307.0361577048105,307.96316966188095,305.8159128682232,306.77130126953125,3550900.0,0.62,0.7000000000000001,0.7000000000000001,0.62,-1.18,20.600000381469727,-5.24,1
2023-03-28,379.8731161528176,380.5641971213973,377.87667629457644,379.7099609375,62871700.0,-0.22,-0.18,0.7100000000000001,-0.83,0.21,302.46658984758324,302.49603342767915,299.1294910219015,301.4360046386719,48585900.0,-0.53,-0.19,1.11,-1.04,4.78,306.4684763702064,308.0387063415941,305.3806746235054,306.2982177734375,2536500.0,-0.15,-0.1,0.8699999999999999,-0.5599999999999999,-0.58,19.969999313354492,-3.06,-1
2023-03-29,383.8660888939379,385.4690232440617,382.6662973806607,385.22906494140625,77497900.0,1.4500000000000002,1.09,0.74,2.36,2.06,305.1263392079897,307.55062645218385,304.3116838035691,306.9322814941406,53274300.0,1.82,1.22,1.0699999999999998,2.16,7.5600000000000005,308.91842811213104,309.4765461114868,307.6982125420075,309.3913879394531,2531700.0,1.01,0.86,0.58,2.16,0.29,19.1200008392334,-4.26,1
2023-03-30,387.85906099159905,388.10862703989994,385.6226621392842,387.4847412109375,69840000.0,0.59,0.6799999999999999,0.65,2.68,1.87,309.4056958218703,310.4657245286793,307.02067616071264,309.8375549316406,58354800.0,0.95,0.8099999999999999,1.1199999999999999,1.91,7.68,311.0940297754956,311.16025107287356,309.05084006010117,310.7156677246094,2487000.0,0.43,0.5499999999999999,0.6799999999999999,2.3800000000000003,-0.33,19.020000457763672,-0.52,1
2023-03-31,388.4061147934353,393.24368242982905,388.30051790737826,392.9461364746094,112062600.0,1.41,0.24,1.28,3.45,1.67,310.0633653805016,315.22602661616287,309.75910503684963,314.9904479980469,62138100.0,1.66,0.06999999999999999,1.76,3.2300000000000004,7.26,311.76566988884997,314.8115324719675,311.6900090145468,314.6318054199219,2837300.0,1.26,0.33999999999999997,1.0,3.2,-0.21,18.700000762939453,-1.68,1
2023-04-03,392.42779542260035,394.84656445369103,392.03426030988214,394.4434509277344,67391100.0,0.38,-0.13,0.72,3.65,1.9900000000000002,312.8703281475286,314.489814603818,311.54533734186873,314.22479248046875,47126800.0,-0.24,-0.67,0.9299999999999999,3.6900000000000004,6.87,315.549386113519,318.0655362734541,315.47372523024063,317.7439270019531,3450700.0,0.9900000000000001,0.29,0.8200000000000001,3.58,0.63,18.549999237060547,-0.8,1
2023-04-04,395.08655642138893,395.37452397054454,390.88248211307797,392.25506591796875,66601500.0,-0.5499999999999999,0.16,1.1400000000000001,3.3000000000000003,3.0,314.6665077964357,315.6774438935838,311.94775434717684,313.1648254394531,45875400.0,-0.33999999999999997,0.13999999999999999,1.1900000000000002,3.8899999999999997,7.84,317.7439258208881,318.07500352676135,314.64131000873783,315.8804626464844,2449900.0,-0.59,-0.0,1.08,3.1300000000000003,1.81,19.0,2.4299999999999997,-1
2023-04-05,391.5255732993779,392.28384974684195,389.57711302940226,391.22802734375,65200200.0,-0.26,-0.19,0.69,1.5599999999999998,2.5700000000000003,312.2127972814154,313.15502177624506,308.25738336194655,310.0731506347656,62795700.0,-0.9900000000000001,-0.3,1.5599999999999998,1.02,6.239999999999999,315.93707720686416,317.3086718733424,315.71006579007786,316.7127380371094,2566600.0,0.26,0.02,0.51,2.37,2.1999999999999997,19.079999923706055,0.42,-1
2023-04-06,390.43131081559227,393.03247968178334,389.3850962213968,392.7541198730469,63743300.0,0.38999999999999996,-0.2,0.9299999999999999,1.3599999999999999,4.9,308.424151732928,312.6543814372658,307.0304493457381,312.16363525390625,46916500.0,0.67,-0.53,1.81,0.75,8.84,316.26817747431676,317.17625207382633,315.256036723196,316.7884216308594,2333300.0,0.02,-0.13999999999999999,0.61,1.95,3.93,18.399999618530273,-3.56,1
2023-04-10,390.27775752337686,393.23406013832266,389.66347951634174,393.1572570800781,63681000.0,0.1,-0.63,0.91,0.05,6.550000000000001,309.2388628884362,312.03612262814016,307.452539270489,311.9870300292969,45134700.0,-0.06,-0.9400000000000001,1.47,-0.95,10.33,315.9370827007676,317.79107666015625,315.3979017093552,317.79107666015625,2834200.0,0.32,-0.27,0.76,1.0,5.36,18.969999313354492,3.1,1
2023-04-11,393.78110489870676,394.66413487537017,392.4949321645028,393.2627868652344,59297900.0,0.03,0.16,0.5499999999999999,-0.3,6.7299999999999995,311.9477567831826,312.0066738913755,309.47440639730115,309.9847717285156,40113600.0,-0.64,-0.01,0.8099999999999999,-1.35,8.82,318.12217830432763,319.5978103851218,317.83841400693325,318.6802673339844,2343100.0,0.27999999999999997,0.1,0.5499999999999999,0.29,5.949999999999999,19.100000381469727,0.69,1
2023-04-12,395.32654344418415,395.6145110142537,391.0744888814298,391.65997314453125,86420400.0,-0.41000000000000003,0.52,1.15,-0.15,4.5600000000000005,311.937962530485,312.5268640380153,306.78512675695106,307.2464294433594,62813300.0,-0.88,0.63,1.8499999999999999,-1.8900000000000001,5.43,320.2978144980789,320.676205423075,317.7911333894402,318.4059753417969,3363800.0,-0.09,0.51,0.91,0.8,4.75,19.09000015258789,-0.05,-1
2023-04-13,392.7445509263928,397.21737725795947,391.60234704835096,396.86224365234375,85814800.0,1.3299999999999998,0.27999999999999997,1.43,1.44,6.619999999999999,309.00329632515286,313.7340977577321,307.8255231987492,313.26300048828125,54613800.0,1.96,0.5700000000000001,1.92,1.03,6.94,318.84121404687795,322.16137312484113,317.89529418714926,321.9627380371094,3040900.0,1.1199999999999999,0.13999999999999999,1.34,1.66,6.800000000000001,17.799999237060547,-6.76,1
2023-04-14,396.2287697684171,398.4171884519207,393.5892282764297,395.892822265625,78161500.0,-0.24,-0.16,1.22,0.8,4.53,311.71219883461987,314.43092227098646,309.768832905649,312.674072265625,56278300.0,-0.19,-0.5,1.49,0.16,3.9899999999999998,321.55599000075006,322.41678051193537,319.06821622383086,320.5154724121094,3107900.0,-0.44999999999999996,-0.13,1.04,1.18,5.1,17.06999969482422,-4.1000000000000005,-1
2023-04-17,395.80637894641507,397.3325100919648,394.5777937246766,397.3133239746094,66436400.0,0.36,-0.02,0.7000000000000001,1.06,6.140000000000001,312.261854645645,313.2924398141298,310.19091970365525,312.9390869140625,43007000.0,0.08,-0.13,0.9900000000000001,0.31,4.58,320.78026478738985,321.54645738901763,319.71137097181173,321.5370178222656,2226400.0,0.32,0.08,0.5700000000000001,1.18,6.7299999999999995,16.950000762939453,-0.7000000000000001,1
2023-04-18,398.8874459715307,399.02183667204184,396.1999248791392,397.5724792480469,63560000.0,0.06999999999999999,0.4,0.7100000000000001,1.0999999999999999,5.2,315.0492322620022,315.4712967532463,311.7612567220938,312.9586486816406,46746900.0,0.01,0.67,1.1900000000000002,0.96,4.21,321.55584345127346,321.8206997288387,319.62615979063037,321.42340087890625,2191100.0,-0.04,0.01,0.6799999999999999,0.86,5.43,16.829999923706055,-0.7100000000000001,1
2023-04-19,395.66238716810176,398.40749567354555,395.6047995275526,397.5052795410156,55227300.0,-0.02,-0.48,0.7000000000000001,1.49,3.82,310.5541022561888,313.87155230471603,310.4265034154332,312.8115234375,38960100.0,-0.05,-0.77,1.0999999999999999,1.81,2.7,320.7707628066447,321.2626594446646,319.9005329915186,320.6572570800781,2854700.0,-0.24,-0.2,0.42,0.7100000000000001,4.109999999999999,16.459999084472656,-2.1999999999999997,-1
2023-04-20,394.6929585087422,397.0829628319808,393.79071305675006,395.3360595703125,75840400.0,-0.5499999999999999,-0.7100000000000001,0.83,-0.38,5.04,309.8473756449807,313.3611056829367,309.14069983335924,310.42645263671875,62462100.0,-0.76,-0.95,1.35,-0.91,3.32,319.18162630902793,320.5248447693988,318.63300567247705,319.67352294921875,2179300.0,-0.31,-0.45999999999999996,0.59,-0.7100000000000001,5.55,17.170000076293945,4.31,-1
2023-04-21,395.6336418065236,396.10395069254025,393.6947893230702,395.64324951171875,73457400.0,0.08,0.08,0.61,-0.06,4.84,310.0633393438064,311.52575377293005,308.28684008542274,310.7503662109375,59002300.0,0.1,-0.12,1.04,-0.62,2.21,320.1411338736852,320.44397114304553,318.76879147822643,319.9991455078125,2470100.0,0.1,0.15,0.52,-0.16,5.4399999999999995,16.770000457763672,-2.33,1
2023-04-24,395.44166194381876,396.4782981802782,394.1075090570705,396.05596923828125,64332100.0,0.1,-0.05,0.6,-0.32,4.2700000000000005,310.52463472855015,311.85945029215236,307.93347987763684,310.10260009765625,44043100.0,-0.21,-0.06999999999999999,1.26,-0.91,1.63,319.8097955752508,320.75623040141545,319.147279643776,320.60479736328125,2288800.0,0.19,-0.06,0.5,-0.29,5.1499999999999995,16.889999389648438,0.72,1
2023-04-25,394.088292257947,394.6450119030647,389.7114553215701,389.76904296875,97766700.0,-1.59,-0.5,1.25,-1.96,2.42,308.4732736850432,309.1406813692748,304.15471285096964,304.2528381347656,57121600.0,-1.8900000000000001,-0.53,1.6099999999999999,-2.78,0.4,320.0559428612352,320.53860508021455,317.2450297014429,317.3680419921875,2745300.0,-1.01,-0.16999999999999998,1.03,-1.26,3.45,18.760000228881836,11.07,-1
2023-04-26,390.3833857943013,391.4583943618871,387.56147365849546,388.1181640625,80447000.0,-0.42,0.16,1.0,-2.36,2.21,307.63900335088084,309.1112420614219,305.5778631655687,306.0980529785156,55400500.0,0.61,1.11,1.16,-2.15,1.55,317.6236172428677,318.43753754433186,314.5098377559993,315.1155700683594,3588400.0,-0.7100000000000001,0.08,1.24,-1.73,2.88,18.84000015258789,0.43,-1
2023-04-27,390.65214704527966,396.11360078097556,390.4025810177756,395.8448486328125,92968400.0,1.9900000000000002,0.65,1.47,0.13,2.76,309.85723831198396,314.92171397402467,309.21924413400245,314.4211730957031,65430400.0,2.7199999999999998,1.23,1.8599999999999999,1.29,2.44,316.27960282932503,320.4439105453219,315.94834484310815,320.08428955078125,3066600.0,1.58,0.37,1.43,0.13,3.46,17.030000686645508,-9.610000000000001,1
2023-04-28,394.9617875942257,399.23305741321724,394.90419994068407,399.22344970703125,89433100.0,0.8500000000000001,-0.22,1.09,0.8999999999999999,3.0300000000000002,314.1855717047368,316.6785712153417,313.0568612415905,316.5902404785156,59712600.0,0.69,-0.06999999999999999,1.15,1.8800000000000001,2.18,319.12841890801405,322.77219942257614,319.0716351188337,322.7627258300781,3651100.0,0.84,-0.3,1.16,0.86,3.88,15.779999732971191,-7.340000000000001,1
2023-05-01,398.781880454679,400.845515871164,398.5899021077479,398.8202819824219,62122300.0,-0.1,-0.11,0.5700000000000001,0.7000000000000001,1.49,316.1289870712789,317.64049424915646,315.14749434978614,316.2271423339844,41013400.0,-0.11,-0.15,0.79,1.9800000000000002,0.38999999999999996,322.82898261097995,324.239161511175,322.03398068103013,322.12860107421875,2296200.0,-0.2,0.02,0.6799999999999999,0.48,2.3800000000000003,16.079999923706055,1.9,-1
2023-05-02,398.1099974743272,398.1580067083917,391.43917444922255,394.3378601074219,103998500.0,-1.1199999999999999,-0.18,1.68,1.17,-0.03,316.1583348327076,316.4822441061862,311.73179441549286,313.46905517578125,56519400.0,-0.8699999999999999,-0.02,1.5,3.0300000000000002,-0.24,321.73109317976395,321.7878769650668,316.40265988993104,318.8255310058594,3275800.0,-1.03,-0.12,1.67,0.45999999999999996,0.33999999999999997,17.780000686645508,10.57,-1
2023-05-03,394.83697342513307,397.24616414474065,391.39117573178515,391.6311340332031,91531800.0,-0.69,0.13,1.48,0.91,-0.16,313.83224897780207,316.5019099639338,311.3098058864839,311.41778564453125,59882100.0,-0.65,0.12,1.66,1.7399999999999998,-0.5599999999999999,319.0717542190967,320.0654997835938,316.0431495454341,316.2135009765625,3924100.0,-0.8200000000000001,0.08,1.26,0.35000000000000003,0.11,18.34000015258789,3.15,-1
2023-05-04,390.5849268562114,390.91126663739385,387.52305652796423,388.85723876953125,94901900.0,-0.7100000000000001,-0.27,0.8699999999999999,-1.77,-0.61,311.1920247548366,312.34038421478306,309.28792681621553,310.3185119628906,50224500.0,-0.35000000000000003,-0.06999999999999999,0.98,-1.3,0.08,315.4278350734248,315.7212275936582,311.727270998816,313.582275390625,3576800.0,-0.83,-0.25,1.26,-2.03,-0.9900000000000001,20.09000015258789,9.54,-1
2023-05-05,392.48538864162396,397.1021838881152,392.22624422840113,396.05596923828125,87891800.0,1.8499999999999999,0.9299999999999999,1.25,-0.79,0.84,312.5759436628054,317.7680478062891,310.3577608434829,316.9141540527344,51806100.0,2.13,0.73,2.39,0.1,1.52,316.3554192822,319.42185989465804,316.05255310536484,318.693115234375,3542700.0,1.63,0.88,1.0699999999999998,-1.26,0.6,17.190000534057617,-14.44,1
2023-05-08,396.3823627822816,396.64150723066325,394.76024214675766,396.1615905761719,50046800.0,0.03,0.08,0.47000000000000003,-0.67,0.76,316.45282560845146,318.04283866891797,315.3731778659205,317.6993103027344,36465800.0,0.25,-0.15,0.84,0.47000000000000003,1.83,319.1093906035338,319.31760738638735,317.1407903142105,318.21026611328125,1789900.0,-0.15,0.13,0.6799999999999999,-1.22,0.13,16.979999542236328,-1.22,1
2023-05-09,394.61632532779277,395.53775722488086,394.1939962725041,394.4243469238281,49220100.0,-0.44,-0.38999999999999996,0.33999999999999997,0.02,0.3,316.0406093268182,316.9043275857456,315.37320156411107,315.6872863769531,31768800.0,-0.63,-0.52,0.48,0.7100000000000001,1.8399999999999999,317.44384308037917,318.64580542129966,317.1977606787297,317.7845458984375,1924900.0,-0.13,-0.24,0.45999999999999996,-0.33,-0.27999999999999997,17.709999084472656,4.3,-1
2023-05-10,397.2557473304781,397.8892407221348,392.44697389350114,396.2671203613281,96142900.0,0.47000000000000003,0.72,1.38,1.18,1.18,318.1213255801761,319.9763606733042,315.6479754087776,319.1224670410156,60446600.0,1.09,0.77,1.37,2.4699999999999998,3.8699999999999997,319.32716453823537,319.7530718431506,314.680165203153,317.51947021484375,3365500.0,-0.08,0.49,1.6,0.41000000000000003,-0.27999999999999997,16.940000534057617,-4.35,1
2023-05-11,395.40334787228096,395.86404911911495,393.5028673537258,395.57611083984375,70157100.0,-0.16999999999999998,-0.22,0.6,1.73,-0.32,319.67212605397896,320.7026812198648,318.1213510973268,320.1628723144531,44278500.0,0.33,0.16999999999999998,0.8099999999999999,3.17,2.1999999999999997,315.8631088332136,315.98614996598224,313.7147124532289,315.4750671386719,2744700.0,-0.64,-0.52,0.72,0.6,-2.02,16.93000030517578,-0.06,-1
2023-05-12,396.8143117058912,397.02547621204064,392.6390308249023,395.05780029296875,70481500.0,-0.13,0.31,1.11,-0.25,-0.21,320.6929009402905,321.1149655466189,316.9632408273955,319.0145568847656,48432800.0,-0.36,0.16999999999999998,1.3,0.66,2.03,316.5067635189046,316.5351554098308,313.5633360393562,315.35211181640625,2636400.0,-0.04,0.33,0.9400000000000001,-1.05,-1.6099999999999999,17.030000686645508,0.59,-1
2023-05-15,395.6624389099318,396.8238288685914,393.75238023444746,396.42071533203125,54289400.0,0.33999999999999997,0.15,0.7799999999999999,0.06999999999999999,-0.22,319.4856037559259,320.97746143515667,317.96427254975384,320.7419128417969,33375600.0,0.54,0.15,0.9400000000000001,0.96,2.4899999999999998,315.64554810130886,316.3553743558262,314.08390723504726,315.8916015625,2171000.0,0.16999999999999998,0.09,0.72,-0.73,-1.76,17.1200008392334,0.53,1
2023-05-16,395.31695461644586,396.238415734528,393.762029255893,393.7716369628906,57705500.0,-0.67,-0.27999999999999997,0.62,-0.16999999999999998,-0.96,320.0254243410232,322.81285929154046,319.98615625643214,321.1050720214844,40019200.0,0.11,-0.22,0.88,1.72,2.6,314.8884192002578,315.2291508609599,312.58858880142145,312.65484619140625,2265200.0,-1.02,-0.32,0.84,-1.6099999999999999,-2.73,17.989999771118164,5.08,-1
2023-05-17,395.7872502342352,399.1562450551422,394.14594356293253,398.55157470703125,87287000.0,1.21,0.51,1.27,0.58,0.26,322.1650875880521,325.5708677503054,320.9873145634712,324.9917907714844,47486100.0,1.21,0.33,1.43,1.8399999999999999,3.8899999999999997,314.3488875835237,317.2165840477982,313.1658440110854,316.6865539550781,3068800.0,1.29,0.54,1.3,-0.26,-1.24,16.8700008392334,-6.23,1
2023-05-18,398.23480532655367,402.8132286270494,398.0140624281471,402.3908996582031,97177200.0,0.96,-0.08,1.2,1.72,1.78,325.3843724071153,331.24388364276535,325.3647533407416,331.0279541015625,64213500.0,1.8599999999999999,0.12,1.81,3.39,6.64,316.0146567910473,318.4186099004884,314.9262622622892,318.0589599609375,3553500.0,0.43,-0.21,1.0999999999999999,0.8200000000000001,-0.51,16.049999237060547,-4.859999999999999,1
2023-05-19,403.29314851307697,403.8210450825171,400.5864117249465,401.8053894042969,103793300.0,-0.15,0.22,0.8,1.71,1.5599999999999998,331.2438869159886,331.95056269847424,329.22201480691604,330.28204345703125,61554900.0,-0.22999999999999998,0.06999999999999999,0.8200000000000001,3.53,6.29,318.6527446065551,319.1175215487372,316.05390715392497,316.97393798828125,3706700.0,-0.33999999999999997,0.19,0.96,0.51,-0.95,16.809999465942383,4.74,-1
2023-05-22,401.8245977682805,403.50430592203884,400.58640469895295,401.96856689453125,60745400.0,0.04,0.0,0.73,1.4000000000000001,1.49,330.0268852313511,332.40211049164327,330.0170607205077,331.39117431640625,43015900.0,0.33999999999999997,-0.08,0.72,3.32,6.87,316.90742613787586,317.8843633665432,314.9156042210057,315.7502746582031,2555100.0,-0.38999999999999996,-0.02,0.9400000000000001,-0.04,-1.51,17.209999084472656,2.3800000000000003,1
2023-05-23,400.32722839371974,401.9013689419868,397.0638012887145,397.45733642578125,86383500.0,-1.1199999999999999,-0.41000000000000003,1.2,0.9400000000000001,1.97,329.67354301090694,330.8218725069687,326.8370151983698,327.1903381347656,48216700.0,-1.27,-0.52,1.2,1.9,7.539999999999999,314.66911857863164,315.9400838973285,313.0756431690441,313.5783386230469,2526200.0,-0.69,-0.33999999999999997,0.91,0.3,-1.1900000000000002,18.530000686645508,7.670000000000001,-1
2023-05-24,395.85441436146004,396.2383417764392,393.4164298740769,394.57781982421875,89213700.0,-0.72,-0.4,0.7100000000000001,-1.0,1.66,325.2372071881873,326.7487142213428,323.460707928602,325.51202392578125,62891200.0,-0.51,-0.6,1.0,0.16,6.34,312.99968683221573,313.2273137055556,310.6095178258523,311.1122131347656,2978300.0,-0.79,-0.18,0.83,-1.76,-1.27,20.030000686645508,8.09,-1
2023-05-25,398.0812240048889,399.4442000783956,395.84482546980115,397.9948425292969,90961600.0,0.8699999999999999,0.89,0.91,-1.09,0.54,332.8634256751795,334.6988121050236,330.43913767543575,333.43267822265625,66862800.0,2.4299999999999997,2.26,1.31,0.73,6.05,311.16915293052097,311.7951558441816,309.03506392981035,310.8656311035156,3499900.0,-0.08,0.02,0.89,-2.26,-2.88,19.139999389648438,-4.44,1
2023-05-26,398.64748907245814,403.8689837488059,398.57071530888675,403.14910888671875,93830000.0,1.3,0.16,1.3299999999999998,0.33,0.98,334.4534083996253,342.7862705013703,334.3552531548107,341.9519958496094,63007000.0,2.56,0.31,2.53,3.53,8.01,311.22606418039646,314.53626412709275,311.02689064215565,313.79644775390625,3580000.0,0.9400000000000001,0.12,1.13,-1.0,-2.78,17.950000762939453,-6.22,1
2023-05-30,405.07833981829293,405.6062362776454,401.92048089068174,403.3026428222656,72216000.0,0.04,0.48,0.91,0.33,1.1199999999999999,346.18226337556894,347.37968560384667,342.07963129694366,343.5028076171875,72652200.0,0.44999999999999996,1.24,1.55,3.65,8.63,313.6161358838731,314.2516327115614,311.97527757515104,313.4928283691406,3474500.0,-0.1,-0.06,0.73,-0.7100000000000001,-2.68,17.459999084472656,-2.73,1
2023-05-31,401.4790359496369,402.3812815149699,399.50178187032054,401.0663146972656,110811800.0,-0.5499999999999999,-0.44999999999999996,0.7100000000000001,0.91,1.71,341.92259358572744,344.1113330031778,340.0970316132511,341.54962158203125,65105400.0,-0.5700000000000001,-0.45999999999999996,1.17,4.390000000000001,8.959999999999999,312.47803120196136,313.16094076508784,310.8181843835014,312.5444030761719,3067600.0,-0.3,-0.32,0.75,-0.33,-1.97,17.940000534057617,2.75,-1
2023-06-01,401.2966730663804,405.9326839874396,400.0489015795839,404.8768615722656,88865000.0,0.95,0.06,1.47,2.6100000000000003,3.38,341.29439159721204,346.8201691113252,340.2441874526576,345.49517822265625,50488600.0,1.16,-0.06999999999999999,1.9300000000000002,6.140000000000001,10.94,311.9658750299888,314.87772784864694,310.4577889477117,313.89129638671875,3081300.0,0.43,-0.19,1.41,0.89,-0.73,15.649999618530273,-12.76,1
2023-06-02,407.44919955900986,411.5188830151562,406.92130300774403,410.7318420410156,91426200.0,1.4500000000000002,0.64,1.1400000000000001,3.2,5.63,347.2520899972519,349.2445188924592,345.4952397075679,348.08636474609375,53372100.0,0.75,0.51,1.09,4.390000000000001,12.17,316.0728278674592,321.0618634272737,315.94952030488776,320.6540222167969,5584700.0,2.15,0.69,1.63,3.15,2.26,14.600000381469727,-6.710000000000001,1
2023-06-05,411.0773593229492,412.36353228842165,409.2440744066445,409.94476318359375,65460200.0,-0.19,0.08,0.76,1.69,3.51,347.8703928659199,350.883582144611,347.30114037340985,348.3316955566406,47266200.0,0.06999999999999999,-0.06,1.03,1.87,9.91,320.7868911530406,321.0430004584092,318.65280131734687,318.8140563964844,3415600.0,-0.5700000000000001,0.04,0.75,1.6,0.04,14.729999542236328,0.89,-1
2023-06-06,409.5320736758542,411.3653294424387,408.87936479133043,410.8374328613281,64022200.0,0.22,-0.1,0.61,1.87,3.6999999999999997,347.7231632246743,349.2346700680704,346.3981423533168,348.2727966308594,41390400.0,-0.02,-0.16999999999999998,0.8099999999999999,1.39,9.62,318.7190355218283,319.3924509687029,317.2394029917042,318.8518371582031,2824900.0,0.01,-0.03,0.6799999999999999,1.71,0.2,13.960000038146973,-5.2299999999999995,1
2023-06-07,411.2309384070294,412.3635345526036,408.9945106484148,409.4168395996094,85373300.0,-0.35000000000000003,0.1,0.8200000000000001,2.08,3.8,348.5575048261277,350.5106657001321,341.7361186292804,342.3642883300781,69225900.0,-1.7000000000000002,0.08,2.52,0.24,8.450000000000001,319.20277400892013,320.1322696889495,318.6241837888121,319.8003234863281,2739000.0,0.3,0.11,0.47000000000000003,2.32,0.63,13.9399995803833,-0.13999999999999999,-1
2023-06-08,409.4840283285931,412.344341762355,408.71617349799953,411.8932189941406,61952800.0,0.6,0.02,0.89,1.73,3.94,342.6586610808147,347.0753773858951,342.4329369727751,346.61407470703125,47153900.0,1.24,0.09,1.3599999999999999,0.32,8.61,319.8571823512072,321.78260318733976,319.4018997352399,321.35577392578125,2700300.0,0.49,0.02,0.74,2.3800000000000003,1.21,13.649999618530273,-2.08,1
2023-06-09,412.6898813507892,414.63834160760314,411.64366666036057,412.6322937011719,85742800.0,0.18,0.19,0.73,0.45999999999999996,4.31,348.0666552011465,351.04057598013395,346.4962613679001,347.9390563964844,53196900.0,0.38,0.42,1.31,-0.04,8.68,321.1281929117314,322.73113297814285,320.89107194268155,321.7921142578125,3162300.0,0.13999999999999999,-0.06999999999999999,0.5700000000000001,0.35000000000000003,2.0,13.829999923706055,1.32,1
2023-06-12,413.61131547404943,416.45241340725585,412.8914406087862,416.3756103515625,76104300.0,0.91,0.24,0.86,1.5699999999999998,5.4,349.59780119658103,353.91636202351594,348.6261332475332,353.8182067871094,44606500.0,1.69,0.48,1.52,1.58,10.91,322.2379451966168,323.71757792235564,321.75423803906324,323.59429931640625,2035500.0,0.5599999999999999,0.13999999999999999,0.61,1.5,2.6100000000000003,15.010000228881836,8.53,1
2023-06-13,417.8346155400201,419.76386044542505,417.1723282571571,419.12078857421875,95899700.0,0.66,0.35000000000000003,0.62,2.02,5.7299999999999995,356.5664308825815,357.3712319959438,353.3667556384782,356.5369873046875,57097800.0,0.77,0.7799999999999999,1.13,2.37,11.16,324.13490344767376,325.9275520492197,324.00213074317054,324.9695739746094,3259300.0,0.42,0.16999999999999998,0.6,1.92,2.87,14.609999656677246,-2.6599999999999997,1
2023-06-14,419.45671780561304,421.4243641568749,416.1740753599218,419.619873046875,100612100.0,0.12,0.08,1.25,2.4899999999999998,6.5600000000000005,356.5468432282925,359.4128150986078,353.7496129885948,359.128173828125,69525600.0,0.73,0.0,1.59,4.9,11.84,323.80296520401055,324.4194740121633,320.91007164970245,322.8829345703125,3766000.0,-0.64,-0.36,1.08,0.96,3.27,13.880000114440918,-5.0,1
2023-06-15,418.8040012480244,426.0699454976172,418.7080413628314,424.8221740722656,110303100.0,1.24,-0.19,1.7500000000000002,3.1399999999999997,6.59,357.86195327861964,364.8894429222012,357.2436381860123,363.40740966796875,71138800.0,1.1900000000000002,-0.35000000000000003,2.13,4.84,11.82,322.8165063662534,327.77705871826987,322.65525136465993,327.0087890625,4722500.0,1.28,-0.02,1.59,1.76,3.26,14.5,4.47,1
2023-06-16,426.80484934957235,427.3732510116979,422.9030966686289,423.3751525878906,114165800.0,-0.33999999999999997,0.47000000000000003,1.05,2.6,5.21,365.8219021049376,365.94950092806926,360.6788907605711,361.12054443359375,80932000.0,-0.63,0.66,1.4500000000000002,3.7900000000000005,9.09,328.2979095974317,328.65915125505245,325.797764556173,326.01641845703125,5576800.0,-0.3,0.38999999999999996,0.88,1.31,2.5,13.539999961853027,-6.619999999999999,-1
2023-06-20,421.4386947666536,422.3250049416328,419.107257409602,421.1785583496094,76160400.0,-0.52,-0.45999999999999996,0.76,1.15,4.82,359.66995860384486,361.999282329097,357.6453125814142,360.6036376953125,49204700.0,-0.13999999999999999,-0.4,1.21,1.92,9.180000000000001,324.4477205297828,324.7424114317835,322.261298545122,323.6492004394531,3387200.0,-0.73,-0.48,0.76,0.02,2.11,13.880000114440918,2.5100000000000002,-1
2023-06-21,420.1959468611093,420.99555478179644,418.4329109170005,419.0205993652344,76982300.0,-0.51,-0.22999999999999998,0.61,-0.02,4.24,359.46348986847545,359.89594138420165,354.76552112387077,355.68939208984375,53378300.0,-1.3599999999999999,-0.32,1.4200000000000002,-0.24,7.33,322.8506646843196,324.07697680423104,321.95707650524855,322.6700439453125,3050700.0,-0.3,-0.25,0.65,-0.7100000000000001,2.19,13.199999809265137,-4.9,-1
2023-06-22,418.0668439684426,420.6391018260277,417.72964857046975,420.53314208984375,70637200.0,0.36,-0.22999999999999998,0.69,0.22,5.81,354.4411428136905,360.04330568608754,354.03817532737975,359.8860778808594,47603000.0,1.18,-0.35000000000000003,1.69,0.21,9.99,322.20438158707145,323.14548971519565,321.5389334291518,322.5846252441406,2605500.0,-0.03,-0.13999999999999999,0.5,-0.09,2.87,12.90999984741211,-2.1999999999999997,1
2023-06-23,417.0841314152319,419.13617505158805,416.6409763099136,417.3538818359375,92074500.0,-0.76,-0.8200000000000001,0.59,-1.76,5.7700000000000005,355.9940972689347,358.61829053341046,354.6279666884513,356.3184509277344,48922900.0,-0.9900000000000001,-1.08,1.11,-1.95,9.46,320.4742655119811,321.4914398602491,319.6187099616767,320.5122985839844,3721600.0,-0.64,-0.65,0.58,-1.9900000000000002,3.02,13.4399995803833,4.109999999999999,-1
2023-06-26,416.7854848977608,418.70263864501453,415.4078319979814,415.648681640625,72823600.0,-0.41000000000000003,-0.13999999999999999,0.79,-1.82,4.44,355.78764942462146,358.57890804736354,351.4533266707655,351.5417785644531,52685500.0,-1.34,-0.15,2.0,-2.65,5.43,320.170048547395,321.38684571533315,319.36204161604974,320.4932861328125,2301900.0,-0.01,-0.11,0.63,-1.69,3.1,14.25,6.03,-1
2023-06-27,416.52540707007813,420.8221567639146,416.0726085341393,420.2055969238281,72813700.0,1.0999999999999999,0.21,1.1400000000000001,-0.22999999999999998,4.2299999999999995,353.0848841102833,358.31359439431293,352.35759290319345,357.5862731933594,49428100.0,1.72,0.44,1.69,-0.84,4.569999999999999,320.4552390003188,322.8793177094505,320.4552390003188,322.4800720214844,1778800.0,0.62,-0.01,0.76,-0.36,2.77,13.739999771118164,-3.58,1
2023-06-28,419.1265614695,421.4290983033547,418.5100016357142,420.41754150390625,75636000.0,0.05,-0.26,0.69,0.33,4.24,355.76802304065137,360.23008989079324,355.689379134913,358.2840881347656,46498000.0,0.2,-0.51,1.27,0.73,4.3,322.00473612902334,322.2043589580868,320.76890806692865,321.90966796875,2305000.0,-0.18,-0.15,0.44999999999999996,-0.24,2.68,13.430000305175781,-2.26,1
2023-06-29,420.0032229268465,422.2383146152685,419.59861200085055,422.07452392578125,67882300.0,0.38999999999999996,-0.1,0.63,0.37,5.24,357.98926395760606,358.62813329590955,355.9253260746323,357.566650390625,46151000.0,-0.2,-0.08,0.75,-0.64,4.6899999999999995,321.7005736123653,324.5334427158156,321.4153690925441,324.3147888183594,2902700.0,0.75,-0.06,0.97,0.54,3.7699999999999996,13.539999961853027,0.8200000000000001,1
2023-06-30,425.28267848094407,428.0379843526411,424.96474047999936,427.0553283691406,104964000.0,1.18,0.76,0.73,2.32,5.48,361.2423581538513,364.1319063790845,360.9278725599883,363.0802917480469,58712500.0,1.54,1.03,0.8999999999999999,1.9,5.09,326.2731420852511,327.5659766877394,325.8358632062612,326.8720397949219,3027500.0,0.79,0.6,0.53,1.9800000000000002,4.14,13.59000015258789,0.37,1
2023-07-03,426.70853977944085,427.82605633249915,426.4291459408796,427.54669189453125,32793400.0,0.12,-0.08,0.33,2.86,4.09,363.7191990468585,364.56442610409556,362.63807025771337,363.9354248046875,19432900.0,0.24,0.18,0.53,3.53,4.55,326.0639109401528,327.518363959719,325.8547725773713,327.0810852050781,1698400.0,0.06,-0.25,0.51,2.06,2.0,13.569999694824219,-0.15,1
2023-07-05,425.7355105986345,427.6430505530816,425.725867203726,426.9108581542969,58418400.0,-0.15,-0.42,0.44999999999999996,1.6,4.14,362.372725830964,365.62592029282894,362.33340387544496,363.92559814453125,34460900.0,-0.0,-0.43,0.8999999999999999,1.77,4.4799999999999995,325.4745395622269,326.76737383934153,325.35095384235194,325.88330078125,2717000.0,-0.37,-0.49,0.43,1.06,2.22,14.180000305175781,4.5,-1
2023-07-06,423.3366648166022,423.9917688689175,421.063028622468,423.56787109375,80658300.0,-0.7799999999999999,-0.84,0.69,0.75,3.1,360.2203126942512,361.5962812236896,358.264442790466,361.15399169921875,49374700.0,-0.76,-1.02,0.9199999999999999,0.8,3.6999999999999997,323.4401821830334,324.03907972571415,321.02561899385904,322.4800720214844,3742400.0,-1.04,-0.75,0.9199999999999999,0.18,1.1400000000000001,15.4399995803833,8.89,-1
2023-07-07,422.5755319557256,426.438769743823,422.2575939538954,422.4984436035156,86134200.0,-0.25,-0.22999999999999998,0.9900000000000001,0.1,3.2,360.92792588819304,364.12215218790664,359.7288612774692,359.95489501953125,47133700.0,-0.33,-0.06,1.22,0.67,5.140000000000001,321.282265775865,323.59227420819315,320.5407805132389,320.7689208984375,2852200.0,-0.53,-0.37,0.95,-1.09,0.3,14.829999923706055,-3.95,-1
2023-07-10,422.14203044995077,423.74127580161087,421.5736287515659,423.56787109375,62443500.0,0.25,-0.08,0.51,-0.8200000000000001,2.83,359.6796549287457,360.7509455502349,357.1734281529696,360.0727844238281,48498800.0,0.03,-0.08,0.9900000000000001,-0.83,3.88,320.7404523318016,322.87935580187093,320.5218274328427,322.81280517578125,2560200.0,0.64,-0.01,0.73,-1.24,0.44999999999999996,15.069999694824219,1.6199999999999999,1
2023-07-11,424.32893908451956,426.7566930521444,423.3558970583311,426.2653503417969,64463800.0,0.64,0.18,0.8,-0.3,3.3000000000000003,360.49545377279605,362.30387357517714,358.3626803681237,361.8517761230469,38214100.0,0.49,0.12,1.09,-0.5700000000000001,4.0,323.9155627091522,325.98794475890895,323.1645907522683,325.7217712402344,2477100.0,0.8999999999999999,0.33999999999999997,0.8699999999999999,-0.42,1.22,14.84000015258789,-1.53,1
2023-07-12,430.0515505672172,431.10165159958825,428.6257099376319,429.695068359375,91924500.0,0.8,0.89,0.58,0.65,3.2,365.95022361188575,367.7684815318609,363.9452239058997,366.4219970703125,61975400.0,1.26,1.13,1.06,0.69,3.56,327.87957776627405,328.82068581357095,326.20647100598717,326.66278076171875,4140200.0,0.29,0.66,0.8,0.24,0.95,13.539999961853027,-8.76,1
2023-07-13,431.50622355890425,433.89546265173254,431.07271183277675,433.10546875,72425200.0,0.79,0.42,0.66,2.25,3.34,369.5965346545085,373.46892209273324,369.0166633368068,372.6433410644531,46960000.0,1.7000000000000002,0.8699999999999999,1.22,3.18,4.52,327.3376611130442,327.8510058768117,326.72927721697357,326.93841552734375,2472300.0,0.08,0.21,0.33999999999999997,1.38,0.61,13.609999656677246,0.52,1
2023-07-14,433.99178336356243,434.83954937929775,432.0746002832751,432.835693359375,69815800.0,-0.06,0.2,0.64,2.45,3.15,373.07579318427884,376.289665406279,371.6899868150142,372.5647277832031,55148500.0,-0.02,0.12,1.23,3.5000000000000004,3.74,328.6401775862229,328.83982949127846,327.49944632224566,328.1268615722656,3293400.0,0.36,0.52,0.41000000000000003,2.29,1.6199999999999999,13.34000015258789,-1.9800000000000002,-1
2023-07-17,432.6912500682276,435.3887545883977,432.64306249429234,434.3386535644531,52680200.0,0.35000000000000003,-0.03,0.63,2.54,2.2399999999999998,373.28220093014846,376.918716845104,372.80061946885183,376.0439758300781,40868900.0,0.9299999999999999,0.19,1.11,4.44,3.4799999999999995,327.5469111383151,329.5812598521911,327.22370255036674,328.7732238769531,2860000.0,0.2,-0.18,0.72,1.8499999999999999,0.54,13.479999542236328,1.05,1
2023-07-18,434.01103608987984,438.2114395521847,433.57749499281715,437.56597900390625,80668200.0,0.74,-0.08,1.0699999999999998,2.65,3.35,375.4051399126897,380.48643025096686,373.4787840563649,379.1202697753906,55262000.0,0.8200000000000001,-0.16999999999999998,1.8599999999999999,4.77,4.9799999999999995,328.58311663997137,332.63278338501107,328.20287291520754,332.3190612792969,4617200.0,1.08,-0.06,1.35,2.03,1.9300000000000002,13.300000190734863,-1.34,1
2023-07-19,438.35601441060516,439.724023983291,437.48893213427476,438.5390625,65891700.0,0.22,0.18,0.51,2.06,4.12,380.1817339767386,381.32183065046223,377.70496086028794,379.03179931640625,54093000.0,-0.02,0.27999999999999997,0.95,3.44,5.11,333.09845657975575,335.0472520908799,333.09845657975575,333.3741455078125,5864300.0,0.32,0.22999999999999998,0.59,2.0500000000000003,3.0,13.760000228881836,3.46,1
2023-07-20,437.54673021651973,438.44268380742795,434.9166416038705,435.6295471191406,70591600.0,-0.66,-0.22999999999999998,0.8,0.58,3.9600000000000004,376.0439558023817,377.50840607614344,369.27221176229006,370.29437255859375,71941700.0,-2.31,-0.79,2.17,-0.63,4.109999999999999,334.09663630881744,336.41615993933283,334.0015681579157,335.0282287597656,4561300.0,0.5,0.22,0.72,2.4699999999999998,3.83,13.989999771118164,1.67,-1
2023-07-21,437.34439535359957,437.54673021651973,435.6199331260899,435.6295471191406,71275600.0,0.0,0.38999999999999996,0.44,0.65,3.5900000000000003,372.67287372158023,373.40019495574614,368.751355826418,369.1838073730469,60499600.0,-0.3,0.64,1.26,-0.91,2.58,335.64474098359705,336.1299372560011,334.5982534513565,335.0073547363281,2971700.0,-0.01,0.18,0.45999999999999996,2.1,3.85,13.600000381469727,-2.79,0
2023-07-24,436.77598531715506,438.38487379289774,435.7451418375123,437.57562255859375,54023400.0,0.44999999999999996,0.26,0.61,0.75,4.8500000000000005,370.15675956883325,371.1002764580917,367.9158882106813,369.7734680175781,40380100.0,0.16,0.26,0.86,-1.67,3.7800000000000002,335.5495673854213,337.31908777140575,335.3783319059789,336.8434143066406,3073700.0,0.5499999999999999,0.16,0.58,2.45,5.1,13.90999984741211,2.2800000000000002,1
2023-07-25,437.3059387900186,440.0227007047043,437.2577512159894,438.7702941894531,55191200.0,0.27,-0.06,0.63,0.27999999999999997,5.56,370.48114209864303,373.94072429184797,370.4614661242125,372.27972412109375,38894400.0,0.6799999999999999,0.19,0.9400000000000001,-1.7999999999999998,5.8999999999999995,336.5866102464255,337.8994739594146,336.3487734587916,337.0813293457031,2548700.0,0.06999999999999999,-0.08,0.45999999999999996,1.43,5.18,13.859999656677246,-0.36,1
2023-07-26,437.8357951870991,440.26354925381463,436.78569416377627,438.8377380371094,71052900.0,0.02,-0.21,0.79,0.06999999999999999,4.43,371.23793110681225,372.73183551991457,368.7415117640106,371.0413513183594,47075700.0,-0.33,-0.27999999999999997,1.0699999999999998,-2.11,3.7600000000000002,335.95870562891866,338.9459202195649,335.93966010723585,337.9660339355469,3084700.0,0.26,-0.33,0.89,1.38,4.8,13.1899995803833,-4.83,1
2023-07-27,442.21912145778333,442.6237617206448,435.0225342585938,435.9281311035156,92194400.0,-0.66,0.77,1.73,0.06999999999999999,3.6900000000000004,376.4960914801021,378.10793162303287,368.8692522842773,370.1567687988281,63940200.0,-0.24,1.47,2.4899999999999998,-0.04,3.3099999999999996,338.54628679333905,339.0219602333563,334.9121637765373,335.60662841796875,4771000.0,-0.7000000000000001,0.16999999999999998,1.22,0.16999999999999998,4.25,14.40999984741211,9.25,-1
2023-07-28,439.1941936182639,441.024645224626,435.9282579906258,440.1961364746094,80011800.0,0.98,0.75,1.17,1.05,4.29,374.20601874396743,377.92114804569115,373.694953388114,376.8990173339844,56902900.0,1.82,1.09,1.1400000000000001,2.09,5.41,337.26205975865787,338.2514398098378,336.23458866260603,337.2335205078125,3219000.0,0.48,0.49,0.6,0.66,3.9800000000000004,13.329999923706055,-7.489999999999999,1
2023-07-31,440.66814456102355,441.39069349037516,439.35790721415856,441.03424072265625,62040400.0,0.19,0.11,0.45999999999999996,0.79,3.27,377.2038004977551,378.2750914433943,375.7786719037773,377.0956726074219,44019900.0,0.05,0.08,0.66,1.9800000000000002,3.8600000000000003,337.31913024560095,338.2990165450892,336.95761372160973,338.2704772949219,2201400.0,0.31,0.03,0.4,0.42,3.49,13.630000114440918,2.25,1
2023-08-01,439.5698819163366,440.51402315707037,438.81843216166044,439.772216796875,55291500.0,-0.29,-0.33,0.38,0.22999999999999998,2.86,375.7491432709596,376.97769191496076,374.1569490273522,376.2209167480469,41060600.0,-0.22999999999999998,-0.36,0.75,1.06,3.38,337.98506767729856,339.3455160707289,337.8614169440857,338.8698425292969,2581900.0,0.18,-0.08,0.44,0.53,3.5999999999999996,13.930000305175781,2.1999999999999997,-1
2023-08-02,436.66043160748643,436.9205386548979,432.9031828085776,433.6546325683594,93933400.0,-1.39,-0.7100000000000001,0.91,-1.18,1.58,372.75147785059374,372.75147785059374,366.72667080407234,367.9650573730469,72687100.0,-2.19,-0.9199999999999999,1.6,-0.83,1.11,337.23354982653126,337.9185209391803,334.97883268248694,335.57818603515625,5061000.0,-0.97,-0.48,0.8699999999999999,-0.7100000000000001,2.97,16.09000015258789,15.509999999999998,-1
2023-08-03,431.64112757810364,434.2904737931767,430.9956375639887,432.4118347167969,64276100.0,-0.29,-0.45999999999999996,0.76,-0.8099999999999999,2.09,365.5570778539925,369.49827117137113,365.3899820551256,367.3753356933594,47666400.0,-0.16,-0.65,1.1199999999999999,-0.75,1.72,334.4936137874124,336.1965330607556,334.03695677180565,334.8646240234375,3307000.0,-0.21,-0.32,0.64,-0.22,3.84,15.920000076293945,-1.06,-1
2023-08-04,434.2230384704291,436.3232404604835,429.9359027397443,430.4561462402344,100128900.0,-0.44999999999999996,0.42,1.48,-2.21,1.8800000000000001,369.3017502778893,371.6114279018202,365.1541685427449,365.6554260253906,61702800.0,-0.47000000000000003,0.52,1.76,-2.98,1.58,335.9396414378701,337.6901163997675,333.16172451046117,333.5898132324219,4269400.0,-0.38,0.32,1.35,-1.08,4.0,17.100000381469727,7.41,-1
2023-08-07,432.28658168791264,434.36752621178806,431.59293351328745,434.21337890625,58357500.0,0.8699999999999999,0.43,0.64,-1.55,2.5100000000000002,367.46376534482164,368.8495716143789,365.13444225121697,368.75128173828125,37230400.0,0.8500000000000001,0.49,1.02,-2.21,2.41,334.9122062141049,337.6045054513174,334.759987210075,337.3666687011719,2390800.0,1.13,0.4,0.8500000000000001,-0.27,4.51,15.770000457763672,-7.779999999999999,1
2023-08-08,431.6796137883657,434.2037427118271,428.9724661870649,432.3251037597656,71361300.0,-0.43,-0.58,1.2,-1.69,1.4200000000000002,366.24508962124304,366.2647356007834,362.490637952567,365.6160583496094,44726500.0,-0.8500000000000001,-0.6799999999999999,1.02,-2.82,1.04,335.2737888878574,336.1585348051351,332.8954209170171,335.8445739746094,3033600.0,-0.44999999999999996,-0.62,0.97,-0.89,3.11,15.989999771118164,1.4000000000000001,-1
2023-08-09,432.5948520910791,432.7586427817327,428.67381291504086,429.4349060058594,78789600.0,-0.67,0.06,0.9400000000000001,-0.97,-0.06,365.9010914931724,366.05834931171427,360.83947730891896,361.59625244140625,51150900.0,-1.0999999999999999,0.08,1.43,-1.73,-1.32,335.70184739332,336.47243622367296,333.4852214190672,334.189208984375,2873300.0,-0.49,-0.04,0.89,-0.41000000000000003,2.3,15.960000038146973,-0.19,-1
2023-08-10,431.7856284811605,435.16716703483127,428.42337671620794,429.5890808105469,93005500.0,0.04,0.5499999999999999,1.5699999999999998,-0.65,-0.8099999999999999,364.6037180742225,367.93552607556165,360.74116871206576,362.2645568847656,72035300.0,0.18,0.83,1.9900000000000002,-1.39,-2.79,335.96827005831733,338.60352047889245,334.10363760787845,334.76959228515625,4133500.0,0.16999999999999998,0.53,1.35,-0.03,2.4,15.850000381469727,-0.69,1
2023-08-11,427.7200290859293,430.35011754971424,427.1227267257981,429.3385314941406,68690900.0,-0.06,-0.44,0.75,-0.26,-0.8099999999999999,359.70918530416867,361.6847010137196,358.4315067818279,359.95489501953125,48707200.0,-0.64,-0.7100000000000001,0.8999999999999999,-1.5599999999999998,-3.38,334.1035343311548,336.5104409291227,333.5517368473366,335.8254699707031,2602600.0,0.32,-0.2,0.88,0.67,2.35,14.84000015258789,-6.370000000000001,-1
2023-08-14,428.4234238736149,431.7085876464844,428.1151292261153,431.7085876464844,47867400.0,0.5499999999999999,-0.21,0.84,-0.58,-0.61,359.15880428458615,364.1123206320641,358.44135109912753,363.994384765625,42130800.0,1.1199999999999999,-0.22,1.58,-1.29,-3.2,335.56873200018225,336.30125894408883,334.65541772007396,336.0253601074219,3134100.0,0.06,-0.08,0.49,-0.4,2.21,14.819999694824219,-0.13,1
2023-08-15,429.9358890851779,430.2923712690211,426.1111954097984,426.67962646484375,75707500.0,-1.16,-0.41000000000000003,0.97,-1.31,-2.4899999999999998,363.02141617787123,363.81754340068306,359.46354362503484,360.13189697265625,45539900.0,-1.06,-0.27,1.2,-1.5,-5.01,334.5601736182517,334.8931218035466,332.19130011958,332.6003723144531,2818700.0,-1.02,-0.44,0.8,-0.97,0.08,16.459999084472656,11.07,-1
2023-08-16,426.26537646534126,427.9224233894094,423.4426253576642,423.5486145019531,80107200.0,-0.73,-0.1,1.05,-1.37,-3.42,359.5912915220789,361.12451792586296,356.2201610313143,356.3184509277344,53190500.0,-1.06,-0.15,1.3599999999999999,-1.46,-5.99,332.30547420625595,334.41746557231767,330.79283605706104,330.84991455078125,3586800.0,-0.53,-0.09,1.09,-1.0,-0.76,16.780000686645508,1.94,-1
2023-08-17,425.0128824284278,425.27298943715965,419.8008930565569,420.3211364746094,95711300.0,-0.76,0.35000000000000003,1.29,-2.16,-3.51,357.71403918779725,358.0580388030528,352.0135855407682,352.4263610839844,62604300.0,-1.09,0.38999999999999996,1.7000000000000002,-2.7199999999999998,-4.83,331.9725741336529,332.324567906895,328.04350606037724,328.2718200683594,4804100.0,-0.7799999999999999,0.33999999999999997,1.29,-1.94,-2.02,17.889999389648438,6.619999999999999,-1
2023-08-18,417.5080258452247,421.5543115245304,417.1612164787308,420.5234680175781,98852000.0,0.05,-0.67,1.05,-2.0500000000000003,-3.47,349.1633272225095,353.2421023084122,348.6227478776219,351.98406982421875,61191400.0,-0.13,-0.9299999999999999,1.31,-2.21,-4.66,326.7473571527545,329.5675039692464,326.4900946798717,328.8148193359375,3525400.0,0.16999999999999998,-0.45999999999999996,0.9400000000000001,-2.09,-1.8499999999999999,17.299999237060547,-3.3000000000000003,1
2023-08-21,421.53502982303786,424.0013277942752,419.38666984217986,423.259521484375,68719000.0,0.65,0.24,1.0999999999999999,-1.96,-3.27,353.4485407972548,358.33325161164004,352.9866052878671,357.65509033203125,50696500.0,1.6099999999999999,0.42,1.52,-1.7399999999999998,-3.2800000000000002,328.98641139924246,329.38658144040875,326.3091711863159,328.3861999511719,3176500.0,-0.13,0.05,0.9400000000000001,-2.27,-2.5100000000000002,17.1299991607666,-0.98,1
2023-08-22,425.0321333206804,425.0321333206804,421.5542789285874,422.113037109375,64994200.0,-0.27,0.42,0.8200000000000001,-1.0699999999999998,-3.8,360.2595950388818,360.269433026143,356.4560132078878,357.1440124511719,44530200.0,-0.13999999999999999,0.73,1.0699999999999998,-0.83,-4.07,328.5005472148177,328.834017424754,326.38542903347536,326.7569885253906,2816000.0,-0.5,0.03,0.75,-1.76,-3.06,16.969999313354492,-0.9299999999999999,-1
2023-08-23,423.1727775700932,427.4310117399543,423.0282736798397,426.8144226074219,68441000.0,1.11,0.25,1.04,0.77,-2.74,358.3233759596713,363.86660148965944,358.1071502121783,362.775634765625,51770600.0,1.58,0.33,1.6099999999999999,1.81,-2.23,327.3000040460999,329.08165167977535,327.03323374387764,328.53857421875,2605400.0,0.5499999999999999,0.16999999999999998,0.63,-0.7000000000000001,-2.79,15.979999542236328,-5.83,1
2023-08-24,428.4137593836846,428.9243595057039,420.87033128977225,420.8992614746094,88517300.0,-1.39,0.37,1.8900000000000001,0.13999999999999999,-3.45,366.24509019972004,366.3433500914388,354.81466936489005,355.02105712890625,66842500.0,-2.1399999999999997,0.96,3.18,0.74,-4.09,328.0527250596769,330.57752089099966,324.8609888612339,324.91815185546875,3840800.0,-1.0999999999999999,-0.15,1.7399999999999998,-1.02,-3.18,17.200000762939453,7.630000000000001,-1
2023-08-25,422.62369316256587,425.1477928046301,419.0783933508206,423.8664855957031,102325100.0,0.7000000000000001,0.41000000000000003,1.44,0.79,-3.71,355.85649237018794,359.4634943837441,352.42636416855237,357.77301025390625,69960500.0,0.7799999999999999,0.24,1.9800000000000002,1.6400000000000001,-5.07,326.2806410294113,328.27189653922613,324.2703408768436,327.2715148925781,3868500.0,0.72,0.42,1.23,-0.47000000000000003,-2.9499999999999997,15.680000305175781,-8.84,1
2023-08-28,426.05339622552776,427.1709421526019,423.8664919427265,426.55438232421875,61595400.0,0.63,0.52,0.7799999999999999,0.7799999999999999,-3.2800000000000002,360.69206770489353,361.39971297031235,357.9990984974861,360.4660339355469,40910000.0,0.75,0.8200000000000001,0.95,0.79,-4.41,328.9006060547389,330.29164954579136,328.2241580212257,329.3769836425781,2382700.0,0.64,0.5,0.63,0.3,-2.63,15.079999923706055,-3.83,1
2023-08-29,426.4483889303442,432.999517120143,426.26534084235647,432.7201232910156,83081900.0,1.4500000000000002,-0.02,1.58,2.5100000000000002,-1.6,360.2694622029247,368.6923996492779,359.94513852953935,368.33856201171875,58492400.0,2.18,-0.05,2.4299999999999997,3.1300000000000003,-2.1,329.2341375950477,332.2734294984584,329.0816932494093,332.1495666503906,3107700.0,0.84,-0.04,0.97,1.6500000000000001,-1.9800000000000002,14.449999809265137,-4.18,1
2023-08-30,433.057282576268,435.13822692888783,432.35399106524045,434.50238037109375,69053900.0,0.41000000000000003,0.08,0.64,1.7999999999999998,0.2,368.44663740934226,370.97254048337203,367.44412257396607,370.39263916015625,41731500.0,0.5599999999999999,0.03,0.96,2.1,0.66,332.6069157234047,334.1599116764486,332.05430130934883,332.8927307128906,2792900.0,0.22,0.13999999999999999,0.63,1.3299999999999998,-0.8,13.880000114440918,-3.94,1
2023-08-31,435.11898360214246,436.2557869248091,433.6835290574293,433.8665771484375,66084600.0,-0.15,0.13999999999999999,0.59,3.08,0.33999999999999997,370.471296535716,373.2035874718416,370.402490614343,371.5032653808594,35730700.0,0.3,0.02,0.76,4.64,1.1199999999999999,334.34095320260076,334.68393120606294,331.31116879307433,331.37786865234375,2901400.0,-0.45999999999999996,0.44,1.01,1.9900000000000002,-1.04,13.569999694824219,-2.23,-1
2023-09-01,436.5833515582069,437.06505085275637,433.2210704898494,434.6758117675781,58944100.0,0.19,0.63,0.89,2.55,0.98,373.87188211383943,374.2944956090259,369.6260112017312,371.110107421875,39801200.0,-0.11,0.64,1.26,3.73,1.49,333.39768439744313,333.807362234193,331.3206846394308,332.4925842285156,2533200.0,0.33999999999999997,0.61,0.75,1.6,-0.33,13.09000015258789,-3.54,1
2023-09-05,434.23263347174435,434.5505420529184,432.72973410501413,432.7971496582031,55166200.0,-0.43,-0.1,0.42,1.46,-0.33,370.30417020396686,372.800589196893,369.380299316676,371.5818786621094,32344200.0,0.13,-0.22,0.9199999999999999,3.08,0.77,332.5877682495048,332.7783309174262,330.51076891775347,330.5870056152344,1906900.0,-0.5700000000000001,0.03,0.6799999999999999,0.37,-2.01,14.010000228881836,7.03,-1
2023-09-06,431.987958395261,432.0939475374288,427.5659620214055,429.88775634765625,70758500.0,-0.67,-0.19,1.05,-0.65,-0.5599999999999999,370.805440073003,371.149439669224,366.3040513379726,368.30902099609375,42998700.0,-0.88,-0.21,1.3,-0.01,0.74,330.08206826739985,330.1392312563848,327.2333102959978,328.7005615234375,2748400.0,-0.5700000000000001,-0.15,0.88,-1.04,-2.13,14.449999809265137,3.1399999999999997,-1
2023-09-07,426.89156794336543,429.24226303585164,426.5447585365695,428.5679016113281,70355400.0,-0.31,-0.7000000000000001,0.63,-1.37,-0.2,363.8567908141635,366.4514999788388,362.8149839509158,365.675048828125,52060700.0,-0.72,-1.21,0.9900000000000001,-1.27,1.13,328.1861325615071,329.88203609118546,328.08134341889803,329.3580322265625,2378600.0,0.2,-0.16,0.5499999999999999,-1.06,-1.4500000000000002,14.399999618530273,-0.35000000000000003,-1
2023-09-08,428.6160154651993,430.74511806057524,428.2595627004295,429.21331787109375,61659700.0,0.15,0.01,0.58,-1.0699999999999998,-0.09,365.6259312968317,368.4171903454123,365.22296372375945,366.1861267089844,35800100.0,0.13999999999999999,-0.01,0.8699999999999999,-1.43,1.08,329.4341625557826,330.6441802959003,329.15788447603927,330.13922119140625,1665900.0,0.24,0.02,0.44999999999999996,-0.37,-1.38,13.84000015258789,-3.8899999999999997,1
2023-09-11,431.83376742594476,432.34436749416994,430.12856253408137,432.0361022949219,60180100.0,0.66,0.61,0.52,-0.61,0.63,369.2132160323528,371.0117977846171,367.2475384918476,370.500732421875,39936600.0,1.18,0.83,1.03,-0.16,2.93,331.57793389526194,332.12101146791883,330.13929296917297,330.9586486816406,1722900.0,0.25,0.44,0.6,-0.45999999999999996,-1.4500000000000002,13.800000190734863,-0.29,1
2023-09-12,430.59105211482444,432.11320909412444,429.08815252492514,429.6661682128906,67565400.0,-0.5499999999999999,-0.33,0.7000000000000001,-0.72,-0.47000000000000003,368.8299076129813,370.48109960097645,366.10745492048966,366.3924865722656,41391000.0,-1.11,-0.44999999999999996,1.18,-1.4000000000000001,0.66,330.26319533465374,332.7974994919745,329.9963958698919,330.8062438964844,1813800.0,-0.05,-0.21,0.8500000000000001,0.06999999999999999,-1.55,14.229999542236328,3.1199999999999997,-1
2023-09-13,429.8876594387545,431.32311372742333,428.7893710886088,430.16705322265625,60199300.0,0.12,0.05,0.59,0.06,0.8200000000000001,366.62837381440505,369.39014857434654,365.49811513938084,367.7881164550781,46300700.0,0.38,0.06,1.06,-0.13999999999999999,2.13,331.13962980391545,332.0447589693986,329.48184488585616,330.1773376464844,2025200.0,-0.19,0.1,0.77,0.44999999999999996,-0.73,13.479999542236328,-5.27,1
2023-09-14,432.6334271290332,434.5698383708397,431.332833106535,433.8761901855469,83430800.0,0.86,0.5700000000000001,0.75,1.24,2.44,369.5375911776395,371.77846268664996,367.4736534672886,370.7956237792969,48039400.0,0.8200000000000001,0.48,1.17,1.4000000000000001,4.06,332.1876400032354,334.0645689581925,331.3015846227982,333.40716552734375,3489400.0,0.98,0.61,0.84,1.23,0.77,12.819999694824219,-4.9,1
2023-09-15,432.2935859212208,432.62229333118586,428.21370176743056,428.64874267578125,111848900.0,-1.2,-0.36,1.02,-0.13,1.9800000000000002,369.4589563099792,369.86192383840483,363.51276326138964,364.44647216796875,69811200.0,-1.71,-0.36,1.71,-0.48,3.4099999999999997,332.6841140848888,333.2477228929071,330.1430788325583,330.658935546875,3581700.0,-0.8200000000000001,-0.22,0.9299999999999999,0.16,0.73,13.789999961853027,7.57,-1
2023-09-18,428.3392962837647,430.1955590603149,427.86557530879384,428.9000549316406,55752200.0,0.06,-0.06999999999999999,0.54,-0.73,1.9900000000000002,363.5075090480625,365.93863645323245,363.22206476755633,364.826416015625,36903500.0,0.1,-0.26,0.75,-1.53,3.65,330.7926169247558,331.60460648342263,329.86599903360496,330.6684265136719,2122800.0,0.0,0.04,0.53,-0.09,0.5599999999999999,14.0,1.52,1
2023-09-19,427.981617392204,428.57137880593234,425.3326034960519,428.0106201171875,66514600.0,-0.21,-0.21,0.76,-0.38999999999999996,1.1199999999999999,363.50752673963694,364.8461081913443,361.0271681103356,364.0488586425781,37621700.0,-0.21,-0.36,1.05,-0.64,1.79,330.0188228817951,330.3436128514547,327.64019769514493,329.63671875,2740900.0,-0.31,-0.2,0.8200000000000001,-0.35000000000000003,0.38,14.109999656677246,0.79,-1
2023-09-20,429.26740761407626,429.6831231095965,423.8726655634097,424.0757141113281,82562600.0,-0.9199999999999999,0.29,1.3599999999999999,-1.4200000000000002,0.45999999999999996,365.11182382173274,365.46614355197374,358.7239461147386,358.8027038574219,45514200.0,-1.44,0.29,1.8499999999999999,-2.44,0.45999999999999996,330.5633622175232,332.1109030205803,328.8056597527746,328.9202880859375,3411400.0,-0.22,0.27999999999999997,1.0,-0.38,0.66,15.140000343322754,7.3,-1
2023-09-21,421.2334205936458,421.4944451347644,416.9118372759941,417.0665283203125,104095800.0,-1.6500000000000001,-0.67,1.08,-3.8699999999999997,-2.2800000000000002,355.1215757656396,355.9090030735523,352.0605365859801,352.22784423828125,69734800.0,-1.83,-1.03,1.0699999999999998,-5.01,-2.91,327.82169123938144,328.2802045210515,325.2424374192852,325.3475036621094,3483700.0,-1.09,-0.33,0.9199999999999999,-2.42,-0.97,17.540000915527344,15.85,-1
2023-09-22,418.091288955446,419.6864977783781,415.71294757869936,416.1286926269531,100829700.0,-0.22,0.25,0.95,-2.92,-1.13,353.970000227177,356.10583105545084,351.9620981742192,352.2770690917969,51589700.0,0.01,0.49,1.18,-3.34,-0.77,325.45267398011805,326.1595682205439,324.1439517662777,324.3923034667969,3376400.0,-0.29,0.03,0.62,-1.9,-0.16,17.200000762939453,-1.94,-1
2023-09-25,414.920205158679,417.9172517040119,414.485134786977,417.87860107421875,70874500.0,0.42,-0.29,0.8200000000000001,-2.5700000000000003,-1.41,351.31247308077525,354.0388968388634,350.32821151607146,353.9502868652344,39168000.0,0.47000000000000003,-0.27,1.05,-2.98,-1.0699999999999998,323.58028987378697,324.86035479092226,322.586795776653,324.7743835449219,3104700.0,0.12,-0.25,0.7000000000000001,-1.78,-0.76,16.899999618530273,-1.7399999999999998,1
2023-09-26,414.84288124552415,415.54865360911657,410.90801075336816,411.7394714355469,96168400.0,-1.47,-0.73,1.11,-3.8,-3.47,351.37153040361153,351.91289229277817,347.6510228478301,348.6352844238281,53657700.0,-1.5,-0.73,1.2,-4.2299999999999995,-3.2800000000000002,322.7587605452062,323.58984513324845,320.5425155419737,321.0106201171875,4657300.0,-1.16,-0.62,0.9400000000000001,-2.62,-2.54,18.940000534057617,12.07,-1
2023-09-27,412.9092244496163,413.4699830924983,408.2686118060124,411.90374755859375,104705800.0,0.04,0.27999999999999997,1.26,-2.87,-4.81,349.78688532316824,351.36170985960024,345.8301345452568,349.4522399902344,56066000.0,0.22999999999999998,0.33,1.59,-2.6100000000000003,-5.13,321.8129860780278,322.0708997845068,318.03963887734847,320.4278259277344,4442200.0,-0.18,0.25,1.26,-2.58,-3.53,18.219999313354492,-3.8,1
2023-09-28,411.3527373620953,415.964347748709,410.76297593705533,414.2917785644531,92258300.0,0.58,-0.13,1.26,-0.67,-4.65,348.536874378989,354.50152754238655,347.68057155948935,352.3755187988281,56453300.0,0.84,-0.26,1.95,0.04,-4.859999999999999,320.3227601061493,322.5676617669577,319.60630399010455,321.5646057128906,4053600.0,0.35000000000000003,-0.03,0.9199999999999999,-1.16,-3.4000000000000004,17.34000015258789,-4.83,1
2023-09-29,417.3372277775056,417.5112441372113,411.76846823252566,413.2863464355469,115111300.0,-0.24,0.74,1.39,-0.6799999999999999,-4.74,355.849994290086,357.23780693392035,351.40111204643097,352.6314392089844,64829600.0,0.06999999999999999,0.9900000000000001,1.66,0.1,-5.08,323.62808149730324,323.67583358891153,318.97589665063117,319.9693908691406,3786500.0,-0.5,0.64,1.46,-1.3599999999999999,-3.44,17.520000457763672,1.04,-1
2023-10-02,412.4548865420046,414.36915501527096,410.3666017087048,413.1219787597656,83798600.0,-0.04,-0.2,0.97,-1.1400000000000001,-4.96,352.89720875090916,356.9720366898679,352.28697128485175,355.57440185546875,51625100.0,0.83,0.08,1.3299999999999998,0.45999999999999996,-4.19,319.3388327413429,320.03616471315166,317.2276543661569,319.14776611328125,4192600.0,-0.26,-0.2,0.88,-1.73,-4.01,17.610000610351562,0.51,-1
2023-10-03,410.94667474306095,413.1799731499237,406.2287013020404,407.5918884277344,103760600.0,-1.34,-0.53,1.68,-1.01,-5.82,353.13337228482897,355.3282864453552,347.7199335363626,349.3341369628906,60478500.0,-1.7500000000000002,-0.69,2.1399999999999997,0.2,-5.99,317.9537216261493,318.94721577054054,314.3236883543011,315.2216491699219,4871100.0,-1.23,-0.37,1.4500000000000002,-1.7999999999999998,-4.65,19.780000686645508,12.32,-1
2023-10-04,408.0559363281981,411.30435944495287,406.59606370497346,410.5599365234375,87453000.0,0.73,0.11,1.16,-0.33,-4.5,350.1707021569454,354.9345242004373,349.708098051623,354.08807373046875,54786700.0,1.3599999999999999,0.24,1.5,1.3299999999999998,-3.8600000000000003,315.3650312118379,316.63553450045225,313.912994136064,316.1865539550781,4877100.0,0.31,0.05,0.86,-1.32,-3.81,18.579999923706055,-6.069999999999999,1
2023-10-05,410.269877205424,411.2463514179395,407.1858225474584,410.4052429199219,70142700.0,-0.04,-0.06999999999999999,0.9900000000000001,-0.9400000000000001,-4.24,354.07826248177054,354.48181334692805,349.55068309904425,353.0447998046875,45897400.0,-0.29,-0.0,1.39,0.19,-3.45,316.02407688048413,316.91247561805307,314.65804065140344,316.3584289550781,3172200.0,0.05,-0.05,0.7100000000000001,-1.6199999999999999,-3.95,18.489999771118164,-0.48,-1
2023-10-06,407.9592644123595,416.81512702154566,406.6347574601129,415.2779235839844,113273300.0,1.1900000000000002,-0.6,2.48,0.48,-3.25,350.05264964515703,360.15118378118626,349.2652523404519,358.9602355957031,75049100.0,1.68,-0.8500000000000001,3.08,1.79,-1.97,315.57509794730936,320.6285107938728,313.7887383851348,319.1573791503906,4491300.0,0.88,-0.25,2.16,-0.25,-3.3300000000000005,17.450000762939453,-5.62,1
2023-10-09,413.38292025225314,418.50696046790523,412.83186855618567,417.9365539550781,80374400.0,0.64,-0.45999999999999996,1.37,1.17,-3.26,356.5979299467426,361.3322253655533,355.10186327801586,360.7908935546875,45304800.0,0.51,-0.66,1.7399999999999998,1.47,-2.62,318.05883170342753,321.33541804736177,317.7149175345271,321.0583801269531,3756300.0,0.6,-0.33999999999999997,1.13,0.6,-2.9899999999999998,17.700000762939453,1.43,1
2023-10-10,418.5650575162268,422.70294712015226,418.1686672417201,420.1119384765625,78607300.0,0.52,0.15,1.08,3.0700000000000003,-2.22,361.12556647967915,365.436636991541,360.62361350091794,362.7889709472656,46968800.0,0.5499999999999999,0.09,1.3299999999999998,3.85,-0.98,322.11872520751115,323.8477705369786,321.00104068742263,322.3575439453125,3769400.0,0.4,0.33,0.89,2.26,-2.55,17.030000686645508,-3.7900000000000005,1
2023-10-11,421.17537943505704,422.08414129890025,418.79703802262225,421.8327941894531,62451700.0,0.41000000000000003,0.25,0.7799999999999999,2.75,-1.94,364.11774034197475,365.5646061019628,362.39528253424044,365.3775939941406,38215100.0,0.7100000000000001,0.37,0.8699999999999999,3.19,-0.66,323.06440753465625,323.685330363696,321.12520073316824,322.91156005859375,2773900.0,0.16999999999999998,0.22,0.79,2.13,-2.1999999999999997,16.09000015258789,-5.52,1
2023-10-12,422.4419089154139,422.8189443567332,416.91182957643576,419.2611389160156,81154200.0,-0.61,0.13999999999999999,1.4000000000000001,2.16,-3.37,365.87956850775583,367.8579138612387,361.71613120455214,364.1078796386719,49587900.0,-0.35000000000000003,0.13999999999999999,1.68,3.1300000000000003,-1.7999999999999998,323.6184421910825,323.6184421910825,319.60630541494965,321.2302551269531,3315000.0,-0.52,0.22,1.24,1.54,-3.65,16.690000534057617,3.73,-1
2023-10-13,420.7596289275812,421.9584770278049,415.60661494268294,417.1728210449219,95143100.0,-0.5,0.36,1.52,0.45999999999999996,-2.68,364.7378190364302,365.3185297611744,358.13340224170594,359.53106689453125,52469900.0,-1.26,0.16999999999999998,1.97,0.16,-1.35,322.38615506823044,324.420865935979,320.5137954408642,321.6219177246094,5154600.0,0.12,0.36,1.22,0.77,-2.73,19.31999969482422,15.76,-1
2023-10-16,419.4158131019472,422.6255856986061,419.1741138914331,421.5621032714844,75433200.0,1.05,0.54,0.83,0.8699999999999999,-1.71,360.84997115156034,364.649236422345,360.7023379238582,363.5960693359375,44201100.0,1.13,0.37,1.0999999999999999,0.7799999999999999,-0.33999999999999997,323.61839184807485,325.6626936502357,323.2745069576195,324.6883239746094,3969300.0,0.95,0.62,0.74,1.13,-1.81,17.209999084472656,-10.92,1
2023-10-17,418.4393454760135,423.5923892481788,418.09131276942526,421.5427551269531,75324700.0,-0.0,-0.74,1.3,0.33999999999999997,-1.51,360.0527212874597,364.0980519457113,357.93656492665207,362.4051208496094,50999100.0,-0.33,-0.97,1.69,-0.11,-0.44999999999999996,323.19814519157,326.24547446517215,323.14083102958875,324.7839050292969,3777800.0,0.03,-0.45999999999999996,0.96,0.75,-1.47,17.8799991607666,3.8899999999999997,0
2023-10-18,419.77352121429993,420.73064064200355,414.8428514424272,415.9256591796875,93559800.0,-1.3299999999999998,-0.42,1.4000000000000001,-1.4000000000000001,-1.92,359.91497339834217,362.11970989850084,356.3223943198003,357.6511535644531,54280500.0,-1.31,-0.69,1.6,-2.11,-0.32,324.5451715210823,324.7648953014889,320.9724517736512,321.57427978515625,4141200.0,-0.9900000000000001,-0.06999999999999999,1.17,-0.41000000000000003,-2.23,19.219999313354492,7.489999999999999,-1
2023-10-19,416.64105822052716,418.4489633659572,411.59437816274504,412.2711181640625,121323000.0,-0.88,0.16999999999999998,1.6500000000000001,-1.67,-1.15,359.06844869661955,360.2593967452439,353.50737702332975,354.30462646484375,72274200.0,-0.9400000000000001,0.4,1.8900000000000001,-2.69,0.59,321.63160844263564,323.4752825763874,318.8326591117874,319.1765441894531,5201800.0,-0.75,0.02,1.44,-0.64,-1.9,21.399999618530273,11.34,-1
2023-10-20,411.83610400929126,412.37750784711915,407.0987761718527,407.20513916015625,123919900.0,-1.23,-0.11,1.28,-2.39,-2.1399999999999997,353.80263100200693,354.37351949388653,348.7927435626663,349.0191345214844,72559700.0,-1.49,-0.13999999999999999,1.58,-2.92,-0.9199999999999999,318.64785210476657,319.46029620817467,316.4972802146265,316.55462646484375,3960800.0,-0.8200000000000001,-0.16999999999999998,0.9299999999999999,-1.58,-2.42,21.709999084472656,1.4500000000000002,-1
2023-10-23,405.67760643648245,410.35692908932583,403.92770652261123,406.4993896484375,92035100.0,-0.16999999999999998,-0.38,1.58,-3.5700000000000003,-2.7199999999999998,347.70025266627835,353.60582210048005,345.59391848351896,350.07232666015625,60665200.0,0.3,-0.38,2.3,-3.7199999999999998,-1.0999999999999999,315.3216603395613,317.64427124988686,314.3467448037336,314.7673034667969,3898300.0,-0.5599999999999999,-0.38999999999999996,1.04,-3.06,-3.08,20.3700008392334,-6.17,-1
2023-10-24,408.61664598235126,410.71460793995783,406.77006062450005,409.5641174316406,78564200.0,0.75,0.52,0.97,-2.8400000000000003,-0.53,351.88334538295214,354.2455670218574,350.1904143682358,353.47784423828125,47082100.0,0.97,0.52,1.16,-2.46,1.39,316.3731728723556,317.99806186286986,315.27399698771933,316.7937316894531,3583900.0,0.64,0.51,0.8699999999999999,-2.46,-1.31,18.969999313354492,-6.87,1
2023-10-25,407.88192884542195,407.91093157015536,403.17360349885,403.6860046386719,94223200.0,-1.44,-0.41000000000000003,1.16,-2.94,-2.0,351.08615280605477,351.2633126992723,344.24552212419906,344.82623291015625,71190500.0,-2.45,-0.6799999999999999,1.9900000000000002,-3.5900000000000003,-1.32,317.53922173110874,317.98845362950846,315.25482166909495,315.7518615722656,3836300.0,-0.33,0.24,0.86,-1.81,-1.46,20.190000534057617,6.43,-1
2023-10-26,402.6225206966068,403.47327705797994,397.9335505307934,398.85198974609375,115156800.0,-1.2,-0.26,1.37,-3.25,-3.73,343.6253406577943,344.5604010176588,336.96190168664157,338.25128173828125,78621400.0,-1.91,-0.35000000000000003,2.1999999999999997,-4.53,-4.01,315.570209899346,316.39219243779024,312.8939245947045,313.3336181640625,4882600.0,-0.77,-0.06,1.11,-1.83,-2.56,20.68000030517578,2.4299999999999997,-1
2023-10-27,400.43759484678344,400.8339851009318,395.62293584989493,397.04412841796875,107367700.0,-0.44999999999999996,0.4,1.31,-2.5,-3.93,340.97776499899555,343.34983924117734,338.664744054355,339.8753967285156,63476700.0,0.48,0.8099999999999999,1.39,-2.62,-3.62,313.3526831102985,313.3909236698357,308.9272790441401,309.8639831542969,4757300.0,-1.11,0.01,1.4200000000000002,-2.11,-3.16,21.270000457763672,2.85,-1
2023-10-30,399.82851071417565,402.84491222424634,398.53300645045545,401.7911071777344,86562700.0,1.2,0.7000000000000001,1.09,-1.16,-2.74,342.3556685770316,345.0230389019717,340.99741292148934,343.7041320800781,55298500.0,1.13,0.73,1.18,-1.82,-3.34,311.96683856115885,315.43640434429096,311.94770369307696,314.68133544921875,4617200.0,1.55,0.6799999999999999,1.13,-0.03,-1.4000000000000001,19.75,-7.1499999999999995,1
2023-10-31,402.361504611754,404.63348310254605,400.45691364342605,404.314453125,79665200.0,0.63,0.13999999999999999,1.04,-1.28,-0.8,343.73372681024495,345.72192464531696,341.16478813513004,345.347900390625,47671900.0,0.48,0.01,1.3299999999999998,-2.3,-1.1400000000000001,314.63343694144567,316.0671515228692,313.3526554156537,315.8760070800781,3645800.0,0.38,-0.02,0.86,-0.29,0.21,18.139999389648438,-8.15,1
2023-11-01,405.28123407598383,409.43844855236455,404.74947812853236,408.6263427734375,98068100.0,1.0699999999999998,0.24,1.16,1.22,-0.47000000000000003,346.1845194223992,351.9030773823857,346.0860872469054,351.342041015625,58992700.0,1.7399999999999998,0.24,1.68,1.8900000000000001,-0.7799999999999999,316.29661526318165,318.62876451233114,315.5128441686055,317.97882080078125,4546200.0,0.67,0.13,0.9900000000000001,0.7100000000000001,0.5700000000000001,16.8700008392334,-7.000000000000001,1
2023-11-02,412.41622487157895,416.61214954670544,412.3968995543654,416.45745849609375,94938900.0,1.92,0.9299999999999999,1.03,4.41,1.47,355.84991038203907,357.9562143682843,354.6294056992231,357.7200012207031,58162400.0,1.82,1.28,0.95,5.76,1.32,319.9859741745979,323.5606931629295,319.63232924824393,323.43646240234375,5356300.0,1.72,0.63,1.24,3.2199999999999998,2.2399999999999998,15.65999984741211,-7.17,1
2023-11-03,418.75837375712325,421.8037777300333,418.6326854543438,420.25689697265625,100167800.0,0.91,0.5499999999999999,0.76,5.8500000000000005,1.2,359.0094151473788,363.21220132553935,358.7830241681351,361.9228210449219,53280500.0,1.17,0.36,1.24,6.49,0.83,325.0900426329231,326.52375741285357,324.39232010818483,325.5583801269531,4046900.0,0.66,0.51,0.66,5.06,2.01,14.90999984741211,-4.79,1
2023-11-06,421.01105837900457,421.66847320739254,419.28048362094427,421.2237548828125,67831700.0,0.22999999999999998,0.18,0.5700000000000001,4.84,0.79,362.6905309181117,363.96023673494824,361.1354108770652,363.3992004394531,38848700.0,0.41000000000000003,0.21,0.7799999999999999,5.7299999999999995,0.72,325.79735343367736,326.54291316918136,324.8702458189176,325.96942138671875,2766000.0,0.13,0.06999999999999999,0.51,3.5900000000000003,1.53,14.890000343322754,-0.13,1
2023-11-07,421.2237277176419,423.0606358569916,420.0829145000172,422.42254638671875,64256100.0,0.27999999999999997,-0.0,0.7100000000000001,4.4799999999999995,0.5499999999999999,364.44257180716573,367.70047565765793,363.2417713219163,366.8343505859375,50777400.0,0.95,0.29,1.23,6.22,1.1199999999999999,325.6731534074356,326.95393531347315,325.26213293696316,326.4473571777344,2793700.0,0.15,-0.09,0.52,3.35,1.27,14.8100004196167,-0.54,1
2023-11-08,423.0219303160148,423.544008852029,420.4309219590949,422.7319030761719,61746000.0,0.06999999999999999,0.13999999999999999,0.74,3.45,0.21,367.20830712864307,367.90715449646547,364.7870319858255,367.0705261230469,35663400.0,0.06,0.1,0.8500000000000001,4.4799999999999995,0.45999999999999996,326.9825415160709,327.4508789884342,324.9179888282033,326.04583740234375,2787900.0,-0.12,0.16,0.7799999999999999,2.54,0.97,14.449999809265137,-2.4299999999999997,1
2023-11-09,423.8727133946502,423.9113935278032,419.0097266771128,419.43511962890625,83174400.0,-0.7799999999999999,0.27,1.16,0.7100000000000001,0.04,367.759487325637,368.90120425160836,363.7535357458132,364.24566650390625,53859400.0,-0.77,0.19,1.4000000000000001,1.82,0.04,326.89647465035614,326.93468603548814,323.7996314838848,324.1246032714844,3940700.0,-0.59,0.26,0.96,0.21,0.8999999999999999,15.289999961853027,5.81,-1
2023-11-10,421.5041020397778,426.28972875327344,419.42546520511473,425.9803466796875,89462200.0,1.5599999999999998,0.49,1.6400000000000001,1.3599999999999999,2.11,365.96820760826813,372.5824477067619,365.43669785789075,372.434814453125,58309800.0,2.25,0.47000000000000003,1.96,2.9000000000000004,3.5900000000000003,325.7496231991423,328.12958090703717,324.27766754401074,327.8524169921875,3268600.0,1.15,0.5,1.1900000000000002,0.7000000000000001,1.94,14.170000076293945,-7.33,1
2023-11-13,424.64622403342025,426.67647397269064,423.863120884433,425.5743408203125,52236100.0,-0.1,-0.31,0.66,1.03,0.95,370.85988140501337,372.3264213585245,369.3342581300096,371.27325439453125,40733500.0,-0.31,-0.42,0.8,2.17,2.11,327.25015727002756,329.08529571369763,327.106791636772,328.3875732421875,2624500.0,0.16,-0.18,0.6,0.74,1.1400000000000001,14.760000228881836,4.16,-1
2023-11-14,431.50079597873554,435.1166069139446,431.2784220719966,433.8307800292969,97176900.0,1.94,1.39,0.8999999999999999,2.7,2.92,377.67103435891903,380.1809196223346,377.14937687893797,379.2655334472656,67792600.0,2.15,1.72,0.8200000000000001,3.39,4.65,332.16306313995807,334.07468303890374,331.35064801811,333.0233154296875,4815500.0,1.41,1.15,0.83,2.01,2.54,14.15999984741211,-4.07,1
2023-11-15,435.16492211328534,436.3927730128096,433.8984205823122,434.74920654296875,77327600.0,0.21,0.31,0.5700000000000001,2.8400000000000003,4.53,381.155284969226,381.6474157438796,378.19264809388204,379.5509338378906,54141400.0,0.08,0.5,0.91,3.4000000000000004,6.12,333.854889790707,335.27903738530534,333.5585910182604,334.79156494140625,3149400.0,0.53,0.25,0.52,2.68,4.109999999999999,14.180000305175781,0.13999999999999999,1
2023-11-16,434.30447059030485,435.59997479434537,433.24098818272,435.28094482421875,66665800.0,0.12,-0.1,0.54,3.7800000000000002,5.58,378.7832778427842,380.1120371761785,377.52342403894215,379.8758239746094,45343500.0,0.09,-0.2,0.6799999999999999,4.29,7.22,334.1320840420785,335.29817353823205,333.3387744884129,334.5526428222656,3848000.0,-0.06999999999999999,-0.2,0.59,3.2199999999999998,4.82,14.319999694824219,0.9900000000000001,1
2023-11-17,435.2906012114316,436.43144390959674,434.37216191303287,435.8223571777344,83133200.0,0.12,0.0,0.47000000000000003,2.31,7.03,379.1473406181096,380.9780825145705,378.24183691483785,379.96429443359375,46571900.0,0.02,-0.19,0.72,2.02,8.870000000000001,334.999828195142,335.42123806074596,333.99420828697373,334.66461181640625,2059200.0,0.03,0.13,0.43,2.08,5.72,13.800000190734863,-3.63,1
2023-11-20,435.5709613361329,440.01823251915994,435.56128392675316,439.1771240234375,69936200.0,0.77,-0.06,1.02,3.2,8.04,379.9742336094992,385.2498921677471,379.9742336094992,384.5904235839844,44429600.0,1.22,0.0,1.39,3.5900000000000003,9.86,334.34856527644865,337.3558673984439,334.31983411448186,336.6662902832031,2904300.0,0.6,-0.09,0.91,2.52,6.959999999999999,13.40999984741211,-2.83,1
2023-11-21,438.13299304399567,439.0514618608499,436.9534996970191,438.2200012207031,49244600.0,-0.22,-0.24,0.48,1.01,7.000000000000001,382.8875887400645,383.104127478915,380.6139470007728,382.3560791015625,43337000.0,-0.58,-0.44,0.65,0.8099999999999999,8.17,336.2736354872716,336.3694157766485,335.55532715900534,335.99591064453125,1849500.0,-0.2,-0.12,0.24,0.89,6.0600000000000005,13.350000381469727,-0.44999999999999996,-1
2023-11-22,439.8732756356209,441.2267854299995,438.8194705277012,439.91192626953125,59394900.0,0.38999999999999996,0.38,0.5499999999999999,1.1900000000000002,8.97,384.4230645764553,386.8837186036944,382.9171455132762,383.92108154296875,44121000.0,0.41000000000000003,0.54,1.04,1.15,11.34,337.02068115396975,338.21786161918794,336.64714681936306,337.662353515625,3486200.0,0.5,0.3,0.47000000000000003,0.86,6.94,12.850000381469727,-3.75,1
2023-11-24,439.9602117787139,440.3759273074353,439.631504418495,440.18255615234375,29737400.0,0.06,0.01,0.16999999999999998,1.13,10.36,383.5174806952141,384.10804359224113,382.3855859976571,383.37969970703125,15718800.0,-0.13999999999999999,-0.11,0.44999999999999996,0.9199999999999999,13.34,338.23706479732556,338.9936911667568,338.12214012916763,338.8500061035156,1245100.0,0.35000000000000003,0.16999999999999998,0.26,1.28,8.14,12.460000038146973,-3.04,1
2023-11-27,439.55417048077294,440.36627627306393,439.00308920962266,439.38983154296875,50506000.0,-0.18,-0.13999999999999999,0.31,0.8200000000000001,10.67,382.8876195179838,384.9939237494987,382.16909772738626,383.04510498046875,34139700.0,-0.09,-0.13,0.74,0.8099999999999999,12.7,338.68712667078694,339.17558562423693,337.87303815771594,338.3902282714844,2532400.0,-0.13999999999999999,-0.05,0.38,1.11,9.21,12.6899995803833,1.8499999999999999,-1
2023-11-28,439.0030764411284,441.1203637861366,438.44234728096177,439.8248596191406,62115000.0,0.1,-0.09,0.61,0.15,9.47,382.29705727580426,384.629752496103,381.9427074752137,384.0490417480469,35491100.0,0.26,-0.2,0.7000000000000001,-0.13999999999999999,11.74,338.5531146712406,340.1334165753881,338.1700226934042,339.14691162109375,2759600.0,0.22,0.05,0.58,0.74,7.7700000000000005,12.6899995803833,0.0,1
2023-11-29,441.97114450802434,443.10230972873876,439.1191116939092,439.5154724121094,63146000.0,-0.06999999999999999,0.49,0.91,0.3,8.709999999999999,386.5096965719259,387.9368879307099,383.3305207373286,383.6750183105469,38811700.0,-0.1,0.64,1.2,0.33999999999999997,11.1,339.97054773796566,341.08153480456053,339.39589522379026,339.6640625,2736300.0,0.15,0.24,0.5,1.09,7.53,12.979999542236328,2.29,-1
2023-11-30,440.35662667945024,441.59412543023933,438.28766732031204,441.2460632324219,79752700.0,0.38999999999999996,0.19,0.75,0.3,7.9799999999999995,383.94077629753497,384.4033804806494,379.74784203838783,382.71044921875,52834400.0,-0.25,0.06999999999999999,1.21,-0.32,8.93,341.6370675073704,344.9604424329009,341.38807378686033,344.7880554199219,4094300.0,1.51,0.58,1.05,2.11,8.43,12.920000076293945,-0.45999999999999996,1
2023-12-01,440.6369649429203,444.38814123082403,440.0472330596215,443.8564147949219,89183400.0,0.59,-0.13999999999999999,0.98,0.83,6.58,381.64741281860364,384.39351093056035,379.9938606373886,383.8029479980469,40490100.0,0.29,-0.27999999999999997,1.15,0.11,7.290000000000001,344.8071722308364,347.900697558476,344.6539295999767,347.7091369628906,5852500.0,0.8500000000000001,0.01,0.9400000000000001,2.6100000000000003,7.5,12.630000114440918,-2.2399999999999998,1
2023-12-04,440.4726232624604,443.8757373404589,439.2544498661346,441.52642822265625,72430900.0,-0.52,-0.76,1.04,0.49,5.06,380.01353822930184,380.5155212317235,376.6375283217996,380.23992919921875,51186900.0,-0.9299999999999999,-0.9900000000000001,1.01,-0.73,5.06,345.88943854750175,347.6133962751287,345.76492707945687,347.3164978027344,4211000.0,-0.11,-0.52,0.53,2.64,6.68,13.079999923706055,3.56,-1
2023-12-05,440.14394887033336,442.3965725770802,439.76688393206007,441.439453125,69793500.0,-0.02,-0.31,0.6,0.37,4.8,378.3403190869991,382.38561971941857,378.1631291761713,381.1946716308594,42933000.0,0.25,-0.5,1.11,-0.74,4.9,346.5693742959464,346.95249543809217,345.4584165134501,346.6172790527344,5372700.0,-0.2,-0.22,0.43,2.1999999999999997,6.329999999999999,12.850000381469727,-1.76,-1
2023-12-06,443.57606849081975,443.60507121667763,439.225482586349,439.6605529785156,69124700.0,-0.4,0.48,0.9900000000000001,0.03,4.08,384.12777611720855,384.2262082878161,378.64546165801414,378.98992919921875,41994100.0,-0.58,0.77,1.46,-1.22,3.3099999999999996,347.479292236138,348.1880138387194,345.58294753566446,345.95648193359375,5583700.0,-0.19,0.25,0.75,1.8499999999999999,5.9799999999999995,12.970000267028809,0.9299999999999999,-1
2023-12-07,441.7391409339485,443.66305717468333,441.13973162302386,443.01531982421875,66995400.0,0.76,0.47000000000000003,0.5700000000000001,0.4,4.8,381.96240485355264,385.1120239390845,380.86985886236414,384.2852478027344,49593500.0,1.4000000000000001,0.7799999999999999,1.1199999999999999,0.41000000000000003,4.6899999999999995,346.6651608647127,347.0482527857624,345.67868528469063,346.5406494140625,3295600.0,0.16999999999999998,0.2,0.4,0.51,6.29,13.0600004196167,0.69,1
2023-12-08,442.27087844484373,445.451648340426,442.02917923250493,444.919921875,83194400.0,0.43,-0.16999999999999998,0.77,0.24,6.08,382.552918112793,386.44073289033656,382.36590603082794,385.9978332519531,46687500.0,0.44999999999999996,-0.44999999999999996,1.06,0.5700000000000001,5.970000000000001,346.4736351660439,348.31248810827344,346.10968760529994,347.7761535644531,2930400.0,0.36,-0.02,0.64,0.02,7.3,12.350000381469727,-5.4399999999999995,1
2023-12-11,444.4268611503367,446.8245280398024,444.21416465607524,446.6504821777344,65002200.0,0.38999999999999996,-0.11,0.59,1.16,4.8500000000000005,385.5746278679813,389.56090535273165,385.36794134333326,389.2951354980469,41198000.0,0.8500000000000001,-0.11,1.09,2.3800000000000003,4.53,348.2358777609846,349.4522026550962,347.66122526205083,349.2798156738281,3673200.0,0.43,0.13,0.51,0.5700000000000001,6.54,12.630000114440918,2.27,1
2023-12-12,446.30240990232363,448.78708475043413,445.30661038207074,448.6903991699219,68327600.0,0.45999999999999996,-0.08,0.7799999999999999,1.6400000000000001,5.43,389.3344997805244,392.51367542874294,388.20260499540507,392.39556884765625,39221200.0,0.8,0.01,1.11,2.94,5.6899999999999995,349.96934920303335,351.18567394552923,349.0307492641706,350.9270935058594,3239600.0,0.47000000000000003,0.2,0.62,1.24,6.859999999999999,12.069999694824219,-4.43,1
2023-12-13,449.06747102737427,455.12930631637573,448.70976090431213,454.8779296875,93278000.0,1.38,0.08,1.43,3.46,4.8500000000000005,393.3305894727491,397.9959795327111,392.5628666775999,397.3857421875,55408100.0,1.27,0.24,1.38,4.8500000000000005,4.78,351.109160084904,356.0319519042969,350.53450750567924,356.0319519042969,4304800.0,1.4500000000000002,0.05,1.5699999999999998,2.91,6.909999999999999,12.1899995803833,0.9900000000000001,1
2023-12-14,456.8115506454331,458.00072149405844,453.6694606145386,456.33782958984375,119026000.0,0.32,0.43,0.95,3.01,4.97,398.6062319416691,399.905434289617,394.0392441768575,397.041259765625,55447800.0,-0.09,0.31,1.48,3.32,4.61,356.9608906758743,357.8803463016543,355.57217889675024,357.5546875,5507000.0,0.43,0.26,0.65,3.18,6.800000000000001,12.479999542236328,2.3800000000000003,1
2023-12-15,455.7417439978948,456.91633245678577,453.74207009746453,455.58642578125,141553700.0,-0.16,-0.13,0.7000000000000001,2.4,4.66,397.8188547219358,400.1417277666197,397.2184695510884,398.9606018066406,62896600.0,0.48,0.2,0.74,3.36,5.0200000000000005,356.82802988628083,358.4118652992074,356.43447309163946,357.6823425292969,6948400.0,0.04,-0.2,0.5499999999999999,2.85,6.909999999999999,12.279999732971191,-1.6,-1
2023-12-18,457.18810894495897,459.12954211953263,456.13003141968665,458.14910888671875,70375300.0,0.5599999999999999,0.35000000000000003,0.66,2.5700000000000003,5.12,399.3531274608477,402.3709814532671,399.0276856016672,401.4735107421875,46610000.0,0.63,0.1,0.84,3.1300000000000003,5.66,358.31587287979437,358.8725939013668,357.80713444350664,358.018310546875,3403200.0,0.09,0.18,0.3,2.5,6.98,12.5600004196167,2.2800000000000002,1
2023-12-19,458.6927663957653,461.01279355520546,458.6151220933891,460.93511962890625,55761800.0,0.61,0.12,0.52,2.73,4.95,401.9272183922163,403.64324484426675,401.7398327339718,403.52490234375,35711900.0,0.51,0.11,0.47000000000000003,2.8400000000000003,4.92,358.2679644149645,360.4949077308555,358.15278274231605,360.43731689453125,3749200.0,0.6799999999999999,0.06999999999999999,0.65,2.71,7.06,12.529999732971191,-0.24,1
2023-12-20,460.0808576886502,461.96405036999886,454.1206728290634,454.54779052734375,102921000.0,-1.39,-0.19,1.7000000000000002,-0.06999999999999999,3.73,402.7260335176809,404.8168311468239,397.3510812317631,397.5285949707031,54042400.0,-1.49,-0.2,1.8499999999999999,0.04,3.9699999999999998,359.640534510076,361.2435278773238,355.7433700317076,355.9257507324219,4564700.0,-1.25,-0.22,1.53,-0.03,5.93,13.670000076293945,9.1,-1
2023-12-21,457.5278509164755,459.1295570366737,455.1107760152546,458.8577575683594,86667500.0,0.95,0.66,0.88,0.5499999999999999,4.31,401.4537785755834,402.5189211694134,398.8994528678763,402.15399169921875,45568900.0,1.16,0.9900000000000001,0.91,1.29,4.75,357.93201564025867,359.12226527561705,356.27140179947236,358.8822937011719,3837500.0,0.83,0.5599999999999999,0.8,0.37,6.279999999999999,13.649999618530273,-0.15,1
2023-12-22,459.98374941589714,461.45925759296136,457.8870276491879,459.7799072265625,67160400.0,0.2,0.25,0.7799999999999999,0.9199999999999999,4.45,403.3671020691094,404.3237440774188,400.8818192679094,402.7556457519531,34314000.0,0.15,0.3,0.86,0.95,5.050000000000001,358.6518639208739,360.2548573368952,357.6343576837937,358.805419921875,3330700.0,-0.02,-0.06,0.73,0.31,5.89,13.029999732971191,-4.54,1
2023-12-26,460.1876248035588,462.62410332069675,460.1099508863103,461.7213439941406,55387000.0,0.42,0.09,0.5499999999999999,0.7799999999999999,5.08,403.61363564115584,405.8918189348546,403.5150068640605,405.22119140625,22722500.0,0.61,0.21,0.59,0.9299999999999999,5.79,358.69022077698,361.00354972843223,358.5942263109873,360.2932434082031,2217800.0,0.41000000000000003,-0.03,0.67,0.64,6.47,12.989999771118164,-0.31,1
2023-12-27,461.51744807730427,462.7017233741636,460.98356586002933,462.5561218261719,68000300.0,0.18,-0.04,0.37,0.35000000000000003,5.17,405.5033831511548,406.3322463869044,404.644888619348,406.04608154296875,31980500.0,0.2,0.06999999999999999,0.42,0.62,5.7299999999999995,360.0533167922495,361.67552680161805,359.7173507660758,361.4547424316406,3061200.0,0.32,-0.06999999999999999,0.54,0.27999999999999997,6.58,12.430000305175781,-4.31,1
2023-12-28,462.91536504878167,463.5657286208665,462.3135254600746,462.7309265136719,77158100.0,0.04,0.08,0.27,1.7999999999999998,5.28,407.20059203535254,407.4472786001535,405.493510166212,405.8487243652344,27029200.0,-0.05,0.27999999999999997,0.48,2.09,5.779999999999999,361.41633246538225,362.53941218047186,361.41633246538225,361.9058837890625,2620400.0,0.12,-0.01,0.31,1.68,6.550000000000001,12.470000267028809,0.32,1
2023-12-29,462.5367654374911,463.06096072132885,459.4401769650659,461.3913269042969,122283100.0,-0.29,-0.04,0.7799999999999999,0.5499999999999999,4.569999999999999,405.82902936827423,406.1842737058646,402.1780559022972,404.09234619140625,42662100.0,-0.43,-0.0,0.9900000000000001,0.48,5.59,361.8290045425237,362.3185264358319,360.2163739549759,361.752197265625,3364400.0,-0.04,-0.02,0.58,0.8,4.92,12.449999809265137,-0.16,-1
2024-01-02,458.3335624378489,459.7993540123723,456.7124526493962,458.8092041015625,123623700.0,-0.5599999999999999,-0.66,0.67,-0.21,3.37,400.46110631543075,400.7077928852175,394.93532112958644,397.2541809082031,58026900.0,-1.69,-0.8999999999999999,1.43,-1.37,3.5000000000000004,359.76541393564395,362.6642896350584,359.76541393564395,361.96356201171875,5776300.0,0.06,-0.5499999999999999,0.8,0.88,4.1000000000000005,13.199999809265137,6.02,-1
2024-01-03,456.6542157231931,457.3919698393569,454.4604162904711,455.062255859375,103585900.0,-0.8200000000000001,-0.47000000000000003,0.64,-1.44,3.0700000000000003,394.6294287174648,395.6852544540013,392.61648800716534,393.0506286621094,47002800.0,-1.06,-0.66,0.77,-3.0,3.37,360.50440432882544,361.03232992944766,358.90138176513386,359.1989440917969,6393600.0,-0.76,-0.4,0.59,-0.3,3.42,14.039999961853027,6.36,-1
2024-01-04,454.5865863632777,457.16869615612853,453.37319057475315,453.5964660644531,84232200.0,-0.32,-0.1,0.83,-1.94,2.75,391.1856845267472,394.2939291818346,390.8107161348315,391.0278015136719,39432800.0,-0.51,-0.47000000000000003,0.89,-3.6999999999999997,2.58,359.80373172415244,362.08826551650077,359.38137946203415,359.5157775878906,4251900.0,0.09,0.16999999999999998,0.75,-0.54,3.7199999999999998,14.130000114440918,0.64,-1
2024-01-05,453.80028176128866,456.6639075045455,452.77132456262234,454.21771240234375,86118900.0,0.13999999999999999,0.04,0.86,-1.8399999999999999,3.3099999999999996,391.19556531681906,394.2643317193187,390.10026131361894,391.4915771484375,44922800.0,0.12,0.04,1.06,-3.54,3.3000000000000003,359.4101276911972,361.1571273375711,358.23906553513746,359.6117248535156,5381700.0,0.03,-0.03,0.8099999999999999,-0.63,3.95,13.350000381469727,-5.52,1
2024-01-08,454.71278328613425,460.84771948944723,454.5865853845721,460.7021179199219,74879100.0,1.43,0.11,1.38,-0.15,3.9899999999999998,392.7151405016946,399.86905099818864,392.5671345830091,399.5829162597656,42473800.0,2.07,0.31,1.87,-1.1199999999999999,3.9800000000000004,358.42156036103825,361.8483616908785,357.5288730781609,361.72357177734375,4604900.0,0.59,-0.33,1.2,-0.01,4.38,13.079999923706055,-2.02,1
2024-01-09,458.05202403896755,461.02241437904433,457.54726208619434,460.003173828125,65931400.0,-0.15,-0.58,0.75,0.26,3.39,396.5832122441471,401.2998583916522,396.38585093731285,400.372314453125,39132900.0,0.2,-0.75,1.23,0.7799999999999999,3.7199999999999998,359.76536548033414,360.53329207921075,358.75749660522644,360.130126953125,3230900.0,-0.44,-0.54,0.49,-0.51,3.55,12.760000228881836,-2.45,-1
2024-01-10,460.275022232607,463.4686883884697,459.99350610212235,462.604736328125,67310600.0,0.5700000000000001,0.06,0.76,1.66,3.5700000000000003,400.68809010616457,404.09234688237234,399.8000244303325,403.08587646484375,33962800.0,0.6799999999999999,0.08,1.0699999999999998,2.55,3.54,360.4852070927376,362.3282012629284,360.23565663043365,361.8290710449219,2718700.0,0.47000000000000003,0.1,0.58,0.73,3.5900000000000003,12.6899995803833,-0.5499999999999999,1
2024-01-11,463.60455806414546,464.119036700077,458.4306513904914,462.40087890625,77940700.0,-0.04,0.22,1.23,1.94,3.06,404.3587923820562,405.75010833943963,398.88233210983117,403.92462158203125,54536200.0,0.21,0.32,1.7000000000000002,3.3000000000000003,2.94,362.6162220422145,362.95218809203203,359.23743295126417,362.0403137207031,4095700.0,0.06,0.22,1.03,0.7000000000000001,3.17,12.4399995803833,-1.97,-1
2024-01-12,463.847256832393,464.5850109920546,461.31370050606375,462.7212219238281,58026400.0,0.06999999999999999,0.31,0.7100000000000001,1.87,1.72,404.96063810423556,405.79937840440965,402.7404591342418,404.13177490234375,39595000.0,0.05,0.26,0.76,3.2300000000000004,1.7000000000000002,362.33786949614233,363.0769713575106,359.69818232830846,360.8308410644531,3816700.0,-0.33,0.08,0.9299999999999999,0.33999999999999997,1.35,12.699999809265137,2.09,1
2024-01-16,461.34278348918724,462.6532272077025,459.2071951071508,461.0224304199219,85014900.0,-0.37,-0.3,0.74,0.06999999999999999,1.03,402.89839156386364,405.67114634191273,401.4379961548512,404.09234619140625,43903000.0,-0.01,-0.31,1.05,1.13,1.78,359.92849949880656,360.4660333824012,357.1160401983205,358.6710510253906,4471600.0,-0.6,-0.25,0.9299999999999999,-0.84,0.31,13.84000015258789,8.98,-1
2024-01-17,458.00353981867966,458.94513616011074,456.110630489601,458.45977783203125,68843900.0,-0.5599999999999999,-0.65,0.61,-0.33999999999999997,0.63,400.78679371902757,402.18795672683933,397.5798679575851,401.81298828125,54386000.0,-0.5599999999999999,-0.8200000000000001,1.1400000000000001,0.36,0.7100000000000001,356.83764713174315,358.7574192750208,356.44409032716345,357.76873779296875,4361000.0,-0.25,-0.51,0.64,-0.66,0.02,14.789999961853027,6.859999999999999,-1
2024-01-18,460.12935459709723,463.09002818161,458.58591886010277,462.5367126464844,91856200.0,0.89,0.36,0.98,-0.01,0.96,405.0790624458076,408.0985035821571,403.7371019910327,407.5163269042969,59562500.0,1.4200000000000002,0.8099999999999999,1.09,1.0999999999999999,1.51,357.2985000480385,360.27412424369663,356.4633743324053,359.7749938964844,3953400.0,0.5599999999999999,-0.13,1.0699999999999998,-0.5700000000000001,0.49,14.130000114440918,-4.46,1
2024-01-19,463.66274109946323,468.58428097883166,462.58525997884743,468.3027648925781,110834500.0,1.25,0.24,1.3,1.28,1.6,409.71680918810495,415.7556918630463,409.13463247146666,415.5978088378906,70325100.0,1.9800000000000002,0.54,1.6199999999999999,2.8899999999999997,2.9899999999999998,360.9111122556946,364.35905939367666,359.6433350639414,363.6195373535156,5218600.0,1.0699999999999998,0.32,1.31,0.44,0.88,13.300000190734863,-5.87,1
2024-01-22,469.8366288012055,471.01118778689147,468.6426365209948,469.29302978515625,75844900.0,0.21,0.33,0.51,1.4200000000000002,3.2399999999999998,417.79829066520676,419.1008031211105,415.53863301091906,416.14056396484375,44880600.0,0.13,0.53,0.86,2.97,4.68,364.66649470710024,366.0014801885186,364.08061583937956,365.0314636230469,5433400.0,0.38999999999999996,0.29,0.53,1.16,2.56,13.1899995803833,-0.83,1
2024-01-23,469.836566173897,470.9043307691421,468.7493682867175,470.6616516113281,49945300.0,0.29,0.12,0.45999999999999996,2.09,2.5700000000000003,416.8312383898438,418.08442548159593,414.99590469924146,417.8673400878906,33003800.0,0.41000000000000003,0.16999999999999998,0.74,3.4099999999999997,3.91,364.3493996457114,364.8200311663833,363.0240283600876,364.0420837402344,3110100.0,-0.27,-0.19,0.49,1.5,1.44,12.550000190734863,-4.8500000000000005,1
2024-01-24,473.525326396796,474.4572061642856,470.6811334834007,471.17620849609375,81765000.0,0.11,0.61,0.8,2.77,2.48,421.77486503694314,424.1529273697124,419.69281456588413,420.1861877441406,46948000.0,0.5499999999999999,0.9400000000000001,1.0699999999999998,4.569999999999999,4.33,365.16584136861803,365.55962200459084,362.9856712870726,363.1297302246094,3967200.0,-0.25,0.31,0.7100000000000001,1.5,1.21,13.140000343322754,4.7,1
2024-01-25,473.30199623812143,474.0106300348732,471.1761540957068,473.73883056640625,72525000.0,0.54,0.44999999999999996,0.6,2.42,2.6,422.68264997969175,423.3536603803969,418.360726282685,420.6993103027344,44367200.0,0.12,0.59,1.1900000000000002,3.2300000000000004,3.82,364.0709886917047,365.50202308453106,362.96649768267486,365.4252014160156,3539100.0,0.63,0.26,0.7000000000000001,1.5699999999999998,1.4200000000000002,13.449999809265137,2.36,1
2024-01-26,473.3117152908374,474.79691054106985,472.29247468488353,473.1369934082031,76641600.0,-0.13,-0.09,0.53,1.03,2.29,418.81458709390614,420.5611171421055,417.54167598048286,418.19293212890625,37137000.0,-0.6,-0.44999999999999996,0.72,0.62,2.9899999999999998,364.9450122825456,367.0099355055414,364.9162004909712,366.0110778808594,3221000.0,0.16,-0.13,0.5700000000000001,0.66,1.26,13.260000228881836,-1.41,-1
2024-01-29,473.4475958586122,477.029542315143,472.9039969579279,476.8839111328125,61322800.0,0.79,0.06999999999999999,0.8699999999999999,1.6199999999999999,3.06,418.64688302860066,422.6728251918383,417.99562679298543,422.4754638671875,38694700.0,1.02,0.11,1.1199999999999999,1.52,4.1000000000000005,365.9245018949385,368.23914596218873,365.48271149054113,368.1430969238281,2730900.0,0.58,-0.02,0.75,0.8500000000000001,1.72,13.600000381469727,2.56,1
2024-01-30,476.19475312019154,477.2237103899132,475.7579187820987,476.5151062011719,58618400.0,-0.08,-0.13999999999999999,0.31,1.24,3.2800000000000002,421.43933884792625,422.0116384359929,418.75538778321743,419.6631774902344,36739000.0,-0.67,-0.25,0.77,0.43,3.85,367.67252346591744,369.71824797162526,367.35556454556774,369.27642822265625,2747900.0,0.31,-0.13,0.64,1.44,2.08,13.3100004196167,-2.13,-1
2024-01-31,474.31155855924624,474.75807991768903,468.7202212489611,468.7396545410156,126011100.0,-1.63,-0.45999999999999996,1.27,-0.52,2.16,415.2721839553905,417.2654006290457,411.2659964098067,411.443603515625,64010600.0,-1.96,-1.05,1.43,-2.08,3.5700000000000003,369.9680238370807,370.55390263207954,366.2511564724605,366.27996826171875,4476600.0,-0.8099999999999999,0.19,1.17,0.8699999999999999,1.1900000000000002,14.350000381469727,7.8100000000000005,-1
2024-02-01,470.43842101293257,474.90372358641025,469.6327095934461,474.8746032714844,91891600.0,1.31,0.36,1.1199999999999999,0.24,4.35,413.2394405875665,416.7818557553395,412.2724184917744,416.2884826660156,51008600.0,1.18,0.44,1.0999999999999999,-1.05,5.91,366.3087254063496,369.9103450766599,365.8957467185674,369.8623352050781,3652500.0,0.98,0.01,1.0999999999999999,1.21,2.97,13.880000114440918,-3.2800000000000002,1
2024-02-02,475.311338761735,481.5239185736894,474.97158205447363,479.87371826171875,99228200.0,1.05,0.09,1.38,1.4200000000000002,5.79,418.18309593751326,424.53774491430374,417.18650258936236,423.3240661621094,59602400.0,1.69,0.45999999999999996,1.77,1.23,8.260000000000002,368.79622471370675,372.4362697110952,368.075900810559,371.1300964355469,3344800.0,0.33999999999999997,-0.29,1.18,1.4000000000000001,3.2300000000000004,13.850000381469727,-0.22,1
2024-02-05,479.24275149109314,479.9028316062999,475.8743640258932,478.12640380859375,75757100.0,-0.36,-0.13,0.84,0.26,5.26,423.3832622919812,423.9160836378695,419.3671974329479,422.771484375,39889200.0,-0.13,0.01,1.0699999999999998,0.06999999999999999,7.99,370.717048863947,370.717048863947,367.00018261026383,368.40240478515625,3761600.0,-0.73,-0.11,1.0,0.06999999999999999,2.44,13.670000076293945,-1.3,-1
2024-02-06,479.06812791328576,479.8447191007998,477.6411730816488,479.5146789550781,55918600.0,0.29,0.2,0.45999999999999996,0.63,4.08,423.9160376085168,424.5179684735846,419.5842372747902,421.9228210449219,35846100.0,-0.2,0.27,1.17,0.54,5.59,368.7289426247581,370.1215509714911,368.3255484236745,369.843017578125,2507800.0,0.38999999999999996,0.09,0.49,0.15,2.2399999999999998,13.0600004196167,-4.46,1
2024-02-07,481.75695184930976,483.93134756331705,480.8541628931194,483.5139465332031,70556500.0,0.83,0.47000000000000003,0.64,3.15,5.11,424.7054500501672,427.0933590723248,423.4029377945693,426.2644958496094,37712700.0,1.03,0.66,0.8699999999999999,3.5999999999999996,6.47,371.1013194811337,372.1193750149933,370.39057989915176,371.3702392578125,2797600.0,0.41000000000000003,0.33999999999999997,0.47000000000000003,1.39,3.1199999999999997,12.829999923706055,-1.76,1
2024-02-08,483.513949705615,484.1060726186496,482.69855130751233,483.7275085449219,52343600.0,0.04,0.0,0.29,1.8599999999999999,4.569999999999999,426.382944683857,427.8137389159285,425.70211741625366,427.053955078125,29889900.0,0.19,0.03,0.5,2.59,5.949999999999999,372.13856257213763,372.32104698436916,370.2561241886536,372.0233154296875,2549800.0,0.18,0.21,0.5599999999999999,0.58,2.82,12.789999961853027,-0.31,1
2024-02-09,484.2322563033971,486.95996752942966,483.89249957484776,486.5231628417969,63979400.0,0.58,0.1,0.63,1.39,5.220000000000001,428.1887101367379,432.04689194825363,427.3993251082334,431.2574768066406,36943900.0,0.98,0.27,1.09,1.87,6.77,371.8695559313178,372.1672874164469,370.49614562119933,371.41815185546875,3526300.0,-0.16,-0.04,0.44999999999999996,0.08,2.59,12.930000305175781,1.09,1
2024-02-12,486.4940393494017,488.7557959365899,485.59125041968997,486.3096008300781,56502300.0,-0.04,-0.01,0.65,1.71,5.1,431.14892949261775,433.31978339162515,428.88927204043836,429.57012939453125,33203300.0,-0.38999999999999996,-0.03,1.03,1.6099999999999999,6.29,371.1973397737814,374.0018140004526,371.1493298996837,372.75323486328125,2412200.0,0.36,-0.06,0.77,1.18,3.3000000000000003,13.930000305175781,7.7299999999999995,-1
2024-02-13,480.04846760997253,482.5334996770295,476.35003982173856,479.61163330078125,113099200.0,-1.38,-1.29,1.27,0.02,4.03,421.6169297930613,425.5540376317795,419.6927625909073,422.8700866699219,64491700.0,-1.5599999999999998,-1.8499999999999999,1.3599999999999999,0.22,4.65,369.83354885510204,369.9199842159273,365.40594219466664,367.6725769042969,5325300.0,-1.3599999999999999,-0.7799999999999999,1.21,-0.59,2.5100000000000002,15.850000381469727,13.780000000000001,-1
2024-02-14,482.24237077339893,484.45560372449836,479.92234357796184,483.9702453613281,68387800.0,0.91,0.5499999999999999,0.95,0.09,5.56,425.5442266157376,427.90253465627023,423.1957655614689,427.4782409667969,45092700.0,1.09,0.63,1.11,0.27999999999999997,6.39,368.8058476471749,369.33407346535574,366.9522211244032,369.0843811035156,3465200.0,0.38,0.31,0.65,-0.62,3.16,14.380000114440918,-9.27,1
2024-02-15,484.6690979139186,487.4938867654942,484.19342663721847,487.3094482421875,61683000.0,0.69,0.13999999999999999,0.6799999999999999,0.74,5.36,428.16901342001694,429.2149622005433,425.6133137308573,428.7511901855469,38796100.0,0.3,0.16,0.84,0.4,5.21,369.9487456863522,372.9644864462988,369.65101415842906,372.8876647949219,3497200.0,1.03,0.22999999999999998,0.8999999999999999,0.22999999999999998,3.64,14.010000228881836,-2.5700000000000003,1
2024-02-16,487.00856229426716,488.1442842020213,484.144936285217,484.8826904296875,75532900.0,-0.5,-0.06,0.8200000000000001,-0.33999999999999997,3.54,429.12612415809764,429.2247747002088,424.15291424350715,424.8633728027344,53716500.0,-0.91,0.09,1.18,-1.48,2.23,372.4375319030516,373.47642313820177,371.02346674421835,371.49481201171875,3772300.0,-0.37,-0.12,0.66,0.02,2.17,14.239999771118164,1.6400000000000001,-1
2024-02-20,483.14510603430045,483.8149029118612,479.97087316267243,482.2132263183594,71736700.0,-0.5499999999999999,-0.36,0.79,-0.84,2.75,422.87011177333653,424.37983239693597,417.8870550394781,421.65643310546875,53999500.0,-0.75,-0.47000000000000003,1.53,-1.8399999999999999,1.3299999999999998,370.84058931266765,371.8602518618655,369.90749856221413,371.01373291015625,3295700.0,-0.13,-0.18,0.53,-0.47000000000000003,1.6400000000000001,15.420000076293945,8.290000000000001,-1
2024-02-21,480.9124629140013,482.8053426352379,479.1069145137689,482.6500244140625,59293400.0,0.09,-0.27,0.77,0.63,2.55,418.92310656439344,420.05788883742673,416.0418243903044,419.96905517578125,49779000.0,-0.4,-0.65,0.95,-0.69,0.5,370.31158735989385,371.4755658703385,368.7340075068601,371.360107421875,3027600.0,0.09,-0.19,0.74,1.0,2.01,15.34000015258789,-0.52,1
2024-02-22,489.25094105413393,493.5997329784438,488.2899113619232,492.63873291015625,76402500.0,2.07,1.37,1.0999999999999999,1.79,4.5600000000000005,428.73140828484816,433.30004866411934,427.9617473429976,432.26397705078125,53887800.0,2.93,2.09,1.27,1.1199999999999999,2.87,373.58213016144407,376.5738038586652,373.14927115325514,375.67919921875,4990700.0,1.16,0.6,0.9199999999999999,1.79,3.46,14.539999961853027,-5.220000000000001,1
2024-02-23,494.3569168435657,495.1917486669141,492.2504780503714,492.978515625,61321800.0,0.06999999999999999,0.35000000000000003,0.6,1.16,4.06,433.8230462005295,434.7505902201544,430.0142195730952,430.9910888671875,39853900.0,-0.29,0.36,1.0999999999999999,0.52,2.45,376.8624890895203,377.8917808547326,376.0448564888502,376.3911437988281,3451600.0,0.19,0.31,0.49,0.9400000000000001,3.0,13.75,-5.43,1
2024-02-26,493.41526570907337,493.8521000550051,491.0467146922128,491.17291259765625,50386700.0,-0.37,0.09,0.5700000000000001,1.3,3.81,431.8002008373945,432.7869471692382,430.5766149089948,430.76409912109375,33043200.0,-0.05,0.19,0.51,1.39,3.01,376.5546044932487,377.47806647156295,375.3906261278559,375.8427429199219,1914100.0,-0.15,0.04,0.5499999999999999,1.17,2.69,13.739999771118164,-0.06999999999999999,-1
2024-02-27,491.86214231163,492.30866367947897,489.9692329795254,492.08538818359375,48854500.0,0.19,0.13999999999999999,0.48,2.0500000000000003,3.19,431.86928088648324,432.185016827134,429.2642561126333,431.8002014160156,33713200.0,0.24,0.26,0.6799999999999999,2.41,2.21,375.50614041455526,375.5927415988449,373.9574176761201,374.8327941894531,2370900.0,-0.27,-0.09,0.44,1.03,1.82,13.430000305175781,-2.26,1
2024-02-28,490.53217814092545,492.0173732682764,490.17301775947533,491.4349670410156,56506600.0,-0.13,-0.32,0.37,1.82,3.1300000000000003,429.6589511430398,430.88253708025496,428.5439229619259,429.5010681152344,32938800.0,-0.53,-0.5,0.54,2.27,2.34,373.1780957174106,374.9095903110781,372.851036932221,374.7749328613281,3313900.0,-0.02,-0.44,0.5499999999999999,0.9199999999999999,1.49,13.84000015258789,3.05,-1
2024-02-29,493.1920036518268,494.8130838290683,490.5516532421677,493.2016906738281,83924800.0,0.36,0.36,0.8699999999999999,0.11,5.220000000000001,432.4218567885407,434.25719051548447,429.25437937497003,433.181640625,42495200.0,0.86,0.6799999999999999,1.16,0.21,5.28,375.8235571512507,376.2275589691916,373.66880250535183,375.1117248535156,3026900.0,0.09,0.27999999999999997,0.6799999999999999,-0.15,2.41,13.399999618530273,-3.18,1
2024-03-01,494.07533144522296,498.2590878764062,493.6676174504883,497.83197021484375,76844800.0,0.9400000000000001,0.18,0.9299999999999999,0.98,4.83,434.06966686859715,440.6611245537349,434.01046450298435,439.7039794921875,43853000.0,1.51,0.21,1.54,2.02,5.62,375.01548581947503,376.7084945725985,374.0823949554701,376.419921875,3857500.0,0.35000000000000003,-0.03,0.7000000000000001,0.01,1.77,13.109999656677246,-2.16,1
2024-03-04,497.03604251314806,499.1424809176813,497.00689257657365,497.298095703125,49799300.0,-0.11,-0.16,0.43,1.25,3.63,439.70405502038204,440.12837886430077,437.8884452324756,438.1351318359375,34325700.0,-0.36,0.0,0.51,1.71,3.5000000000000004,374.5346147456938,376.3623108311787,374.5346147456938,375.3811340332031,3048500.0,-0.27999999999999997,-0.5,0.49,-0.12,1.15,13.489999771118164,2.9000000000000004,-1
2024-03-05,495.2984545471132,495.745005535815,490.1245478315941,492.32806396484375,72855600.0,-1.0,-0.4,1.13,0.05,2.97,435.09589454205684,435.1057716407656,427.9025059370084,430.27069091796875,57917100.0,-1.79,-0.69,1.6400000000000001,-0.35000000000000003,1.77,374.1882554779096,374.4768575783578,370.27314825318433,371.49481201171875,4132400.0,-1.04,-0.32,1.1199999999999999,-0.89,0.84,14.460000038146973,7.19,-1
2024-03-06,495.5993458504527,497.0748540345267,493.53174438668293,494.8227844238281,68382400.0,0.51,0.66,0.72,0.69,3.19,434.48414693490355,436.13199642628683,431.09961428378455,432.97442626953125,46234500.0,0.63,0.98,1.17,0.8099999999999999,2.62,373.7072935055927,374.322954521536,371.43710956105093,372.4471435546875,3039100.0,0.26,0.6,0.7799999999999999,-0.62,0.7000000000000001,14.5,0.27999999999999997,1
2024-03-07,498.1134781427479,500.78294851299574,494.88097561410905,499.73455810546875,58652100.0,0.9900000000000001,0.67,1.1900000000000002,1.32,3.35,436.5563328635165,440.7993301178958,435.01698085540727,439.5461730957031,44526700.0,1.52,0.83,1.34,1.47,3.1199999999999997,374.2652876147528,374.89054823118687,373.07245158359797,373.66888427734375,2965700.0,0.33,0.49,0.49,-0.38,0.62,14.4399995803833,-0.41000000000000003,1
2024-03-08,500.3655769656846,503.04470489035225,496.16235769149256,496.7350769042969,86532500.0,-0.6,0.13,1.38,-0.22,2.69,439.901370869489,442.6938797953184,432.53037471556775,433.20135498046875,72096000.0,-1.44,0.08,2.31,-1.48,1.44,373.466774901538,375.5638443732917,372.95694350914005,373.2262878417969,4256900.0,-0.12,-0.05,0.7000000000000001,-0.8500000000000001,0.32,14.739999771118164,2.08,-1
2024-03-11,495.5313914960879,496.8903887313969,493.60936207648933,496.3079528808594,62557200.0,-0.09,-0.24,0.66,-0.2,2.01,431.71139180076773,432.8461440453612,429.6688196926347,431.5929870605469,45860000.0,-0.37,-0.33999999999999997,0.73,-1.49,0.08,372.19703123275315,373.8611829235771,370.8310517957342,373.63995361328125,3396000.0,0.11,-0.27999999999999997,0.8099999999999999,-0.45999999999999996,0.6,15.220000267028809,3.26,-1
2024-03-12,498.41440902025136,502.2293178339327,495.90022716452177,501.64691162109375,73114400.0,1.08,0.42,1.28,1.8900000000000001,3.15,433.901940644511,438.1350603881726,430.67526112502065,437.77984619140625,55300900.0,1.43,0.53,1.73,1.7500000000000002,1.91,374.42873186816115,376.54502978574453,373.0820101734859,375.9197692871094,3275800.0,0.61,0.21,0.9299999999999999,1.1900000000000002,0.8500000000000001,13.84000015258789,-9.07,1
2024-03-13,501.9672573875113,502.14197926945354,499.4239845817287,500.8606262207031,55104100.0,-0.16,0.06,0.54,1.22,4.43,436.7832854213928,436.80303962166965,433.3000718539814,434.41510009765625,37928700.0,-0.77,-0.22999999999999998,0.8,0.33,2.73,376.7854908493422,377.84363973511165,375.21751059447416,376.3333740234375,2788700.0,0.11,0.22999999999999998,0.7000000000000001,1.04,2.36,13.75,-0.65,-1
2024-03-14,501.83132111592977,501.9866689472691,496.8321662856789,499.8705139160156,110171800.0,-0.2,0.19,1.03,0.03,3.29,435.64850056359603,436.17147490901215,430.60624131940546,433.3197937011719,52195200.0,-0.25,0.27999999999999997,1.28,-1.4200000000000002,1.37,377.24727011204794,377.4781283053611,373.08201761758846,375.2271728515625,4471900.0,-0.29,0.24,1.17,0.42,1.66,14.399999618530273,4.73,-1
2024-03-15,496.80816405826874,498.2590460217431,494.77306623402836,496.4381408691406,107646300.0,-0.69,-0.61,0.7000000000000001,-0.06,1.87,430.29044372372584,433.0533211737261,427.0045618535446,428.1689453125,73069800.0,-1.1900000000000002,-0.7000000000000001,1.4000000000000001,-1.16,-0.13999999999999999,373.88013457121855,375.34582065263385,372.2409191205833,373.1665954589844,4372300.0,-0.5499999999999999,-0.36,0.83,-0.02,0.06999999999999999,14.40999984741211,0.06999999999999999,-1
2024-03-18,500.4985582011873,501.93966343615864,498.97953771699747,499.38848876953125,88893300.0,0.59,0.8200000000000001,0.6,0.62,2.9899999999999998,433.4876272298241,435.77002263361766,432.0154107319482,432.2525634765625,47323800.0,0.95,1.24,0.88,0.15,1.7399999999999998,374.4682554681688,374.96000527205626,373.62935872894184,373.87042236328125,2060600.0,0.19,0.35000000000000003,0.36,0.06,0.64,14.329999923706055,-0.5599999999999999,1
2024-03-19,498.6971497497458,502.4459962981956,497.69417669493055,502.16363525390625,60755300.0,0.5599999999999999,-0.13999999999999999,0.95,0.1,4.14,430.2468751531262,433.73469442402046,428.15218143620706,433.32958984375,43004100.0,0.25,-0.45999999999999996,1.29,-1.02,2.77,374.2851060922079,377.1103652872764,373.6197679982542,376.9271545410156,3303800.0,0.8200000000000001,0.11,0.9299999999999999,0.27,1.59,13.819999694824219,-3.56,1
2024-03-20,502.2220766323413,506.94465591796825,501.5501987684062,506.8083190917969,69594600.0,0.9199999999999999,0.01,1.0699999999999998,1.1900000000000002,5.01,434.52512339661354,438.80337150894667,432.82567425217115,438.4674377441406,43653500.0,1.1900000000000002,0.27999999999999997,1.38,0.9299999999999999,4.3999999999999995,376.2038616783015,381.0926387228923,375.953175535532,380.870849609375,4823900.0,1.05,-0.19,1.3599999999999999,1.21,2.56,13.039999961853027,-5.64,1
2024-03-21,509.6418984195912,510.342957334889,508.200733818281,508.483154296875,60256100.0,0.33,0.5599999999999999,0.42,1.72,3.2199999999999998,443.51640198843563,443.97089707149223,440.3447662615523,440.5423583984375,39345700.0,0.47000000000000003,1.15,0.83,1.67,1.92,382.1437585454909,384.56404713707514,381.6616312197868,383.53228759765625,4348400.0,0.7000000000000001,0.33,0.76,2.21,2.09,12.920000076293945,-0.9199999999999999,1
2024-03-22,508.39545810681153,508.8823243537427,507.2853888001489,507.5191345214844,79070800.0,-0.19,-0.02,0.31,2.23,2.9499999999999997,440.0285427517674,442.1429563269523,439.17880316614946,441.0462341308594,28253900.0,0.11,-0.12,0.67,3.01,2.33,383.54198266692964,383.8312473241759,380.38885076934594,380.42742919921875,3156100.0,-0.8099999999999999,0.0,0.8999999999999999,1.95,1.0699999999999998,13.0600004196167,1.08,-1
2024-03-25,506.1463075448143,507.26612405969263,505.9612959318849,506.11712646484375,48512100.0,-0.27999999999999997,-0.27,0.26,1.35,3.04,438.2500236979711,440.9276637079466,437.2521126584658,439.4455871582031,27789200.0,-0.36,-0.63,0.83,1.66,2.02,379.83913661372054,380.06089631038554,378.77845080343775,378.90380859375,2535600.0,-0.4,-0.15,0.33999999999999997,1.35,0.8099999999999999,13.1899995803833,1.0,-1
2024-03-26,507.5386367689601,507.87947884663447,504.7830162330491,505.1822204589844,65463700.0,-0.18,0.27999999999999997,0.61,0.6,2.6599999999999997,440.967169447926,441.8860798362607,437.79553403539165,438.0227966308594,34142000.0,-0.32,0.35000000000000003,0.9299999999999999,1.08,1.44,379.60775247041795,380.1766591661079,378.595296888154,378.80743408203125,3395400.0,-0.03,0.19,0.42,0.5,1.06,13.239999771118164,0.38,-1
2024-03-27,508.0061834942003,509.46678276035976,505.8444656756774,509.42779541015625,82999800.0,0.84,0.5599999999999999,0.72,0.52,3.66,441.10548724918266,441.2042983789603,436.64936762664576,439.51470947265625,41359200.0,0.33999999999999997,0.7000000000000001,1.04,0.24,2.33,380.88054029224594,383.36830403804663,380.3694865671502,383.3490295410156,4427300.0,1.2,0.5499999999999999,0.79,0.65,2.29,12.779999732971191,-3.47,1
2024-03-28,509.4666590943707,510.8298490860622,509.0479612048705,509.330322265625,96294900.0,-0.02,0.01,0.35000000000000003,0.16999999999999998,3.27,439.4653783552645,440.3151180026423,438.34887575907896,438.70458984375,36839600.0,-0.18,-0.01,0.44999999999999996,-0.42,1.27,383.83116523014377,384.31329250691647,382.8476361791444,383.5419006347656,3155000.0,0.05,0.13,0.38,0.0,2.25,13.010000228881836,1.7999999999999998,-1
2024-04-01,510.07045141241963,510.6059925472889,507.2855305336226,508.44427490234375,62477500.0,-0.16999999999999998,0.15,0.65,0.18,2.13,439.6530509460299,442.18245907233614,437.726339451207,439.63330078125,38729000.0,0.21,0.22,1.02,-0.32,-0.02,383.5997749688616,383.82153469546034,380.62023176327455,381.1987609863281,3825200.0,-0.61,0.02,0.83,0.2,1.27,13.649999618530273,4.92,-1
2024-04-02,504.62730299960265,505.34785579995645,502.91352367339005,505.2115783691406,74230300.0,-0.64,-0.75,0.48,-0.18,1.59,434.8214810155187,436.15535592740196,432.7959884791613,435.83917236328125,44259700.0,-0.86,-1.09,0.76,-0.8200000000000001,-0.52,377.95885497680814,378.1227911971236,376.32926244250024,377.6310119628906,4034900.0,-0.9400000000000001,-0.8500000000000001,0.47000000000000003,-0.33999999999999997,0.6,14.609999656677246,7.03,-1
2024-04-03,504.12083842082313,507.2660352902269,504.0721636747669,505.7664489746094,59155800.0,0.11,-0.22,0.63,0.12,2.73,433.71488798828096,438.694673809478,433.70502798159896,436.8173828125,39949800.0,0.22,-0.49,1.1400000000000001,-0.27999999999999997,1.52,377.679201374374,378.87489698314346,376.0496088898801,377.27423095703125,3547000.0,-0.09,0.01,0.75,-0.4,1.5599999999999998,14.329999923706055,-1.92,1
2024-04-04,509.76853565111946,510.1093183056524,499.2911628340767,499.593017578125,96858100.0,-1.22,0.79,2.1399999999999997,-1.9300000000000002,0.96,440.996824784503,441.60944178188765,429.9108904729682,430.1381530761719,57267700.0,-1.53,0.96,2.68,-2.13,-0.66,379.94524653575337,380.14773176636334,371.8165871559676,372.2215576171875,5041200.0,-1.34,0.7100000000000001,2.21,-2.9000000000000004,-0.06,16.350000381469727,14.099999999999998,-1
2024-04-05,500.94653513579135,506.7694375345306,500.5083435441168,504.8122253417969,74546500.0,1.04,0.27,1.25,-0.89,1.02,431.5609373498813,437.8745980464935,430.7507282504202,435.20684814453125,54744600.0,1.18,0.33,1.66,-0.8,-0.9900000000000001,372.5397023450642,376.49315136612466,372.27933481766655,374.9599609375,4423500.0,0.74,0.09,1.13,-2.2399999999999998,0.35000000000000003,16.030000686645508,-1.96,1
2024-04-08,505.51336185898396,506.5162756490336,504.2864491311744,505.0946044921875,48401800.0,0.06,0.13999999999999999,0.44,-0.66,1.68,436.13561556539395,437.2125875865216,433.9520311978938,435.3352966308594,28144900.0,0.03,0.21,0.75,-0.98,0.49,375.14326741322714,376.1943308985351,374.6804440049477,375.1914978027344,2431300.0,0.06,0.05,0.4,-1.58,0.53,15.1899995803833,-5.24,1
2024-04-09,506.8278303713481,507.0712635271461,500.8393509659492,505.6788330078125,68049200.0,0.12,0.33999999999999997,1.23,0.09,1.8900000000000001,437.66705870710007,437.9437117785747,432.21302808963225,436.94580078125,39443600.0,0.37,0.54,1.32,0.25,1.24,375.692882812348,376.04002977972823,371.94194761771746,374.9407653808594,4003900.0,-0.06999999999999999,0.13,1.09,-0.7100000000000001,0.35000000000000003,14.979999542236328,-1.38,1
2024-04-10,499.9922143304957,502.60181066009386,498.6387711363,500.61541748046875,82652800.0,-1.0,-1.1199999999999999,0.7799999999999999,-1.02,-0.21,431.7783023964343,433.99152706641837,431.0669044449502,433.1319274902344,61502200.0,-0.8699999999999999,-1.18,0.67,-0.84,-1.06,371.1609119015653,372.17336751085764,369.33845649277924,370.76556396484375,5173100.0,-1.11,-1.01,0.76,-1.73,-1.37,15.800000190734863,5.47,-1
2024-04-11,502.1344876196163,505.8346601112469,498.6290735605831,504.3935546875,70099000.0,0.75,0.3,1.44,0.96,0.7100000000000001,434.9993827274123,440.99682993017785,432.7268471276374,440.0483093261719,45474600.0,1.6,0.43,1.91,2.3,1.3,371.6912138075395,372.27939497600676,368.3452492407707,370.7944641113281,3972800.0,0.01,0.25,1.06,-0.38,-1.47,14.90999984741211,-5.63,1
2024-04-12,500.85886371567153,502.2707879594682,495.70780962230026,497.43133544921875,92561100.0,-1.38,-0.7000000000000001,1.3,-1.46,-0.49,435.82934357135736,436.95570613893716,431.6597667487768,433.03314208984375,53665000.0,-1.59,-0.96,1.2,-0.5,-0.06999999999999999,368.6442575011916,369.2420907807017,365.26936563466006,366.2914733886719,5305100.0,-1.21,-0.58,1.0699999999999998,-2.31,-2.3800000000000003,17.309999465942383,16.1,-1
2024-04-15,501.5989207934361,501.7644387082916,490.3522904966187,491.199462890625,92101400.0,-1.25,0.84,2.29,-2.75,-1.06,436.7778637813603,436.8667847613836,425.0694522981349,425.9093017578125,63453600.0,-1.6500000000000001,0.86,2.7199999999999998,-2.17,-0.53,369.6276466748488,370.100151367179,363.1382330365479,363.8228454589844,4870700.0,-0.67,0.91,1.9,-3.0300000000000002,-2.5,19.229999542236328,11.09,-1
2024-04-16,491.676555438244,493.19557596027215,489.018254666714,490.3035888671875,73484000.0,-0.18,0.1,0.8500000000000001,-3.04,-1.82,425.75119974644684,428.5770414842701,424.56555655499864,425.9488220214844,47619000.0,0.01,-0.04,0.9400000000000001,-2.52,-1.46,366.166031705721,366.34924243351713,363.5625619465972,364.4689636230469,4383500.0,0.18,0.64,0.77,-2.79,-2.5100000000000002,18.399999618530273,-4.32,-1
2024-04-17,492.7574157801548,492.9229634124424,486.00945537176443,487.4018859863281,75910300.0,-0.59,0.5,1.41,-2.64,-2.94,427.9249391300538,427.9446892970782,419.82290801689595,420.7516784667969,56880500.0,-1.22,0.45999999999999996,1.91,-2.86,-2.9000000000000004,365.65501503214233,366.59999522784454,362.69477547971616,363.95794677734375,4584900.0,-0.13999999999999999,0.33,1.0699999999999998,-1.8399999999999999,-3.44,18.209999084472656,-1.03,-1
2024-04-18,488.794360179131,490.8878795783521,485.46418121059236,486.3989562988281,74548100.0,-0.21,0.29,1.11,-3.5700000000000003,-4.03,421.3938920422411,423.12298141821606,417.77762150042236,418.3507080078125,46549400.0,-0.5700000000000001,0.15,1.27,-4.93,-4.590000000000001,365.50069368177884,367.31349703469283,363.37935122174025,364.3339538574219,4579200.0,0.1,0.42,1.08,-1.7399999999999998,-4.34,18.0,-1.15,-1
2024-04-19,486.32104754330464,487.3142441699,480.8876025986124,482.1534729003906,102212600.0,-0.8699999999999999,-0.02,1.32,-3.0700000000000003,-5.18,417.17492743365193,417.69859329896826,408.13426609892537,409.69537353515625,75231000.0,-2.07,-0.27999999999999997,2.29,-5.390000000000001,-7.000000000000001,365.34508477613747,367.6026203723532,364.6022299353362,366.41595458984375,5078600.0,0.5700000000000001,0.27999999999999997,0.8200000000000001,0.03,-4.46,18.709999084472656,3.94,-1
2024-04-22,484.75331996273405,489.18382142190774,482.4163675078979,486.59368896484375,67961000.0,0.9199999999999999,0.54,1.4000000000000001,-0.9400000000000001,-4.12,412.3235850098198,416.1473377835961,408.9938577655325,413.8155517578125,47807700.0,1.01,0.64,1.7500000000000002,-2.8400000000000003,-6.17,368.2779240027398,370.89241591696623,366.42557145284104,368.8953552246094,4129000.0,0.6799999999999999,0.51,1.22,1.39,-3.0300000000000002,16.940000534057617,-9.46,1
2024-04-23,488.5995792337359,492.7963646750655,486.4086807205422,492.367919921875,64633600.0,1.1900000000000002,0.41000000000000003,1.31,0.42,-2.7199999999999998,415.74220734573504,421.1863779906692,413.8649164811478,419.9908447265625,44384700.0,1.49,0.47000000000000003,1.77,-1.4000000000000001,-4.43,370.16887761986027,372.0019162804222,369.41636577217076,371.4519958496094,3126400.0,0.69,0.35000000000000003,0.7000000000000001,1.92,-1.97,15.6899995803833,-7.380000000000001,1
2024-04-24,493.25400289949073,494.04272395926796,489.91410708182036,492.13421630859375,55928100.0,-0.05,0.18,0.84,0.97,-2.58,423.0835051077627,424.5952221276178,419.13130059541714,421.4136962890625,48440300.0,0.33999999999999997,0.74,1.3,0.16,-3.7900000000000005,371.3071737151624,371.88603559926537,369.52236184006927,370.892333984375,3575800.0,-0.15,-0.04,0.64,1.91,-2.09,15.970000267028809,1.78,-1
2024-04-25,486.0678630419317,491.02415872515365,484.42225246602163,490.2646484375,69122400.0,-0.38,-1.23,1.34,0.79,-3.7600000000000002,414.230497882568,420.23786493944755,413.1436658883996,419.3782653808594,57392200.0,-0.48,-1.7000000000000002,1.68,0.25,-4.58,366.40627624904664,368.1042341416808,364.1776825932222,367.4964599609375,4682800.0,-0.9199999999999999,-1.21,1.06,0.8699999999999999,-4.14,15.369999885559082,-3.7600000000000002,-1
2024-04-26,493.0495298783495,496.4868049205615,492.4166096033967,494.90936279296875,64306100.0,0.95,0.5700000000000001,0.83,2.65,-2.83,422.5103887021801,427.381473182625,421.81877105316397,425.8500061035156,41874900.0,1.54,0.75,1.3299999999999998,3.94,-2.93,367.3324398480978,369.83116519017267,367.1201914300533,368.83746337890625,4252400.0,0.36,-0.04,0.74,0.66,-3.83,15.029999732971191,-2.21,1
2024-04-29,496.69128964862307,497.33395677101214,493.9258924563797,496.6620788574219,46415400.0,0.35000000000000003,0.36,0.69,2.07,-2.32,427.9545657944638,428.57704279451684,424.84221094712433,427.5791015625,30022200.0,0.41000000000000003,0.49,0.88,3.3300000000000005,-2.74,369.59964888523314,370.49686883030853,368.60594702901994,370.27496337890625,3265900.0,0.38999999999999996,0.21,0.51,0.37,-2.87,14.670000076293945,-2.4,1
2024-04-30,495.201551843949,496.1752846468065,488.7944030761719,488.7944030761719,77483600.0,-1.58,-0.29,1.49,-0.73,-3.25,425.9982141906258,427.39136982222493,419.4375707439293,419.5166015625,43665900.0,-1.8900000000000001,-0.37,1.8599999999999999,-0.11,-3.75,368.98223949730175,369.262028245849,364.7565844045413,364.8048400878906,3463600.0,-1.48,-0.35000000000000003,1.22,-1.79,-3.4000000000000004,15.649999618530273,6.68,-1
2024-05-01,488.2100967940072,494.841213980312,486.7397509352648,487.2071533203125,80242800.0,-0.32,-0.12,1.66,-1.0,-3.6700000000000004,418.0937738009243,425.00027078139163,415.6335364646761,416.4832458496094,52251700.0,-0.72,-0.33999999999999997,2.23,-1.17,-4.66,365.0459877538313,369.9662709125173,364.66008954263253,365.53802490234375,5731600.0,0.2,0.06999999999999999,1.4500000000000002,-1.44,-3.11,15.390000343322754,-1.66,-1
2024-05-02,490.90730120185356,492.60161619088024,486.4281251448712,491.7641906738281,62550200.0,0.9400000000000001,0.76,1.27,0.31,-1.5699999999999998,420.2180930266731,422.6981107728826,415.6039115799332,421.7989807128906,36559000.0,1.28,0.8999999999999999,1.7000000000000002,0.58,-1.94,367.7183269694523,369.41631426272056,365.54761662200315,368.7602844238281,3535600.0,0.88,0.6,1.06,0.33999999999999997,-0.9299999999999999,14.680000305175781,-4.61,1
2024-05-03,497.73315122045955,499.0866240599667,495.20144055878046,497.8597412109375,72756700.0,1.24,1.21,0.79,0.6,-1.38,429.2489077059209,431.26454032422834,427.45064752834196,430.2764892578125,48515300.0,2.01,1.77,0.8999999999999999,1.04,-1.13,373.4973364030577,374.3173591476546,371.49061838545634,373.1403503417969,4471100.0,1.1900000000000002,1.28,0.77,1.17,-0.49,13.489999771118164,-8.110000000000001,1
2024-05-06,500.25513498697876,503.039996024656,499.81694342031363,503.0010681152344,47264700.0,1.03,0.48,0.65,1.28,-0.41000000000000003,432.07473911225696,435.0784229348323,431.3040604511998,434.989501953125,30227200.0,1.0999999999999999,0.42,0.88,1.73,-0.08,374.6357458774505,375.0409287365217,373.19823293644265,374.76116943359375,2596100.0,0.43,0.4,0.49,1.21,-0.11,13.489999771118164,0.0,1
2024-05-07,503.96507290224616,504.9485523975052,502.8842439138016,503.5561218261719,52561300.0,0.11,0.19,0.41000000000000003,3.02,-0.42,435.434057928744,436.6888717577218,434.32741555610636,435.05859375,30996100.0,0.02,0.1,0.54,3.6999999999999997,-0.43,375.4557322906334,376.0152802406174,374.65496485345034,375.0408630371094,2428600.0,0.06999999999999999,0.19,0.36,2.81,0.03,13.229999542236328,-1.9300000000000002,1
2024-05-08,501.7254092481323,504.14024679039943,501.6085661045977,503.6047058105469,42047200.0,0.01,-0.36,0.5,3.37,0.6,432.44033140017706,436.20480361971187,432.3217399415846,434.8017578125,24896700.0,-0.06,-0.6,0.89,4.3999999999999995,0.38999999999999996,374.6550033620797,377.13444434620635,374.5102952086019,376.7196044921875,2855100.0,0.44999999999999996,-0.1,0.7000000000000001,3.06,1.6099999999999999,13.0,-1.7399999999999998,1
2024-05-09,503.78980752288453,506.54548758690595,503.13742328274043,506.5065002441406,43643700.0,0.58,0.04,0.6799999999999999,3.0,0.42,435.068517003567,436.3233611678897,433.22086631601803,435.7502746582031,24580100.0,0.22,0.06,0.7100000000000001,3.3099999999999996,-0.98,376.3626684682245,380.36644771339627,376.26621598118754,380.1156005859375,4141200.0,0.8999999999999999,-0.09,1.09,3.08,2.5100000000000002,12.6899995803833,-2.3800000000000003,1
2024-05-10,508.1034582569593,508.9116730396104,505.94180018838176,507.1589660644531,52233200.0,0.13,0.32,0.59,1.87,1.96,437.2521379272072,439.0009775019168,435.23650526025403,436.7778625488281,27116600.0,0.24,0.33999999999999997,0.86,1.51,0.86,381.3214770491097,381.9485653038354,380.21200868426496,381.2539367675781,3505600.0,0.3,0.32,0.45999999999999996,2.17,4.08,12.550000190734863,-1.0999999999999999,1
2024-05-13,508.83376404779614,508.9408603825465,506.0878306657376,507.2270812988281,36716400.0,0.01,0.33,0.5599999999999999,0.84,3.26,438.6848051824084,438.78361632455744,436.3727691901708,437.7856750488281,22994200.0,0.22999999999999998,0.44,0.5499999999999999,0.64,2.79,382.4115868382383,382.6334628030022,380.18299351594027,380.5592346191406,2635800.0,-0.18,0.3,0.64,1.55,4.6,13.600000381469727,8.37,1
2024-05-14,507.42181386177714,510.0703976103099,506.88627278339663,509.5542907714844,57535900.0,0.45999999999999996,0.04,0.63,1.1900000000000002,3.93,437.3608171056989,441.1351795765155,437.17308498286746,440.60162353515625,34478300.0,0.64,-0.1,0.91,1.27,3.44,380.6365325586158,382.28626440853964,379.9322469486711,381.6398620605469,2702700.0,0.27999999999999997,0.02,0.62,1.76,4.71,13.420000076293945,-1.32,1
2024-05-15,512.0179402902028,516.1563047340521,511.38499019072265,515.8641967773438,59504900.0,1.24,0.48,0.9400000000000001,2.4299999999999997,5.84,443.07169217869387,447.73529399413815,441.55997539068557,447.48828125,41464700.0,1.5599999999999998,0.5599999999999999,1.4000000000000001,2.92,6.35,383.2413231345896,385.42169055521157,382.95190685846455,385.2094421386719,3421200.0,0.9400000000000001,0.42,0.65,2.25,5.84,12.449999809265137,-7.23,1
2024-05-16,515.9614786446474,517.558414507879,514.6566506998298,514.802734375,50244800.0,-0.21,0.02,0.5599999999999999,1.6400000000000001,5.84,447.300603706104,449.25695573333155,446.41136374933757,446.579345703125,34780400.0,-0.2,-0.04,0.64,2.4899999999999998,6.75,385.662946601767,386.8688970289145,385.06479990064565,385.1419677734375,2877200.0,-0.02,0.12,0.47000000000000003,1.32,5.71,12.420000076293945,-0.24,-1
2024-05-17,514.9195824580145,515.6109540647997,513.4687302561026,515.5427856445312,59187600.0,0.13999999999999999,0.02,0.42,1.6500000000000001,6.93,446.70776275246817,447.31048959544074,444.1684943734974,446.3619689941406,35803700.0,-0.05,0.03,0.7000000000000001,2.19,8.95,385.6192150152121,386.49845860901615,384.97187895906086,386.43084716796875,2702900.0,0.33,0.12,0.4,1.3599999999999999,5.46,11.989999771118164,-3.46,1
2024-05-20,515.6595992673854,517.5973177042522,515.2700824401487,516.13671875,37764200.0,0.12,0.02,0.44999999999999996,1.76,6.069999999999999,446.5793218760035,450.1362815132888,446.39158976534486,449.47430419921875,24474200.0,0.7000000000000001,0.05,0.84,2.67,8.62,386.2569361316678,387.17483596021907,384.39218120210677,384.6434020996094,2094800.0,-0.45999999999999996,-0.05,0.72,1.0699999999999998,4.2700000000000005,12.149999618530273,1.3299999999999998,1
2024-05-21,515.3772666864285,517.5584184029028,515.1727614260365,517.402587890625,33437000.0,0.25,-0.15,0.45999999999999996,1.54,5.08,447.62663741534305,450.54136979919565,447.42901515243744,450.3536376953125,23167700.0,0.2,-0.41000000000000003,0.69,2.21,7.23,384.8560332055337,385.5710103620304,384.32460656038614,385.30047607421875,1618300.0,0.16999999999999998,0.06,0.32,0.96,3.73,11.859999656677246,-2.39,1
2024-05-22,516.7113709167669,517.4221768932046,513.7414381195646,515.9129028320312,48390000.0,-0.29,-0.13,0.7100000000000001,0.01,4.83,450.6106249737617,451.3615535298897,447.66622156156484,450.2648010253906,25120000.0,-0.02,0.06,0.8200000000000001,0.62,6.8500000000000005,384.4984787835153,385.3680510249974,382.140953470862,383.2520751953125,2647200.0,-0.53,-0.21,0.84,-0.51,3.3300000000000005,12.289999961853027,3.63,-1
2024-05-23,518.9606609347318,519.0677572803991,510.9370526401655,512.14453125,57211200.0,-0.73,0.59,1.58,-0.52,4.46,455.04691409303155,455.0765544193966,446.4508877649814,448.2392578125,40899200.0,-0.44999999999999996,1.06,1.92,0.37,6.88,383.63849397273646,383.6674787271343,377.058689350259,377.454833984375,3361200.0,-1.51,0.1,1.72,-2.0,2.71,12.770000457763672,3.91,-1
2024-05-24,513.9848197975488,516.3412958961842,513.0403275362747,515.5330810546875,41291100.0,0.66,0.36,0.64,-0.0,4.17,449.8498380581782,453.7427621877455,448.1503887927177,452.4780578613281,29669500.0,0.95,0.36,1.25,1.37,6.25,377.995959223866,378.99114192251363,376.9717917664625,377.4355773925781,2072200.0,-0.01,0.13999999999999999,0.53,-2.33,2.33,11.930000305175781,-6.58,1
2024-05-28,516.3413100648252,516.5749964273494,513.2642811397658,515.8933715820312,36269600.0,0.06999999999999999,0.16,0.64,-0.05,3.8699999999999997,453.6932608661482,454.2465670260158,451.2330234712752,454.1872863769531,26216800.0,0.38,0.27,0.67,1.05,6.22,376.63356864140957,377.02971328465486,373.93786847621305,375.4644775390625,2176100.0,-0.52,-0.21,0.8200000000000001,-2.39,1.4000000000000001,12.920000076293945,8.3,1
2024-05-29,511.8718716025252,513.4590608844294,511.57001679975457,512.2808227539062,45190300.0,-0.7000000000000001,-0.7799999999999999,0.37,-0.9900000000000001,4.8,450.0375328389557,452.76453341311486,449.8991912094127,450.9860534667969,29739200.0,-0.7000000000000001,-0.91,0.63,0.13999999999999999,7.5,372.2856266712102,372.6817712593419,371.2517880743308,371.5802917480469,2715000.0,-1.03,-0.8500000000000001,0.38,-3.56,1.8599999999999999,14.279999732971191,10.530000000000001,-1
2024-05-30,510.7422784507473,511.4044095336918,507.6360688600374,508.8824157714844,46377600.0,-0.66,-0.3,0.74,-1.3599999999999999,4.45,450.05732482720447,450.1956664696027,444.8305254989046,446.1545104980469,30536800.0,-1.0699999999999998,-0.21,1.1900000000000002,-0.91,7.12,368.4788469531963,369.4740294988024,367.5513053296257,368.58514404296875,4063400.0,-0.8099999999999999,-0.83,0.52,-3.83,0.83,14.470000267028809,1.3299999999999998,-1
2024-05-31,509.8367770177735,513.6440460717812,504.7441141188356,513.5174560546875,90785800.0,0.91,0.19,1.7500000000000002,0.27,4.42,446.3817458895466,447.07339375346913,437.76593868344236,445.32452392578125,55941300.0,-0.19,0.05,2.09,-0.65,5.58,369.0681572892814,374.5078248237098,368.38213578672554,374.4305419921875,4748400.0,1.59,0.13,1.66,-0.8,1.54,12.920000076293945,-10.71,1
2024-06-03,515.1242033171059,515.4065644656448,508.8727952408666,513.9362182617188,46835700.0,0.08,0.31,1.27,-0.31,3.2300000000000004,449.1384333222446,450.1363445127034,442.5481186668515,447.71563720703125,32997500.0,0.54,0.86,1.7000000000000002,-1.05,4.05,374.75911112893925,374.77845395470797,369.98609195441696,373.1842041015625,3614300.0,-0.33,0.09,1.28,-1.13,0.01,13.109999656677246,1.47,1
2024-06-04,512.631323194632,515.2506664560023,511.17072418863216,514.5106201171875,34632700.0,0.11,-0.25,0.79,-0.27,2.29,447.45871917443645,450.1363293463118,445.73951982353225,448.9407958984375,23767400.0,0.27,-0.06,0.98,-1.16,3.2099999999999995,371.9861197039391,375.2518726933879,371.54167701180535,374.4112854003906,2822500.0,0.33,-0.32,0.9900000000000001,-0.27999999999999997,-0.09,13.15999984741211,0.38,1
2024-06-05,516.8281493311971,520.6451650598835,514.84169649016,520.6256713867188,47610400.0,1.1900000000000002,0.44999999999999996,1.13,1.63,3.39,452.5076010658575,458.0703027841876,448.9802518119225,457.99127197265625,33817400.0,2.02,0.79,2.02,1.55,5.27,375.46452203535796,375.8220105522089,372.9234167580389,375.3968811035156,2181400.0,0.26,0.27999999999999997,0.77,1.03,0.09,12.630000114440918,-4.03,1
2024-06-06,520.927446289771,521.3558910101924,518.6878732006264,520.6158447265625,30808500.0,-0.0,0.06,0.51,2.31,3.38,458.6730403056571,458.98922386503307,456.6672979648091,457.83319091796875,21966800.0,-0.03,0.15,0.51,2.62,5.3,375.6672961020715,377.3871266946032,374.6817851398381,376.1697082519531,2241900.0,0.21,0.06999999999999999,0.72,2.06,-0.15,12.579999923706055,-0.4,0
2024-06-07,519.6421291117942,522.787325920015,518.5515533208824,519.9829711914062,43224500.0,-0.12,-0.19,0.8099999999999999,1.26,2.6599999999999997,457.467661590533,460.17491196915165,456.3215186904431,457.4281311035156,25829700.0,-0.09,-0.08,0.84,2.7199999999999998,4.97,375.7350161207121,378.38238873426087,374.7784897063897,375.3581848144531,1952000.0,-0.22,-0.12,0.96,0.25,-1.25,12.220000267028809,-2.86,-1
2024-06-10,519.1748224338155,521.9110090941606,518.5808597177815,521.5896606445312,35686100.0,0.31,-0.16,0.64,1.49,2.85,456.3017436759834,459.6314708938704,456.01520042833266,459.2757568359375,20660800.0,0.4,-0.25,0.79,2.58,5.1499999999999995,374.913776258373,376.19880651312053,374.10217354705554,376.1311950683594,1380600.0,0.21,-0.12,0.5599999999999999,0.79,-1.34,12.739999771118164,4.26,1
2024-06-11,520.0414700499772,522.9042467845098,518.0745108271142,522.8458251953125,36383400.0,0.24,-0.3,0.9299999999999999,1.6199999999999999,3.08,458.00116317865417,462.54620375164046,456.50919653862604,462.4276123046875,22053300.0,0.69,-0.27999999999999997,1.31,3.0,5.63,374.5562549568503,375.0780100420278,371.88953950596283,374.85577392578125,2522600.0,-0.33999999999999997,-0.42,0.8500000000000001,0.12,-1.5,12.850000381469727,0.86,1
2024-06-12,527.4028194115604,529.8274041983666,526.1077383475028,527.139892578125,63251300.0,0.8200000000000001,0.8699999999999999,0.7100000000000001,1.25,3.45,466.3502419815798,470.80636221517653,465.658624284143,468.48443603515625,34532600.0,1.31,0.8500000000000001,1.11,2.29,6.329999999999999,378.3437914343655,378.66265327943216,373.6190986523921,374.5852966308594,3866700.0,-0.06999999999999999,0.9299999999999999,1.35,-0.22,-1.8499999999999999,12.039999961853027,-6.3,1
2024-06-13,528.8829186945259,529.0581834417079,525.4164327979901,528.2012939453125,44760900.0,0.2,0.33,0.69,1.46,2.39,472.01173265680745,472.6737401049363,468.7511763645749,471.023681640625,25859000.0,0.54,0.75,0.84,2.88,5.26,373.7446427951466,374.56591682833243,371.59001107048533,373.8026123046875,3136100.0,-0.21,-0.22,0.79,-0.63,-2.96,11.9399995803833,-0.83,1
2024-06-14,526.6725282080745,528.5518251182958,525.6695550365463,528.5226440429688,40089900.0,0.06,-0.29,0.5499999999999999,1.6400000000000001,2.67,470.8260628632491,473.5333431716281,470.361677676087,473.46417236328125,23372600.0,0.52,-0.04,0.67,3.51,6.02,371.6190499006164,373.47416293392,370.66252336798715,373.3968505859375,2884300.0,-0.11,-0.58,0.75,-0.52,-3.05,12.65999984741211,6.03,1
2024-06-17,527.8409073816421,534.1214936210307,527.3832222218671,532.72900390625,55839500.0,0.8,-0.13,1.27,2.1399999999999997,3.3300000000000005,473.7309763615581,481.0425485388574,472.4267718136733,479.2640686035156,37054500.0,1.22,0.06,1.82,4.35,7.37,372.227673427661,376.0538081612552,371.96681065696635,375.4450988769531,2025300.0,0.5499999999999999,-0.31,1.09,-0.18,-2.8400000000000003,12.75,0.7100000000000001,1
2024-06-18,532.7876213507444,534.2092926573293,532.3689233717765,534.0827026367188,41376400.0,0.25,0.01,0.35000000000000003,2.15,3.4799999999999995,479.21470034122336,480.0940501896612,477.6535626306648,479.41229248046875,24438600.0,0.03,-0.01,0.51,3.6700000000000004,6.660000000000001,375.76403095661726,377.0007630961845,374.9041006674549,375.98626708984375,1848700.0,0.13999999999999999,0.08,0.5599999999999999,0.3,-2.25,12.300000190734863,-3.53,1
2024-06-20,535.0076850141029,535.669816103357,530.8595742964317,532.6317749023438,70328200.0,-0.27,0.16999999999999998,0.8999999999999999,1.04,2.94,480.60775265362156,481.02271716377965,473.88898815377036,475.7168884277344,33918700.0,-0.77,0.25,1.49,1.54,5.63,375.5996233074163,379.82190185118355,375.25180634533444,378.81707763671875,3588000.0,0.75,-0.1,1.22,1.13,-1.68,13.279999732971191,7.969999999999999,-1
2024-06-21,531.8102827682807,533.0313753907063,530.4621917432297,531.917724609375,64338600.0,-0.13,-0.15,0.48,0.7000000000000001,3.1,475.4403240994677,476.77419915118367,472.9504461150781,474.4423828125,37456800.0,-0.27,-0.06,0.8,0.73,5.37,379.2762392633774,380.0509127159566,378.10450651008665,378.9566650390625,2592100.0,0.04,0.12,0.51,1.38,-1.1199999999999999,13.199999809265137,-0.6,-1
2024-06-24,531.7419157804823,534.3013212499749,530.0714395414016,530.1886596679688,45528700.0,-0.33,-0.03,0.8,0.32,3.52,473.2172197227776,474.9490574140219,468.9024843141438,469.041015625,37751000.0,-1.1400000000000001,-0.26,1.27,-0.9299999999999999,4.64,380.05086431719405,383.0721317701573,379.49889403777735,381.5130920410156,3096600.0,0.67,0.29,0.9400000000000001,2.17,1.08,13.329999923706055,0.98,-1
2024-06-25,531.4096852385123,532.5917242597523,529.8955424418219,532.2302856445312,37936200.0,0.38999999999999996,0.22999999999999998,0.51,-0.09,3.2399999999999998,471.129109923321,474.7016290052878,470.1889574276186,474.4047546386719,29014700.0,1.1400000000000001,0.44999999999999996,0.96,-1.01,4.8500000000000005,381.1063621736444,381.6389464004929,377.48471850653004,378.646728515625,2879100.0,-0.75,-0.11,1.09,0.8500000000000001,0.32,12.84000015258789,-3.6799999999999997,1
2024-06-26,531.1166742934914,533.6076912884868,530.4719636310322,532.8945922851562,38550600.0,0.12,-0.21,0.59,-0.22,3.3000000000000003,473.58334212660935,475.92877037792846,473.16771802191516,475.38446044921875,22737100.0,0.21,-0.16999999999999998,0.58,-0.84,4.67,377.74613728268054,379.3342559331205,376.70032539357703,378.8597412109375,1501900.0,0.06,-0.24,0.7000000000000001,0.76,0.8999999999999999,12.550000190734863,-2.26,1
2024-06-27,532.7578061070262,534.3110621107577,532.0153722749866,533.7346801757812,35041500.0,0.16,-0.03,0.43,0.21,4.19,475.13704596869303,478.08612876340686,474.32554913110164,476.611572265625,26222100.0,0.26,-0.05,0.79,0.19,5.680000000000001,378.2496663298102,379.97336903288954,377.8139236957939,379.16961669921875,1601100.0,0.08,-0.16,0.5700000000000001,0.09,2.04,12.239999771118164,-2.4699999999999998,1
2024-06-28,534.5063503169283,537.5542520433446,530.3937489459842,531.6343383789062,76144500.0,-0.38999999999999996,0.13999999999999999,1.34,-0.05,4.47,477.403281069795,482.1435762094865,473.4942643131208,474.13751220703125,34881600.0,-0.52,0.16999999999999998,1.81,-0.06,6.2700000000000005,378.9856309374008,381.84229407331645,376.8843141461565,378.75323486328125,3624400.0,-0.11,-0.05,1.31,-0.05,2.76,12.4399995803833,1.63,-1
2024-07-01,533.0116654970823,533.2558839513129,529.9736022361298,532.7283935546875,40297800.0,0.21,0.26,0.62,0.48,3.74,475.0579027852008,477.48245728594264,471.3171348061598,476.91839599609375,24898300.0,0.59,0.19,1.3,1.68,7.090000000000001,379.67319122366337,381.8132802967336,377.9108049101683,379.07281494140625,2536500.0,0.08,0.24,1.03,-0.64,1.24,12.220000267028809,-1.77,1
2024-07-02,531.126400132376,536.3135986328125,531.0775683576217,536.3135986328125,40434800.0,0.67,-0.3,0.98,0.77,4.35,475.42405251727433,481.98524767467785,475.2953968944467,481.9258728027344,26723600.0,1.05,-0.31,1.4000000000000001,1.59,7.64,378.4240792335441,380.844970703125,378.3272376643813,380.844970703125,1711600.0,0.47000000000000003,-0.16999999999999998,0.66,0.58,2.0500000000000003,12.029999732971191,-1.55,1
2024-07-03,536.0010100914286,539.068408833479,535.9619565950238,538.7069702148438,32789900.0,0.44999999999999996,-0.06,0.58,1.09,4.7,481.17377316359585,486.0724117323164,481.17377316359585,485.9437561035156,18064900.0,0.83,-0.16,1.02,2.22,8.24,381.27101959880764,381.59056424450654,379.73133629301316,380.39947509765625,2319100.0,-0.12,0.11,0.49,0.41000000000000003,1.6,12.09000015258789,0.5,1
2024-07-05,539.0097918869257,542.2139076372644,538.3747999305978,541.8134155273438,41488400.0,0.58,0.06,0.7100000000000001,1.51,4.07,486.7849470721582,491.4460560048313,486.4880424937544,491.0106201171875,28495900.0,1.04,0.16999999999999998,1.02,3.02,7.21,380.7481330730201,381.5324995531272,379.2568556377987,381.24200439453125,2011000.0,0.22,0.09,0.6,0.5499999999999999,1.5599999999999998,12.479999542236328,3.2300000000000004,1
2024-07-08,542.5949332840256,543.3861988920726,541.3738407022457,542.4386596679688,36110500.0,0.12,0.13999999999999999,0.37,2.03,4.19,491.37678420928336,492.73256089290976,490.35747522663445,492.1783752441406,22109400.0,0.24,0.06999999999999999,0.48,3.8,7.5,381.9295331174328,384.17612753933037,380.3511071188746,381.00958251953125,3374500.0,-0.06,0.18,1.0,0.6,1.29,12.369999885559082,-0.88,1
2024-07-09,543.3959524424528,544.2946598471173,542.6730752067231,542.9661254882812,27289700.0,0.1,0.18,0.3,1.92,4.42,493.6925021081496,494.8107793015075,491.08979257688713,492.6039123535156,25614500.0,0.09,0.31,0.76,3.29,7.6899999999999995,380.777242223411,382.5396585999713,379.0826179117729,380.506103515625,3821600.0,-0.13,-0.06,0.91,0.38,1.37,12.510000228881836,1.13,1
2024-07-10,544.1872136667199,548.6808102777995,543.894163387503,548.3389282226562,38701200.0,0.9900000000000001,0.22,0.88,2.2399999999999998,5.13,494.5237508797434,498.29420637540426,493.2174734535237,497.7400207519531,28046900.0,1.04,0.38999999999999996,1.03,3.2800000000000002,8.37,380.5059633106249,384.88292356693563,380.2057751930401,384.68927001953125,4234300.0,1.0999999999999999,-0.0,1.23,1.01,2.2800000000000002,12.850000381469727,2.7199999999999998,1
2024-07-11,548.4561564855596,549.3255886798729,542.9759074999535,543.61083984375,53054200.0,-0.86,0.02,1.16,0.91,3.9699999999999998,497.8489225363497,498.05673460649984,485.6369961812132,486.82452392578125,49966600.0,-2.19,0.02,2.5,0.18,5.28,384.921685838487,386.2677154782776,383.769339307926,385.0475769042969,4020700.0,0.09,0.06,0.65,1.22,2.7199999999999998,12.920000076293945,0.54,-1
2024-07-12,544.7342644743289,550.6345620898736,544.2653840243584,547.0396728515625,53084400.0,0.63,0.21,1.17,0.96,3.7800000000000002,487.3984860685638,494.43468031357077,486.9333627636992,489.68450927734375,37109400.0,0.59,0.12,1.54,-0.27,4.53,386.23861370266303,389.94743520787085,385.5220394340595,387.6524353027344,4711800.0,0.6799999999999999,0.31,1.15,1.68,3.49,12.460000038146973,-3.56,1
2024-07-15,549.0325654558818,551.7775792240066,546.6880438244344,548.5441284179688,40584300.0,0.27999999999999997,0.36,0.9299999999999999,1.13,3.85,491.4559193387255,495.8102781057871,488.9620840273778,491.0007019042969,31151400.0,0.27,0.36,1.4000000000000001,-0.24,4.24,389.7344642756464,390.80932586789663,388.69831566827054,389.6279296875,4433500.0,0.51,0.54,0.54,2.26,4.2299999999999995,13.119999885559082,5.3,1
2024-07-16,549.8530882979716,552.090108393895,549.1008762046278,551.7970581054688,36475300.0,0.59,0.24,0.54,1.63,4.3999999999999995,492.45546558304693,493.2669624935249,488.0318560940838,491.1887512207031,25950600.0,0.04,0.3,1.0699999999999998,-0.29,3.74,391.08050463477014,397.0165356602183,391.0708411635088,396.6969909667969,6547600.0,1.81,0.37,1.53,4.26,6.239999999999999,13.1899995803833,0.53,1
2024-07-17,545.8772743812609,547.5477506768178,543.7379175635831,544.060302734375,57119000.0,-1.4000000000000001,-1.0699999999999998,0.69,-0.7799999999999999,2.13,483.212435316295,483.7270276777726,476.70073845408103,476.7699890136719,56268800.0,-2.94,-1.6199999999999999,1.43,-4.21,-0.52,395.6316633979452,399.29204917636673,395.6316633979452,398.89501953125,4490600.0,0.5499999999999999,-0.27,0.9199999999999999,3.6900000000000004,6.25,14.479999542236328,9.78,-1
2024-07-18,545.5939606590898,546.5806130354061,537.7008012722223,539.8792114257812,56270400.0,-0.77,0.27999999999999997,1.63,-0.69,1.09,480.4909023481686,480.6690269613123,471.32699803901284,474.5135803222656,49347400.0,-0.47000000000000003,0.7799999999999999,1.96,-2.53,-1.02,397.6846284190003,400.76399490433477,393.201133229954,393.8499450683594,4922200.0,-1.26,-0.3,1.9,2.29,4.75,15.930000305175781,10.01,-1
2024-07-19,539.644738170822,541.2663824595259,535.2390267295067,536.2940673828125,65509100.0,-0.66,-0.04,1.1199999999999999,-1.96,0.69,474.17716317121153,476.69081038315727,469.0212433135794,470.3077392578125,42042900.0,-0.89,-0.06999999999999999,1.6199999999999999,-3.9600000000000004,-1.1400000000000001,392.73005339105345,393.39854069627467,389.41670981091534,390.3855285644531,4284500.0,-0.88,-0.27999999999999997,1.01,0.7100000000000001,3.05,16.520000457763672,3.6999999999999997,-1
2024-07-22,540.2113152231016,542.4288382548532,538.2771238069361,541.8231811523438,43346700.0,1.03,0.73,0.77,-1.23,1.8599999999999999,476.16627496100256,478.3335484183621,472.7520687745181,477.3142395019531,40300000.0,1.49,1.25,1.1900000000000002,-2.79,0.61,391.4414788127246,392.1099660177941,389.6782218496138,391.54803466796875,2314000.0,0.3,0.27,0.62,0.49,3.32,14.90999984741211,-9.75,1
2024-07-23,541.7157018138391,543.8648365993427,540.484890622907,540.9733276367188,34439600.0,-0.16,-0.02,0.62,-1.96,2.03,476.41370644097475,479.40235260218805,475.1568979647483,475.63189697265625,23282500.0,-0.35000000000000003,-0.19,0.89,-3.17,1.41,391.6837030361332,392.65252169293314,390.6470599775174,390.90863037109375,1693500.0,-0.16,0.03,0.51,-1.46,2.46,14.720000267028809,-1.27,-1
2024-07-24,536.1670544374522,536.4698829953903,527.7952370228695,528.7135009765625,74515300.0,-2.27,-0.89,1.6,-2.82,-0.66,468.90248253079744,469.2686376662744,457.7098653963061,458.5708312988281,58818600.0,-3.5900000000000003,-1.41,2.4299999999999997,-3.82,-3.34,389.2034739015277,390.0754046545772,385.6672626578353,386.2388916015625,3701300.0,-1.1900000000000002,-0.44,1.13,-3.17,2.01,18.040000915527344,22.55,-1
2024-07-25,528.8306910081631,534.7994361794972,525.0209183627663,525.9586791992188,61158300.0,-0.52,0.02,1.8499999999999999,-2.58,-1.3,458.9073044861217,463.08350861797516,450.9012698036603,453.51385498046875,59256800.0,-1.0999999999999999,0.06999999999999999,2.6599999999999997,-4.43,-4.6,386.20012495602356,391.7805289998342,385.94822268388106,387.0332946777344,4179800.0,0.21,-0.01,1.51,-1.73,2.16,18.459999084472656,2.33,-1
2024-07-26,529.7392217162956,534.5356464631268,528.9674531548811,531.8492431640625,53763800.0,1.1199999999999999,0.72,1.06,-0.83,-0.35000000000000003,457.848383450134,461.0943407799324,454.9982686823399,458.1650695800781,39992100.0,1.03,0.96,1.34,-2.58,-3.8699999999999997,389.2810508741634,394.9098853206131,389.1841630881279,393.31134033203125,2810600.0,1.6199999999999999,0.58,1.48,0.75,3.73,16.389999389648438,-11.21,1
2024-07-29,533.3928583100442,534.3990077101311,530.1691258203317,532.1619873046875,39515800.0,0.06,0.29,0.8,-1.78,0.1,460.8766312425985,463.05381067459047,456.8290828356766,459.0854187011719,28218500.0,0.2,0.59,1.3599999999999999,-3.82,-3.17,394.1734819121031,394.30913069419114,391.363914166793,392.8656005859375,2039000.0,-0.11,0.22,0.75,0.33999999999999997,3.73,16.600000381469727,1.28,1
2024-07-30,533.6272524601584,534.6822931769603,526.0662565076813,529.4657592773438,46853600.0,-0.51,0.27999999999999997,1.6199999999999999,-2.13,-0.61,461.01515173154047,461.7177744944523,449.4365688567625,452.781494140625,41317200.0,-1.37,0.42,2.68,-4.8,-5.06,393.21443185679567,395.97557100052256,392.6428323850627,394.7064208984375,2576400.0,0.47000000000000003,0.09,0.8500000000000001,0.97,4.12,17.690000534057617,6.569999999999999,-1
2024-07-31,536.2842643515584,540.6997538692295,534.9166765387299,538.0719604492188,65663400.0,1.63,1.29,1.09,1.77,0.33,463.01425954698885,467.8832111745304,461.56942044729703,466.1810607910156,44552100.0,2.96,2.26,1.39,1.66,-3.27,394.75483404972874,399.1629765932187,393.81507878801756,395.7527160644531,5634800.0,0.27,0.01,1.35,2.46,3.91,16.360000610351562,-7.5200000000000005,1
2024-08-01,539.7913062018092,542.0381046138815,526.9551667505608,530.452392578125,76428700.0,-1.4200000000000002,0.32,2.8000000000000003,0.8500000000000001,-1.53,466.8638300127631,470.6144736045948,451.2476045693235,454.889404296875,56653900.0,-2.42,0.15,4.15,0.3,-6.39,396.92505787749536,398.1166860302914,388.4575618085266,390.65679931640625,5497900.0,-1.29,0.3,2.44,0.9400000000000001,2.7,18.59000015258789,13.63,-1
2024-08-02,523.3602388903765,524.5715530952934,516.3755660291246,520.576171875,82789100.0,-1.8599999999999999,-1.34,1.55,-2.12,-3.92,446.2104252259462,448.86260343484975,439.85704229778526,444.0926208496094,66323200.0,-2.37,-1.91,1.9800000000000002,-3.0700000000000003,-9.56,387.459720784928,387.89570109968145,381.2883493581601,384.7470397949219,4844900.0,-1.51,-0.8200000000000001,1.69,-2.18,0.9199999999999999,23.389999389648438,25.82,-1
2024-08-05,499.80782241877216,511.4717002411795,498.4694800108966,505.4150695800781,146267400.0,-2.91,-3.9899999999999998,2.5,-5.029999999999999,-6.83,420.3021625718776,437.69972643798087,419.05525994795903,430.8515319824219,87483500.0,-2.98,-5.36,4.2,-6.15,-12.46,374.46775259076827,378.12988569620273,372.9273345730693,374.74871826171875,8680200.0,-2.6,-2.67,1.35,-4.61,-1.6400000000000001,38.56999969482422,64.9,-1
2024-08-06,507.2125052074326,517.4990173620844,505.89374911647377,510.0747985839844,84826300.0,0.9199999999999999,0.36,2.3,-3.66,-6.0600000000000005,432.6922358150409,442.4301081222253,430.04993302092026,434.9683532714844,63164400.0,0.96,0.43,2.87,-3.93,-11.700000000000001,375.4753174514489,382.21828632728017,374.21586515419745,377.80047607421875,4058000.0,0.8099999999999999,0.19,2.1399999999999997,-4.279999999999999,-0.7100000000000001,27.709999084472656,-28.16,1
2024-08-07,516.248598311969,519.2965001883216,506.06958745039486,506.66546630859375,70698300.0,-0.67,1.21,2.59,-5.84,-7.6,441.85608592677744,444.3400455113918,429.8618783945526,430.2577209472656,54929200.0,-1.08,1.58,3.3300000000000005,-7.71,-13.56,380.3872456689587,382.4798973599824,375.20406032723776,375.67877197265625,3969400.0,-0.5599999999999999,0.6799999999999999,1.9300000000000002,-5.07,-2.34,27.850000381469727,0.51,-1
2024-08-08,511.79405372836936,519.0033889369354,509.77197692780607,518.3782348632812,63276600.0,2.31,1.01,1.82,-2.2800000000000002,-4.64,436.48245194310226,444.33014311023425,432.61302829327946,443.4197082519531,47890100.0,3.06,1.4500000000000002,2.7199999999999998,-2.52,-8.92,377.36456142736927,382.8190151517161,377.102961469904,382.21832275390625,2993500.0,1.7399999999999998,0.44999999999999996,1.52,-2.16,-0.73,23.790000915527344,-14.580000000000002,1
2024-08-09,517.5576103421191,522.1489300560904,516.3365178449808,520.6640625,45619600.0,0.44,-0.16,1.1199999999999999,0.02,-4.82,442.10351876153544,447.36831262214395,440.985241585035,445.7354431152344,33574000.0,0.52,-0.3,1.44,0.37,-8.97,381.88897995146874,384.1269489700215,380.18387900200173,382.8287353515625,3380200.0,0.16,-0.09,1.03,-0.5,-1.24,20.3700008392334,-14.38,1
2024-08-12,521.8558248813475,523.3406326575764,518.6712064440533,520.9375610351562,42542100.0,0.05,0.22999999999999998,0.8999999999999999,3.0700000000000003,-5.029999999999999,446.7052488965294,449.6543015423584,443.8946973509151,446.6953430175781,27795000.0,0.22,0.22,1.29,3.6799999999999997,-9.02,383.6037462908342,383.6909364191407,380.36786606613583,381.49169921875,1902000.0,-0.35000000000000003,0.2,0.8699999999999999,1.7999999999999998,-2.09,20.709999084472656,1.67,1
2024-08-13,524.122235093717,529.739260585726,523.8780165940644,529.5047607421875,52333100.0,1.6400000000000001,0.61,1.13,3.81,-4.04,451.08929276754145,458.0463309110078,450.9507312570199,457.77911376953125,40084500.0,2.48,0.98,1.59,5.24,-6.800000000000001,382.75119511868604,385.715777853135,381.7823764586439,385.3863830566406,3510800.0,1.02,0.33,1.03,2.01,-2.85,18.1200008392334,-12.509999999999998,1
2024-08-14,530.2959605592147,532.3572097547438,527.6291139531684,531.1751708984375,42446900.0,0.32,0.15,0.89,4.84,-2.37,458.6994548040249,460.28282498699116,453.6424734145616,457.92755126953125,34733700.0,0.03,0.2,1.4500000000000002,6.43,-3.95,385.3378944360831,388.37999898386664,385.11508508382934,387.6146240234375,5230400.0,0.58,-0.01,0.8500000000000001,3.18,-2.83,16.190000534057617,-10.65,1
2024-08-15,536.7922766972661,540.5629961238054,536.1866195717042,540.2797241210938,60846800.0,1.71,1.06,0.8200000000000001,4.2299999999999995,0.06999999999999999,463.89498501162524,469.8920888985799,463.5189240086724,469.4962463378906,38280600.0,2.53,1.3,1.39,5.88,-1.06,392.11962320162166,393.47599286847213,390.6082685798137,393.2240905761719,3764100.0,1.4500000000000002,1.16,0.74,2.88,-0.16,15.229999542236328,-5.93,1
2024-08-16,538.6678476452682,542.1846298407453,538.5115740387317,541.4910278320312,44430700.0,0.22,-0.3,0.6799999999999999,4.0,0.97,467.7149534002889,471.46562770160637,466.75501924509746,470.0999450683594,38383600.0,0.13,-0.38,1.0,5.47,-0.04,392.71708385041273,394.98594428249595,392.300162955124,394.3750915527344,2789200.0,0.29,-0.13,0.6799999999999999,3.02,1.02,14.800000190734863,-2.82,1
2024-08-19,541.901367537868,546.6685180664062,541.0514918139045,546.6685180664062,39121800.0,0.96,0.08,1.04,4.9399999999999995,0.89,470.23847926625564,476.31473980211405,468.4571423782289,476.275146484375,23737700.0,1.31,0.03,1.67,6.619999999999999,-0.22,394.9761739243896,396.8766109025071,394.8792376129221,396.6729736328125,2012400.0,0.58,0.15,0.51,3.9800000000000004,1.31,14.649999618530273,-1.01,1
2024-08-20,546.2190851764095,547.8700045132335,544.4411674580102,545.7794799804688,33732300.0,-0.16,-0.08,0.63,3.0700000000000003,0.89,475.36469707718084,477.92781315701507,473.5833602435094,475.275634765625,29209300.0,-0.21,-0.19,0.91,3.82,-0.06999999999999999,396.19785257398706,396.90567105716156,395.38339231942507,396.1396789550781,1999600.0,-0.13,-0.12,0.38,2.79,1.34,15.880000114440918,8.4,-1
2024-08-21,546.8247712917706,549.1106230342316,541.9012882335657,547.6550903320312,41514600.0,0.33999999999999997,0.19,1.32,3.1,3.58,476.0573769337116,479.34292733029224,474.3453511879504,477.4923400878906,25658800.0,0.47000000000000003,0.16,1.05,4.2700000000000005,4.130000000000001,396.8766251518151,397.52624049319667,395.19920672749265,396.556640625,1439000.0,0.11,0.19,0.59,2.31,2.67,16.270000457763672,2.46,1
2024-08-22,549.5502804647684,550.1559376249218,542.1455582382872,543.3568725585938,56121500.0,-0.7799999999999999,0.35000000000000003,1.46,0.5700000000000001,3.3099999999999996,479.8080927390778,480.50083988140653,468.89256861321644,469.9217834472656,37739600.0,-1.59,0.48,2.4299999999999997,0.09,3.62,397.2450726774908,398.02074072603943,393.6769227205848,395.0925598144531,2353500.0,-0.37,0.16999999999999998,1.0999999999999999,0.48,2.08,17.549999237060547,7.870000000000001,-1
2024-08-23,546.5903394303513,550.0680084955276,544.4020915801096,549.1301879882812,50639400.0,1.06,0.6,1.04,1.41,3.25,474.26612761905415,477.7298023550771,470.34723551681964,475.01824951171875,36061500.0,1.08,0.9199999999999999,1.5699999999999998,1.05,3.6799999999999997,396.8474493732132,399.78533513163364,396.13963097576766,399.3102111816406,3818300.0,1.0699999999999998,0.44,0.9199999999999999,1.25,1.53,15.859999656677246,-9.629999999999999,1
2024-08-26,550.1559102385648,550.8690092024209,546.1214157161334,547.8211669921875,35788600.0,-0.24,0.19,0.86,0.21,2.94,474.47406807156517,475.39440887231615,468.3284964516656,470.4067077636719,27452600.0,-0.97,-0.11,1.49,-1.23,2.4699999999999998,400.09566281145953,401.9184855213895,399.13573891923295,400.1732177734375,3145000.0,0.22,0.2,0.7000000000000001,0.88,1.8599999999999999,16.149999618530273,1.83,-1
2024-08-27,546.5512279111676,549.0618012606642,545.4083020191189,548.5733642578125,32693900.0,0.13999999999999999,-0.22999999999999998,0.67,0.51,3.61,468.77380546465093,472.8807286031664,466.8143440444415,471.81195068359375,27510000.0,0.3,-0.35000000000000003,1.29,-0.73,4.2,399.75636888171533,400.5126556538453,398.85461844622637,400.338134765625,1710200.0,0.04,-0.1,0.41000000000000003,1.06,1.43,15.430000305175781,-4.46,1
2024-08-28,548.2314695905903,548.661296528156,542.2041141850556,545.3887329101562,41066000.0,-0.58,-0.06,1.18,-0.41000000000000003,1.3599999999999999,471.3468319839668,472.06923634933787,463.0340174366107,466.4580993652344,37372400.0,-1.13,-0.1,1.92,-2.31,0.06,400.1150227709787,401.34640375923726,396.28509205286616,398.83514404296875,2732600.0,-0.38,-0.06,1.26,0.5700000000000001,0.7799999999999999,17.110000610351562,10.89,-1
2024-08-29,547.3522554939839,550.6443160255352,544.294635177053,545.4375610351562,38715200.0,0.01,0.36,1.16,0.38,2.82,468.36807210677364,472.9698061378377,464.4986483367516,465.7752685546875,41081500.0,-0.15,0.41000000000000003,1.82,-0.88,2.39,401.7730339562467,403.6443543269281,398.79635569417695,401.3270263671875,5024800.0,0.62,0.74,1.22,1.58,2.73,15.649999618530273,-8.53,1
2024-08-30,547.8017316610252,551.1524028130747,544.2556737558524,550.6444091796875,62700100.0,0.95,0.43,1.26,0.27999999999999997,5.779999999999999,470.1098112366977,471.9504927515124,465.626826998042,471.3270263671875,33466500.0,1.1900000000000002,0.9299999999999999,1.3599999999999999,-0.7799999999999999,6.13,401.90879658911354,403.8867587485836,399.59143901377536,403.5570983886719,2283800.0,0.5599999999999999,0.13999999999999999,1.0699999999999998,1.06,4.89,15.0,-4.15,1
2024-09-03,547.508549729637,547.8407131286382,536.8020487007664,539.3126220703125,60600100.0,-2.06,-0.5700000000000001,2.0,-1.55,6.710000000000001,468.2888616427739,468.41748705690793,454.6419739907079,457.0170593261719,44985200.0,-3.04,-0.64,2.92,-2.85,6.069999999999999,401.59845348237803,402.55834760040153,396.1977767057622,397.7782287597656,3754700.0,-1.43,-0.49,1.58,-0.6,6.15,20.719999313354492,38.129999999999995,-1
2024-09-04,537.4762066412244,541.6083655035815,536.7533292597282,538.2088623046875,47224900.0,-0.2,-0.33999999999999997,0.8999999999999999,-1.8900000000000001,5.52,453.9097213390106,459.6297325855357,452.9794746829276,455.8295593261719,32505100.0,-0.26,-0.6799999999999999,1.46,-3.39,4.8,397.5068445089759,400.0083990572677,396.78935010168266,397.94317626953125,2131200.0,0.04,-0.06999999999999999,0.8099999999999999,-0.6,5.33,21.31999969482422,2.9000000000000004,-1
2024-09-05,538.1502077884983,540.9928852935313,534.4478166491117,536.8997802734375,44264300.0,-0.24,-0.01,1.22,-1.5599999999999998,5.970000000000001,454.20660310052904,460.53026908790207,453.18729411410754,456.255126953125,34452400.0,0.09,-0.36,1.6099999999999999,-2.19,6.04,398.83517675778285,399.14545579423645,393.63813605145305,396.042724609375,2234700.0,-0.48,0.22,1.38,-0.7000000000000001,5.42,19.899999618530273,-6.660000000000001,-1
2024-09-06,537.2221175565589,538.8437022454943,526.9649400293706,527.8636474609375,68493800.0,-1.68,0.06,2.21,-3.2199999999999998,1.83,455.5524424798757,456.4332200932518,443.53845342028677,444.03326416015625,50624400.0,-2.68,-0.15,2.83,-4.67,0.13999999999999999,396.5275663426478,398.5055584214278,391.5050459682412,392.174072265625,3351000.0,-0.98,0.12,1.77,-2.2800000000000002,2.6,22.3799991607666,12.46,-1
2024-09-09,532.0544335310877,535.043665505135,530.1299607989381,533.773681640625,40445800.0,1.1199999999999999,0.79,0.9299999999999999,-3.06,2.52,448.35791362802206,450.73299918390046,445.15154963762876,449.7433776855469,32981200.0,1.29,0.97,1.26,-4.58,0.8999999999999999,394.9761202308997,398.3988355837044,393.76412060392965,396.61474609375,3038200.0,1.13,0.7100000000000001,1.18,-1.72,3.5999999999999996,19.450000762939453,-13.089999999999998,1
2024-09-10,535.6786451567546,536.4504138231891,530.8138314182086,536.0986938476562,36394600.0,0.44,0.36,1.06,-0.6,2.91,451.50488306344096,454.40449687986967,447.53652156460316,453.8997802734375,29680300.0,0.9199999999999999,0.38999999999999996,1.53,-0.6799999999999999,1.6099999999999999,397.63293727382603,397.66202408813695,392.65888489776506,395.848876953125,1970500.0,-0.19,0.26,1.26,-0.49,3.7600000000000002,19.079999923706055,-1.9,1
2024-09-11,536.0107592184578,542.5167136236998,527.4728902611638,541.5984497070312,75248600.0,1.03,-0.02,2.81,0.63,2.2800000000000002,455.13684408962206,464.4986553607296,446.5964054047374,463.7564392089844,57843000.0,2.17,0.27,3.94,1.7399999999999998,1.31,394.77254766675384,397.4680338931211,388.62528856316334,396.8280944824219,3134600.0,0.25,-0.27,2.23,-0.27999999999999997,2.97,17.690000534057617,-7.290000000000001,1
2024-09-12,542.1748597619055,546.4633510224045,539.9573366553728,546.1605224609375,51819600.0,0.84,0.11,1.2,1.72,2.82,463.78610782015113,469.1201821772386,462.00480120861374,468.3086853027344,40067800.0,0.98,0.01,1.53,2.64,2.27,397.24512464919394,399.47519277291127,395.09261150454233,399.44610595703125,3131600.0,0.66,0.11,1.0999999999999999,0.86,3.05,17.06999969482422,-3.5000000000000004,1
2024-09-13,546.7662020730168,550.0094311099382,546.5122052774053,549.0130004882812,39310500.0,0.52,0.11,0.64,4.01,1.6199999999999999,467.57640460415297,471.5843598337803,467.3487807735019,470.4067077636719,29111800.0,0.44999999999999996,-0.16,0.8999999999999999,5.94,0.19,400.0471791738609,403.65409162465835,399.81448468988617,402.32574462890625,5210300.0,0.72,0.15,0.96,2.59,2.31,16.559999465942383,-2.9899999999999998,1
2024-09-16,548.7492552395013,550.0875680057417,546.9518402590558,549.8238525390625,36656100.0,0.15,-0.05,0.5700000000000001,3.01,1.54,468.2789916995769,468.94202118034616,465.0132528878114,468.3284606933594,22585600.0,-0.44,-0.44999999999999996,0.84,4.130000000000001,-0.38,403.78983814867024,405.82597400437123,403.01414057474125,404.6915588378906,3881100.0,0.59,0.36,0.7000000000000001,2.04,2.62,17.139999389648438,3.5000000000000004,1
2024-09-17,552.0315464267048,553.4773606816602,547.8212213158272,550.0485229492188,49321000.0,0.04,0.4,1.03,2.6,0.62,471.3468249743636,472.6432267020708,466.08203143235426,468.57586669921875,30084400.0,0.05,0.64,1.4000000000000001,3.2300000000000004,-1.6199999999999999,405.57394304280797,406.7374451476363,403.1693246824185,404.57525634765625,2561700.0,-0.03,0.22,0.88,2.1999999999999997,1.9900000000000002,17.610000610351562,2.74,1
2024-09-18,550.7030274298603,555.5385664291312,547.8603498689396,548.4171752929688,59044900.0,-0.3,0.12,1.4000000000000001,1.26,0.48,469.7733253245315,473.8604366394035,465.9434648552166,466.5471496582031,39909200.0,-0.43,0.26,1.69,0.6,-1.8399999999999999,404.8079848646188,408.20158473773535,402.91725309937397,403.5378112792969,3173600.0,-0.26,0.06,1.31,1.69,1.87,18.229999542236328,3.52,-1
2024-09-19,557.8049085738365,559.6316584337985,554.9426745171918,557.7755737304688,75315500.0,1.71,1.71,0.86,2.13,1.8499999999999999,477.60122868202563,481.18368396372693,475.50323588556273,478.34344482421875,52782500.0,2.53,2.37,1.22,2.1399999999999997,0.18,409.15167793492003,409.9273458322111,406.6307128839738,408.5989990234375,4073000.0,1.25,1.39,0.8200000000000001,2.29,3.04,16.329999923706055,-10.42,1
2024-09-20,556.4096197933483,557.8500005367814,553.7933228326182,556.8113403320312,77503100.0,-0.16999999999999998,-0.24,0.73,1.4200000000000002,2.48,477.4825134329736,478.6700714266331,473.33599653623736,477.43304443359375,34577700.0,-0.19,-0.18,1.1199999999999999,1.49,1.6,407.83856580514254,409.7057103216469,406.98277886935847,408.9958190917969,2902200.0,0.1,-0.19,0.67,1.66,3.52,16.149999618530273,-1.0999999999999999,-1
2024-09-23,557.8793836152081,558.8494456443765,556.6642942041962,558.2026977539062,44116900.0,0.25,0.19,0.38999999999999996,1.52,1.6500000000000001,478.60932938150205,479.78863625808964,477.2714569319046,478.6985168457031,24843000.0,0.27,0.25,0.53,2.21,0.77,409.5307303896157,410.09478535066324,408.4415576509834,409.52099609375,2318700.0,0.13,0.13,0.4,1.1900000000000002,2.56,15.890000343322754,-1.6099999999999999,1
2024-09-24,558.9963649353333,559.8586555458002,556.174333811357,559.7998657226562,46805700.0,0.29,0.13999999999999999,0.66,1.77,2.19,480.10574366251944,481.9589315670274,475.85432326157445,481.007568359375,25952600.0,0.48,0.29,1.28,2.65,2.25,410.0655765305404,411.01858775521816,408.8110692597895,410.5129089355469,2790700.0,0.24,0.13,0.54,1.47,2.58,15.390000343322754,-3.15,1
2024-09-25,559.6430786474534,560.3779812951763,557.4579274397835,558.565185546875,38428600.0,-0.22,-0.03,0.52,1.8499999999999999,1.82,480.3832421383325,483.40584748164935,480.20486720146965,481.45355224609375,26549900.0,0.09,-0.13,0.67,3.2,2.04,410.81436389480797,411.3006037886634,406.86609833092,407.5857238769531,2048000.0,-0.7100000000000001,0.06999999999999999,1.08,1.0,1.81,15.40999984741211,0.13,-1
2024-09-26,562.8179934718497,563.1413674659622,558.428192996937,560.7798461914062,48336000.0,0.4,0.76,0.84,0.54,2.82,488.93568125355074,489.2627322137733,481.4337116875212,485.07073974609375,32020200.0,0.75,1.55,1.63,1.41,3.9899999999999998,409.64739017555604,410.50317716621026,408.636032529991,410.0169372558594,2703700.0,0.6,0.51,0.45999999999999996,0.35000000000000003,2.8000000000000003,15.369999885559082,-0.26,1
2024-09-27,561.847824630314,562.6610738881527,558.9375788488986,559.9664306640625,42100900.0,-0.15,0.19,0.66,0.5700000000000001,2.6599999999999997,486.091478815064,486.2302350383357,481.19587618082716,482.37518310546875,22851100.0,-0.5599999999999999,0.21,1.04,1.04,3.56,410.9602251000712,414.470892524888,410.61985124282506,411.3103332519531,3667700.0,0.32,0.22999999999999998,0.9400000000000001,0.5700000000000001,2.4899999999999998,16.959999084472656,10.34,-1
2024-09-30,558.9376557740085,562.8179640810873,556.6447925339722,562.21044921875,63557400.0,0.4,-0.18,1.0999999999999999,0.72,2.1,481.41383199610914,484.02019852413594,478.5795520524963,483.6832580566406,30281100.0,0.27,-0.2,1.13,1.04,2.62,410.7949289213692,411.6506862134676,407.54682028287436,411.47564697265625,3819800.0,0.04,-0.13,1.0,0.48,1.96,16.729999542236328,-1.3599999999999999,1
2024-10-01,561.8576982708267,562.5043864049716,554.6066335561335,557.1738891601562,72668800.0,-0.8999999999999999,-0.06,1.4000000000000001,-0.47000000000000003,3.3099999999999996,483.31659702888425,483.61388855158015,473.10915459585954,476.9443664550781,42735400.0,-1.39,-0.08,2.17,-0.84,4.36,410.7949019322218,411.504793143671,407.75103561904984,409.90020751953125,5101300.0,-0.38,-0.16999999999999998,0.91,-0.15,3.05,19.260000228881836,15.120000000000001,-1
2024-10-02,556.282242548741,558.4281611024765,553.8913563966638,557.4090576171875,38097800.0,0.04,-0.16,0.8099999999999999,-0.21,3.5700000000000003,476.0425807215539,479.530962836938,473.42632437830656,477.6183166503906,23744000.0,0.13999999999999999,-0.19,1.28,-0.8,4.78,410.2211962164623,410.8727708284042,408.033116371814,410.29901123046875,2599600.0,0.1,0.08,0.69,0.67,3.1,18.899999618530273,-1.87,1
2024-10-03,555.9392527365582,558.3301388916863,554.106899883147,556.3900146484375,40846500.0,-0.18,-0.26,0.76,-0.7799999999999999,3.63,475.4281875265743,480.1949538329901,474.6849283697324,477.2615661621094,25337200.0,-0.06999999999999999,-0.45999999999999996,1.15,-1.6099999999999999,4.6,408.77216711562454,409.5307001939387,406.76886104526346,408.4220886230469,2534400.0,-0.45999999999999996,-0.37,0.67,-0.38999999999999996,3.1300000000000003,20.489999771118164,8.41,-1
2024-10-04,560.828843806913,561.8185225581165,556.6643942780399,561.4461669921875,42939100.0,0.91,0.8,0.9299999999999999,0.26,6.36,483.06886937334593,483.49499732601123,478.054350472024,482.9400329589844,30686600.0,1.1900000000000002,1.22,1.1400000000000001,0.12,8.76,410.7463030916927,411.95216859001727,408.1108910490485,411.7576904296875,2520900.0,0.8200000000000001,0.5700000000000001,0.9400000000000001,0.11,4.99,19.209999084472656,-6.25,1
2024-10-07,559.7999074826037,560.446655391967,555.2239297880301,556.370361328125,49964700.0,-0.8999999999999999,-0.29,0.9299999999999999,-1.04,4.2299999999999995,481.0274369696279,482.19682413323716,476.548042370329,477.7669982910156,24975100.0,-1.0699999999999998,-0.4,1.17,-1.22,6.23,410.4934247864425,411.29086532694095,406.7494013838703,408.0622253417969,2632600.0,-0.8999999999999999,-0.31,1.0999999999999999,-0.83,2.8899999999999997,22.639999389648438,17.86,-1
2024-10-08,558.9377412468939,562.2301517411685,558.0657019121494,561.6323852539062,37398700.0,0.95,0.45999999999999996,0.75,0.8,4.760000000000001,480.30397136476074,485.5860530274448,479.50125391077506,484.9022521972656,28272000.0,1.49,0.53,1.27,1.67,6.83,408.9374846516619,409.6862834035296,407.187003228753,409.219482421875,1872900.0,0.27999999999999997,0.21,0.61,-0.16999999999999998,3.38,21.420000076293945,-5.390000000000001,1
2024-10-09,561.6224751598685,566.0809331902332,561.0247685875196,565.5223999023438,37912200.0,0.69,-0.0,0.8999999999999999,1.46,4.42,484.6049266009383,489.2924248153579,483.564375972424,488.7176208496094,24995000.0,0.79,-0.06,1.18,2.32,5.38,409.3071095318126,413.94582831281133,408.4707613237339,413.35260009765625,3935100.0,1.01,0.02,1.34,0.74,4.16,20.860000610351562,-2.6100000000000003,1
2024-10-10,564.1800368650188,565.953600014702,562.9257739624676,564.5327758789062,44138100.0,-0.16999999999999998,-0.24,0.54,1.46,3.36,486.43827686315586,490.0257356900105,485.1301336824378,488.1626281738281,25750400.0,-0.11,-0.47000000000000003,1.0,2.2800000000000002,4.24,413.3039672491903,413.3720479664517,411.39791490999426,412.97332763671875,2179000.0,-0.09,-0.01,0.48,1.11,3.39,20.93000030517578,0.33999999999999997,-1
2024-10-11,564.4543586951436,568.6482329129351,564.3171624790748,567.913330078125,42268000.0,0.6,-0.01,0.77,1.15,3.44,486.32930368033,489.9465223032904,485.7644497271091,488.9257507324219,20644500.0,0.16,-0.38,0.86,1.24,3.94,413.57623751240766,417.2619445257819,413.3136786317535,416.9313049316406,3753500.0,0.96,0.15,0.96,1.26,3.63,20.459999084472656,-2.25,1
2024-10-14,569.520288010914,573.4888112745962,569.0401610478535,572.5579223632812,36217200.0,0.8200000000000001,0.27999999999999997,0.7799999999999999,2.91,4.130000000000001,491.3140720656338,494.34656675942244,490.8086764455291,493.0285339355469,26060100.0,0.84,0.49,0.72,3.19,5.27,416.5325496577362,419.5472429341922,415.43364274954854,419.0318298339844,2180600.0,0.5,-0.1,0.9900000000000001,2.69,3.54,19.700000762939453,-3.71,1
2024-10-15,572.8224268603595,573.1261842726946,566.8941634738084,568.1092529296875,54203600.0,-0.7799999999999999,0.05,1.09,1.15,3.2800000000000002,493.35556948418406,494.0195609373264,484.2878142839425,486.4383239746094,34784500.0,-1.34,0.06999999999999999,1.97,0.32,3.81,417.5147347884775,418.29273642638003,415.2780431446795,415.7740173339844,3291200.0,-0.7799999999999999,-0.36,0.72,1.6,2.77,20.639999389648438,4.77,-1
2024-10-16,568.1093193754714,571.097912292803,567.3058184280349,570.5785522460938,30725400.0,0.43,0.0,0.67,0.89,4.04,486.76530407206735,487.27072990851434,483.18776499565604,486.49774169921875,22996800.0,0.01,0.06999999999999999,0.84,-0.44999999999999996,4.279999999999999,415.4239594511306,419.2166251519852,415.171134856228,418.8665466308594,2583700.0,0.74,-0.08,0.97,1.3299999999999998,3.8,19.579999923706055,-5.140000000000001,1
2024-10-17,574.1159000748407,574.3216944108202,570.441385688738,570.6275634765625,34393700.0,0.01,0.62,0.6799999999999999,1.08,2.3,491.978041414871,492.02757992175697,486.7752279737182,486.8346862792969,27210700.0,0.06999999999999999,1.13,1.08,-0.27,1.78,420.63646982614375,420.97684373119745,419.3333503042146,420.5489501953125,3462800.0,0.4,0.42,0.38999999999999996,1.83,2.92,19.110000610351562,-2.4,1
2024-10-18,572.3128360166068,573.6062719503354,570.8528388827377,572.8223876953125,37416800.0,0.38,0.3,0.48,0.86,2.88,489.6194382436373,491.1158762002441,488.866259365882,490.0257568359375,25335000.0,0.66,0.5700000000000001,0.45999999999999996,0.22,2.64,420.509018179711,421.42346664774436,418.6314626812422,420.8786926269531,2303700.0,0.08,-0.01,0.66,0.95,2.91,18.030000686645508,-5.65,1
2024-10-21,572.0973176864316,573.0771881011084,568.912738838732,571.8817749023438,36439000.0,-0.16,-0.13,0.73,-0.12,2.45,488.8167753413639,491.7700026314171,486.8942092236496,490.96728515625,30336500.0,0.19,-0.25,1.0,-0.42,2.56,420.674382318624,421.2678149049425,417.1041679024204,417.69757080078125,2702600.0,-0.76,-0.05,0.9900000000000001,-0.32,2.0,18.3700008392334,1.8900000000000001,-1
2024-10-22,569.3536780068462,572.7342428128154,568.697181591541,571.5780029296875,34183800.0,-0.05,-0.44,0.7100000000000001,0.61,2.1,488.301460782079,492.9790396580823,487.5482818189782,491.5024108886719,26685800.0,0.11,-0.54,1.11,1.04,2.18,416.0145455081476,418.7189695308461,415.54758370505164,417.6391296386719,2306100.0,-0.01,-0.4,0.76,0.44999999999999996,1.7399999999999998,18.200000762939453,-0.9299999999999999,-1
2024-10-23,569.5595423864669,570.0004960774122,562.8572017811279,566.3553466796875,49314600.0,-0.91,-0.35000000000000003,1.25,-0.74,1.39,489.1536769704334,489.80774860991164,480.69042485410046,483.9706726074219,39346600.0,-1.53,-0.48,1.8499999999999999,-0.52,0.52,415.42114887353347,416.13131444386255,411.4228938528554,413.60198974609375,4006500.0,-0.97,-0.53,1.13,-1.26,1.48,19.239999771118164,5.71,-1
2024-10-24,568.3052948235324,568.3837012123148,564.9639626077603,567.5802001953125,34979900.0,0.22,0.33999999999999997,0.6,-0.53,1.21,487.6869462518437,488.568961530818,485.04096090149875,487.89508056640625,22024900.0,0.8099999999999999,0.77,0.73,0.22,0.58,412.78481931756494,413.1253104650619,410.46951514013074,412.2594909667969,1936600.0,-0.32,-0.2,0.64,-1.97,0.5499999999999999,19.079999923706055,-0.83,1
2024-10-25,569.8044050522926,572.6950344865168,566.443456997856,567.3840942382812,47268200.0,-0.03,0.38999999999999996,1.0999999999999999,-0.95,1.32,490.68978912710674,495.7835760452956,489.98614869868027,490.8681640625,38762100.0,0.61,0.5700000000000001,1.1900000000000002,0.16999999999999998,1.76,413.8841448836736,414.41918124719024,409.03951559833064,409.6913146972656,2518800.0,-0.62,0.38999999999999996,1.3,-2.6599999999999997,-0.38999999999999996,20.329999923706055,6.550000000000001,-1
2024-10-28,570.8528957024953,570.9802836348513,568.8343651367928,569.1381225585938,30174700.0,0.31,0.61,0.38,-0.48,1.23,493.97994371032735,494.03940202418397,490.65015716118575,490.94744873046875,20477800.0,0.02,0.63,0.69,-0.0,1.5,412.03580418342216,413.271298302107,411.76341715586227,412.54168701171875,2912000.0,0.7000000000000001,0.5700000000000001,0.37,-1.23,0.26,19.799999237060547,-2.6100000000000003,1
2024-10-29,568.1778707648036,571.1762720247682,566.7864714367279,570.0592651367188,42899700.0,0.16,-0.16999999999999998,0.77,-0.27,2.31,491.2645761995589,496.8439798063239,489.41138819730327,495.6646728515625,28014100.0,0.96,0.06,1.51,0.8500000000000001,3.93,410.7517243937782,413.4172282289096,410.2945001159017,411.0143737792969,2697700.0,-0.37,-0.43,0.76,-1.59,0.27,19.34000015258789,-2.32,1
2024-10-30,569.5889199783458,571.578085865319,567.629178914475,568.334716796875,41435800.0,-0.3,-0.08,0.69,0.35000000000000003,1.96,494.9015965333086,495.8529597761459,491.43305383710356,491.91864013671875,29756000.0,-0.76,-0.15,0.89,1.6400000000000001,2.9899999999999998,410.54737836800444,413.10588658525086,409.99289637713053,410.28472900390625,2933600.0,-0.18,-0.11,0.76,-0.8,-0.0,20.350000381469727,5.220000000000001,-1
2024-10-31,563.9742291931302,564.0428273008541,556.9975564307639,557.1935424804688,60182500.0,-1.96,-0.77,1.24,-1.83,0.13999999999999999,487.95455288391236,488.004091392637,479.4021134423859,479.501220703125,41245200.0,-2.52,-0.8099999999999999,1.7500000000000002,-1.72,0.47000000000000003,407.8332629267255,408.51421564699234,405.68332029707545,406.315673828125,4297100.0,-0.97,-0.6,0.69,-1.44,-0.52,23.15999984741211,13.81,-1
2024-11-01,559.8195584319851,563.9643910438907,559.1336371976272,559.545166015625,45667500.0,0.42,0.47000000000000003,0.8699999999999999,-1.38,-0.33999999999999997,481.1364259666195,486.33924004761803,480.8391344021652,483.049072265625,33655800.0,0.74,0.33999999999999997,1.15,-1.59,0.02,408.26123356689385,411.7925266418087,407.9110047725168,408.9908447265625,3856400.0,0.66,0.48,0.96,-0.16999999999999998,-0.67,21.8799991607666,-5.53,1
2024-11-04,559.6823223393656,560.9757583388703,556.4585705161212,558.3399047851562,38217000.0,-0.22,0.02,0.8099999999999999,-1.9,0.35000000000000003,482.4445325917277,484.98152122615164,479.89762415814664,481.6418151855469,23291600.0,-0.29,-0.13,1.05,-1.9,0.8099999999999999,408.4266805617775,408.8741671869754,405.1191152197804,406.6853332519531,3125400.0,-0.5599999999999999,-0.13999999999999999,0.9199999999999999,-1.4200000000000002,-0.33999999999999997,21.979999542236328,0.45999999999999996,-1
2024-11-05,559.2512590975022,565.1304818819561,559.0357163025479,565.09130859375,39478300.0,1.21,0.16,1.09,-0.8699999999999999,0.62,483.2274401655053,488.45009377025474,483.1382526974681,487.7861022949219,24353600.0,1.28,0.33,1.0999999999999999,-1.59,0.59,406.89931991577964,411.131071109127,406.3545458900753,410.81976318359375,3093100.0,1.02,0.05,1.17,-0.05,0.38999999999999996,20.489999771118164,-6.78,1
2024-11-06,577.3397109306703,580.014738259286,573.6064067155438,579.1426391601562,68182000.0,2.4899999999999998,2.17,1.13,1.9,2.41,496.06107920229374,501.85850679379894,495.10971593005127,501.03594970703125,43082200.0,2.7199999999999998,1.7000000000000002,1.38,1.8499999999999999,2.52,422.84379131298954,425.88870715600655,421.9196051444204,425.34393310546875,7271800.0,3.54,2.93,0.97,3.6700000000000004,2.9000000000000004,16.270000457763672,-20.599999999999998,1
2024-11-07,581.1415036340469,584.6396478381987,581.0630972629532,583.6205444335938,47233200.0,0.77,0.35000000000000003,0.62,4.74,3.38,503.83059051968576,509.7073157816337,503.77113220784673,508.92437744140625,32853100.0,1.5699999999999998,0.5599999999999999,1.18,6.140000000000001,4.25,425.63572089063257,426.33614883722163,424.565618515572,425.4995422363281,4267900.0,0.04,0.06999999999999999,0.42,4.72,3.0300000000000002,15.199999809265137,-6.58,1
2024-11-08,584.1692634497057,587.569444510154,584.1692634497057,586.1486206054688,46444900.0,0.43,0.09,0.58,4.75,3.2099999999999995,508.4288627704024,510.2919704920393,507.80452026333353,509.5190124511719,22924500.0,0.12,-0.1,0.49,5.48,4.21,426.3848369660341,429.6924319827954,425.50930933311025,428.1456298828125,5014300.0,0.62,0.21,0.98,4.68,2.69,14.9399995803833,-1.71,1
2024-11-11,587.7360663213191,588.0888053142032,584.9826328704219,586.7072143554688,37586800.0,0.1,0.27,0.53,5.08,2.4699999999999998,510.73798855974053,510.9461229115346,506.3280021058684,509.2217712402344,24167500.0,-0.06,0.24,0.91,5.7299999999999995,3.2800000000000002,429.8674806989072,432.77618793879685,429.80911417615033,430.9667663574219,4065100.0,0.66,0.4,0.69,5.970000000000001,2.85,14.970000267028809,0.2,1
2024-11-12,586.6287817012992,587.2264882691159,582.4055428293386,584.8846435546875,43006100.0,-0.31,-0.01,0.8200000000000001,3.5000000000000004,2.9499999999999997,509.1523041657435,510.0342589618139,505.2476838428485,508.29998779296875,25835300.0,-0.18,-0.01,0.9400000000000001,4.21,4.49,431.52128871174716,432.14390459670244,427.1144377034085,427.4452209472656,3483000.0,-0.8200000000000001,0.13,1.17,4.05,2.81,14.710000038146973,-1.7399999999999998,-1
2024-11-13,585.3451316888757,587.1676761411395,582.9836705187753,585.1687622070312,47388600.0,0.05,0.08,0.72,1.04,2.56,507.7947026439167,510.3514707063744,505.3667105266914,507.6460266113281,24567400.0,-0.13,-0.1,0.98,1.32,4.35,427.95104720253227,429.5464483535729,426.5210079750722,427.853759765625,2631000.0,0.1,0.12,0.7100000000000001,0.59,2.15,14.020000457763672,-4.6899999999999995,1
2024-11-14,585.2962448517161,585.7763718199695,580.7202664359244,581.4061279296875,38904100.0,-0.64,0.02,0.86,-0.38,1.8900000000000001,507.30904134011206,508.1811066415075,503.2062364575977,504.11798095703125,28679500.0,-0.69,-0.06999999999999999,0.98,-0.9400000000000001,3.55,428.61259815886757,428.9530893789275,425.2174829852644,425.8011779785156,2528300.0,-0.48,0.18,0.8699999999999999,0.06999999999999999,1.25,14.3100004196167,2.07,-1
2024-11-15,577.8491633593196,578.3195418358689,572.1071369723535,573.9591064453125,75988800.0,-1.28,-0.61,1.0699999999999998,-2.08,0.2,498.4196146273791,498.80609360950456,490.0455505096301,492.10687255859375,51461100.0,-2.3800000000000003,-1.13,1.7399999999999998,-3.42,0.42,424.24951267713925,424.90170814472333,421.9912023224738,422.95489501953125,3486900.0,-0.67,-0.36,0.6799999999999999,-1.21,0.49,16.139999389648438,12.790000000000001,-1
2024-11-18,574.4195885423085,577.6237838402152,573.5573576252949,576.310791015625,37001700.0,0.41000000000000003,0.08,0.7100000000000001,-1.77,0.77,493.6529120920853,497.6268806924794,492.265501060555,495.5259094238281,27080800.0,0.69,0.31,1.09,-2.69,0.9299999999999999,422.6240056946693,423.7531313405647,421.6700564216716,422.6434631347656,2243000.0,-0.06999999999999999,-0.08,0.49,-1.9300000000000002,1.18,15.579999923706055,-3.47,1
2024-11-19,572.9400384688264,579.142574989824,572.2737337790142,578.41748046875,49412000.0,0.37,-0.58,1.1900000000000002,-1.11,1.2,492.94924529707794,499.4205530111832,492.61227457362634,498.9349365234375,24523000.0,0.69,-0.52,1.37,-1.8399999999999999,1.51,419.2754414891536,422.5752744630682,418.21443184474975,421.3293151855469,3202500.0,-0.31,-0.8,1.03,-1.43,0.88,16.350000381469727,4.9399999999999995,1
2024-11-20,578.495884693383,578.8976052377521,572.8616299600318,578.6134643554688,50032600.0,0.03,0.01,1.04,-1.1199999999999999,2.16,498.63769372570533,498.9548248827178,492.0970072679585,498.6476135253906,29565500.0,-0.06,-0.06,1.37,-1.77,3.0300000000000002,422.02044256802486,423.34429106336455,419.4604080234298,422.74078369140625,3956000.0,0.33999999999999997,0.16,0.9199999999999999,-1.2,2.21,17.15999984741211,4.95,1
2024-11-21,581.4550801704302,583.1404284379229,575.6248397212988,581.7196044921875,46750300.0,0.54,0.49,1.3,0.05,2.4899999999999998,501.6900000053646,502.4035299899302,493.088021478257,500.44134521484375,34526700.0,0.36,0.61,1.87,-0.73,2.5700000000000003,424.26892459882856,428.82448939962717,422.09824720895574,427.2962341308594,7558000.0,1.08,0.36,1.59,0.35000000000000003,3.65,16.8700008392334,-1.69,1
2024-11-22,581.7098478799927,584.1497754660484,581.2101642027249,583.5226440429688,38226400.0,0.31,-0.0,0.51,1.67,2.8400000000000003,499.8863672514566,501.9773883931018,498.2610927916357,501.2440490722656,23826600.0,0.16,-0.11,0.74,1.8599999999999999,2.11,427.8998091938655,431.7739782055057,427.63700010267354,431.3748779296875,5492800.0,0.95,0.13999999999999999,0.97,1.9900000000000002,5.29,15.239999771118164,-9.66,1
2024-11-25,587.4518855330788,588.7648782973704,583.2188384863542,585.501953125,42441400.0,0.33999999999999997,0.67,0.95,1.59,2.88,505.3171131868859,506.8532002381663,499.727820122481,502.036865234375,26375200.0,0.16,0.8099999999999999,1.4200000000000002,1.31,2.26,434.73302789555044,436.4754337087125,433.55521444254447,435.65777587890625,2976100.0,0.9900000000000001,0.7799999999999999,0.6799999999999999,3.08,5.6000000000000005,14.600000381469727,-4.2,1
2024-11-26,586.7463470552605,589.2254477201681,586.0310608458545,588.5591430664062,45621300.0,0.52,0.21,0.5499999999999999,1.7500000000000002,3.25,503.5134355358176,505.55494837109245,502.6710994101925,504.7323913574219,26557100.0,0.54,0.29,0.5700000000000001,1.16,1.83,434.68446899527345,437.380794707638,432.8350023110588,436.9427795410156,4126500.0,0.29,-0.22,1.04,3.71,6.3100000000000005,14.100000381469727,-3.42,1
2024-11-27,588.3729502321648,588.7550542016285,585.256969810655,586.7757568359375,34000200.0,-0.3,-0.03,0.59,1.41,3.2399999999999998,503.6026837920866,503.6720316612962,497.41874708868886,500.7584533691406,24957400.0,-0.79,-0.22,1.24,0.42,1.7999999999999998,437.2348073672448,438.6560025147924,435.4729436449704,435.8330993652344,2985900.0,-0.25,0.06999999999999999,0.73,3.1,6.23,14.100000381469727,0.0,-1
2024-11-29,587.5890586237147,591.2047827973582,587.3147260107087,590.4208984375,30177400.0,0.62,0.13999999999999999,0.66,1.5,5.96,501.3827848330466,505.75315217485644,500.7683621205399,505.1585388183594,15334000.0,0.88,0.12,1.0,0.9400000000000001,5.35,436.3781384156355,439.27890058847,436.3197363999283,438.12054443359375,3474100.0,0.52,0.13,0.6799999999999999,2.53,7.829999999999999,13.510000228881836,-4.18,1
2024-12-02,590.8323780737772,592.1552388895445,590.3424429138348,591.4791259765625,31746000.0,0.18,0.06999999999999999,0.31,1.3599999999999999,5.71,506.4170995466131,511.6199130371729,506.0305903133928,510.6585998535156,25147200.0,1.09,0.25,1.11,1.8800000000000001,5.72,438.6267230641529,439.00636588777496,436.0180005692514,436.80645751953125,2661200.0,-0.3,0.12,0.6799999999999999,1.26,6.800000000000001,13.34000015258789,-1.26,1
2024-12-03,591.2439870884159,591.9984465923378,590.2151351783115,591.7534790039062,26906600.0,0.05,-0.04,0.3,1.0699999999999998,5.9799999999999995,509.3306878343324,512.5019386948712,508.7558838722561,512.2244262695312,18597900.0,0.31,-0.26,0.73,2.03,6.35,437.20553696900936,437.64358178987396,434.7330760653488,435.97906494140625,1697400.0,-0.19,0.09,0.67,0.06999999999999999,7.199999999999999,13.300000190734863,-0.3,1
2024-12-04,593.438872844782,595.6729460981672,592.7725681970518,595.427978515625,42787600.0,0.62,0.27999999999999997,0.49,1.17,5.37,515.6434288103802,518.8146796626284,514.9298686374995,518.5570068359375,26086200.0,1.24,0.67,0.76,2.74,6.3100000000000005,437.88701880468636,439.5417924045914,436.84546648514834,438.9480285644531,3694400.0,0.6799999999999999,0.44,0.62,0.45999999999999996,6.8500000000000005,13.449999809265137,1.13,1
2024-12-05,595.4280516027892,596.2315525489399,594.0954421437544,594.4481811523438,28762200.0,-0.16,0.0,0.36,1.31,2.64,518.6065131914003,519.3299326318131,516.7334859011141,517.1199951171875,18169600.0,-0.27999999999999997,0.01,0.5,3.27,3.2099999999999995,438.5002058143037,439.47361239199887,436.42684505085106,436.73834228515625,1917600.0,-0.5,-0.1,0.69,0.21,2.68,13.539999961853027,0.67,-1
2024-12-06,595.212525949607,596.8097196143469,594.8009970944031,595.5750732421875,31241500.0,0.19,0.13,0.33999999999999997,0.8699999999999999,2.0500000000000003,517.7840589262187,521.9859411713386,517.6552224953138,521.7481079101562,23762600.0,0.89,0.13,0.84,3.2800000000000002,2.52,437.53646508688803,437.9939673164387,434.8985418685038,435.2586975097656,1973900.0,-0.33999999999999997,0.18,0.7100000000000001,-0.65,2.29,12.770000457763672,-5.6899999999999995,1
2024-12-09,595.4574149257465,595.6239761392873,591.9200973185369,592.5079956054688,34742700.0,-0.51,-0.02,0.62,0.16999999999999998,1.08,520.8264895371643,521.6192872606202,516.5353894459821,517.6849975585938,20674400.0,-0.7799999999999999,-0.18,0.97,1.38,1.6,435.74546707201625,436.3587179949734,432.97125226655,433.2438049316406,1998600.0,-0.45999999999999996,0.11,0.7799999999999999,-0.8200000000000001,1.1900000000000002,14.1899995803833,11.12,-1
2024-12-10,593.1841677805376,593.605504896008,590.0093971009587,590.6658935546875,37234500.0,-0.31,0.11,0.61,-0.18,0.67,518.9137744707876,520.6579655236552,514.4938385293885,515.9208984375,24350000.0,-0.33999999999999997,0.24,1.1900000000000002,0.72,1.32,432.6889169829595,433.94458993367095,431.1704052750232,431.8907165527344,2461000.0,-0.31,-0.13,0.64,-0.9400000000000001,0.21,14.180000305175781,-0.06999999999999999,-1
2024-12-11,593.5858806768452,596.1825011825678,593.3114882757061,595.2320556640625,28677700.0,0.77,0.49,0.49,-0.03,1.77,520.2814024633593,525.8409663614733,519.8751140774373,525.1571655273438,32168600.0,1.79,0.8500000000000001,1.16,1.27,3.32,432.2996143798989,432.91286532421555,430.61563988215516,430.7421875,2084300.0,-0.27,0.09,0.53,-1.87,0.77,13.579999923706055,-4.2299999999999995,1
2024-12-12,594.369747252086,594.9380289691392,592.1650390625,592.1650390625,31543800.0,-0.52,-0.13999999999999999,0.47000000000000003,-0.38,1.2,522.9373315206931,524.2058562213963,521.2922778164673,521.7679443359375,23577500.0,-0.65,-0.42,0.5499999999999999,0.8999999999999999,2.78,430.72270102166647,431.33595196693216,428.34758640832734,428.5617370605469,3585300.0,-0.51,-0.0,0.69,-1.87,0.16999999999999998,13.920000076293945,2.5,-1
2024-12-13,594.1934650654297,594.9087513561514,590.6757038334936,592.0475463867188,35904700.0,-0.02,0.33999999999999997,0.7100000000000001,-0.59,1.83,525.6924016663945,528.3780062636245,522.5607689543002,525.7617797851562,28780400.0,0.77,0.75,1.11,0.77,4.29,429.13600470609117,429.78820017637884,427.24762329635695,427.6856384277344,2548400.0,-0.2,0.13,0.59,-1.7399999999999998,0.44,13.8100004196167,-0.79,-1
2024-12-16,593.8014244521054,595.54562235978,593.0273484159295,594.5755004882812,43695200.0,0.43,0.3,0.43,0.35000000000000003,3.5900000000000003,528.2887292324265,534.3041797331767,528.2094313308821,533.3329467773438,31979900.0,1.44,0.48,1.16,3.02,8.38,427.95817841847116,428.9510720989105,426.3034051277557,426.71221923828125,1987500.0,-0.22999999999999998,0.06,0.62,-1.51,0.89,14.6899995803833,6.370000000000001,1
2024-12-17,592.0278303510687,592.9880840930309,590.7540109408761,592.1257934570312,55773500.0,-0.41000000000000003,-0.43,0.38,0.25,2.74,531.5392172672515,532.6491459423796,529.3292797155087,530.9842529296875,28579100.0,-0.44,-0.33999999999999997,0.62,2.92,7.16,424.5804886275789,425.21319698378136,422.8770270576427,423.9867248535156,3130300.0,-0.64,-0.5,0.5499999999999999,-1.83,0.32,15.869999885559082,8.03,-1
2024-12-18,591.822113059209,594.2031909866316,574.0962907751041,574.4784545898438,108248700.0,-2.98,-0.05,3.4000000000000004,-3.49,-0.6799999999999999,530.3401942657196,532.0546259876975,510.38119437057514,511.8280334472656,54703200.0,-3.61,-0.12,4.08,-2.54,2.58,424.38583976594543,426.39105507809194,412.7049600263671,412.9385681152344,6135700.0,-2.6100000000000003,0.09,3.2300000000000004,-4.130000000000001,-1.9900000000000002,27.6200008392334,74.03999999999999,-1
2024-12-19,579.456129686489,581.0631314525076,574.057034359764,574.302001953125,85919500.0,-0.03,0.8699999999999999,1.22,-3.02,-0.75,516.5055998486908,517.0704840052069,509.2117652949213,509.5486755371094,46441800.0,-0.44999999999999996,0.91,1.54,-2.34,2.19,416.1410269892827,417.5621921775431,413.1624054423486,413.2402648925781,4948000.0,0.06999999999999999,0.7799999999999999,1.0699999999999998,-3.58,-2.25,24.09000015258789,-12.78,-1
2024-12-20,571.9777678628068,585.7224397345614,571.1321976271144,581.1998901367188,125716700.0,1.2,-0.4,2.54,-1.83,-0.09,505.852200874932,520.1029592084699,504.71254304884667,513.998291015625,60530000.0,0.8699999999999999,-0.73,3.02,-2.2399999999999998,2.71,412.0229073231785,421.80460904483067,411.69099650379917,418.34881591796875,6069600.0,1.24,-0.29,2.45,-2.18,-2.09,18.360000610351562,-23.79,1
2024-12-23,580.9442707021165,585.2800160502417,577.7685966184363,584.6802978515625,57635800.0,0.6,-0.04,1.29,-1.66,0.2,515.7105696508168,519.383239168352,512.31586004398,519.0060424804688,29672800.0,0.97,0.33,1.37,-2.69,3.54,417.13827663130206,419.22739913988374,414.87347168257,418.69049072265625,2602700.0,0.08,-0.29,1.04,-1.8800000000000001,-2.94,16.780000686645508,-8.61,1
2024-12-24,586.0272849416975,591.2184422848073,585.4471892507113,591.1790771484375,33160100.0,1.11,0.22999999999999998,0.9900000000000001,-0.16,0.97,520.9516666586724,526.1330632045123,520.3163815436208,526.0437622070312,17558200.0,1.3599999999999999,0.37,1.1199999999999999,-0.9299999999999999,4.78,418.6905550920291,422.3416043908868,418.0950460474206,422.2146911621094,1431700.0,0.84,0.0,1.01,-0.42,-3.09,14.270000457763672,-14.96,1
2024-12-26,589.4093887705021,592.3392110668057,588.0133066034633,591.2184448242188,41219100.0,0.01,-0.3,0.73,2.91,0.44999999999999996,524.4158307733787,527.3142356084127,522.4206745678785,525.6863403320312,19090500.0,-0.06999999999999999,-0.31,0.9299999999999999,2.71,4.15,420.7210551044658,423.356858017243,420.67225607682906,422.90777587890625,1867400.0,0.16,-0.35000000000000003,0.64,2.41,-3.2099999999999995,14.729999542236328,3.2199999999999998,1
2024-12-27,587.4823797773107,587.7183905820746,580.8165297326684,584.9949951171875,64969300.0,-1.05,-0.63,1.17,1.8599999999999999,-0.3,522.1229428744699,522.5596938208661,514.0331448619471,518.6984252929688,33839600.0,-1.3299999999999998,-0.6799999999999999,1.6199999999999999,1.7999999999999998,3.58,420.3403943921006,422.0097504532766,417.2653102774823,419.7742004394531,2429100.0,-0.74,-0.61,1.1199999999999999,1.58,-3.6799999999999997,15.949999809265137,8.28,-1
2024-12-30,577.9948725430215,581.7800467977985,574.5734057798932,578.3192749023438,56578800.0,-1.1400000000000001,-1.2,1.23,-0.5,-2.0500000000000003,511.7005068634762,515.5220319966776,508.04767821293757,511.79974365234375,34584000.0,-1.3299999999999998,-1.35,1.44,-0.43,1.31,415.3518910954418,417.4898130474759,412.4720331843561,415.6447448730469,3858300.0,-0.98,-1.05,1.2,-0.65,-5.13,17.399999618530273,9.09,-1
2024-12-31,579.9808236627084,580.698577374324,574.5832389413312,576.21533203125,57052700.0,-0.36,0.29,1.06,-1.4500000000000002,-2.58,513.0802618771279,513.8345947756108,506.4893152844088,507.4521484375,29117000.0,-0.8500000000000001,0.25,1.44,-2.23,-0.63,416.75760623098915,417.5678547941385,413.9558628080818,415.3811340332031,2442700.0,-0.06,0.27,0.8699999999999999,-0.79,-4.9,17.350000381469727,-0.29,-1
2025-01-02,579.4696102256324,581.1803135593343,570.7292291618253,574.799560546875,50204000.0,-0.25,0.5599999999999999,1.81,-2.77,-2.87,510.49940358547883,512.8221380642742,501.9728857721829,506.4595031738281,36389800.0,-0.2,0.6,2.1399999999999997,-3.7199999999999998,-1.13,418.1535997618371,418.7588507127247,411.56412219139355,413.7215576171875,4231500.0,-0.4,0.67,1.73,-2.01,-5.11,17.93000030517578,3.34,-1
2025-01-03,577.6408633877121,582.6254735449975,576.5593423217554,581.9864501953125,37888500.0,1.25,0.49,1.06,-1.5599999999999998,-2.26,509.55647072922574,515.8099640553276,508.7425836013159,514.7478637695312,29059500.0,1.6400000000000001,0.61,1.4000000000000001,-2.08,-0.73,415.72280363781374,417.59712714822086,414.11204849210395,417.00164794921875,2203200.0,0.79,0.48,0.84,-1.4000000000000001,-5.0,16.1299991607666,-10.040000000000001,1
2025-01-06,586.2337670283534,589.6060270134918,583.608664526265,585.3390502929688,47679400.0,0.58,0.73,1.03,0.06,-1.53,520.1476411928097,524.018784806924,518.1723564940825,520.6637573242188,36109700.0,1.15,1.05,1.1400000000000001,0.38,0.69,418.66125185537857,420.86751625401746,415.9473643190006,416.972412109375,3463300.0,-0.01,0.4,1.18,-0.67,-4.53,16.040000915527344,-0.5599999999999999,1
2025-01-07,587.3644406233403,587.6889029930588,576.9035745975999,578.722412109375,60393100.0,-1.13,0.35000000000000003,1.8399999999999999,0.06999999999999999,-2.83,521.7059999662438,522.1030076792526,509.4869713360559,511.3728942871094,36690300.0,-1.78,0.2,2.42,-0.08,-1.9900000000000002,418.70022658453854,419.1102515783915,413.78007561746693,415.2151184082031,2053900.0,-0.42,0.41000000000000003,1.28,-0.1,-4.6,17.81999969482422,11.1,-1
2025-01-08,578.7911897402016,580.6395509433228,575.350100693004,579.56787109375,47304700.0,0.15,0.01,0.91,0.58,-2.18,511.2736208982677,513.0999895323981,506.7969397096138,511.46221923828125,30777800.0,0.02,-0.02,1.23,0.79,-1.2,415.29336740015054,416.4160133973047,413.1945023112375,415.9962463378906,2020200.0,0.19,0.02,0.7799999999999999,0.15,-3.9800000000000004,17.700000762939453,-0.67,1
2025-01-10,576.0186519228087,576.0874809051687,568.8120114375996,570.7193603515625,73105000.0,-1.53,-0.61,1.26,-0.7100000000000001,-3.38,507.7002616861164,507.7994984696709,500.19613120906627,503.44195556640625,40532500.0,-1.5699999999999998,-0.74,1.49,-0.6,-2.42,414.19020624096856,414.2390052754242,408.8405152652912,409.35791015625,3415500.0,-1.6,-0.43,1.3,-1.05,-5.220000000000001,19.540000915527344,10.4,-1
2025-01-13,566.0787864044993,571.9581131697737,565.6658125456092,571.6041870117188,47910100.0,0.16,-0.8099999999999999,1.0999999999999999,-1.78,-3.9699999999999998,497.49620898526393,502.28056678713506,496.00729379112454,501.823974609375,31694200.0,-0.32,-1.18,1.25,-2.5100000000000002,-4.44,408.8014788765919,413.1749209394772,408.5574241260527,412.9015808105469,2608100.0,0.8699999999999999,-0.13999999999999999,1.13,-0.98,-4.14,19.190000534057617,-1.79,1
2025-01-14,574.5242054496483,575.1534475548353,568.6153544470202,572.3907470703125,48420600.0,0.13999999999999999,0.51,1.1400000000000001,-2.21,-3.34,504.9804910575475,506.39001083545065,497.88333436019064,501.3475341796875,33737200.0,-0.09,0.63,1.7000000000000002,-3.71,-3.91,414.77592134886896,415.39094406756556,411.5250954905696,415.03948974609375,2643300.0,0.52,0.44999999999999996,0.9400000000000001,-0.45999999999999996,-3.16,18.709999084472656,-2.5,1
2025-01-15,580.3937768602567,583.9430001285099,579.2827918470954,582.8025512695312,56900200.0,1.82,1.4000000000000001,0.8099999999999999,0.7100000000000001,-1.5599999999999998,509.23879071405617,514.0231181011155,507.6803552886918,512.8816528320312,34957600.0,2.3,1.5699999999999998,1.27,0.3,-2.45,421.2969937786568,422.97609134950955,420.26220420739304,421.9608154296875,4059800.0,1.67,1.51,0.65,1.6199999999999999,-1.34,16.1200008392334,-13.84,1
2025-01-16,584.1690249343256,584.345988007067,580.9835696093336,581.681640625,43319700.0,-0.19,0.22999999999999998,0.58,0.36,-2.17,515.144815906314,515.2242416848954,509.15940797728683,509.2884521484375,28229000.0,-0.7000000000000001,0.44,1.18,-0.43,-4.51,421.8144224150436,422.6149290659103,420.5160643818683,421.2970275878906,2532500.0,-0.16,-0.03,0.5,1.27,-1.27,16.600000381469727,2.98,-1
2025-01-17,586.9121689712896,589.2717368825727,585.5848557638515,587.521728515625,58070600.0,1.0,0.8999999999999999,0.63,2.94,-0.7799999999999999,518.9863044479358,520.1973205954457,509.3182891985664,517.884521484375,51837900.0,1.69,1.9,2.1399999999999997,2.87,-2.4699999999999998,424.3654815242048,426.17217070242344,423.8088206233492,424.541259765625,2771000.0,0.77,0.73,0.5599999999999999,3.71,0.13,15.970000267028809,-3.8,1
2025-01-21,590.5596519481012,592.9094384516549,588.5933154613438,592.8995971679688,42532900.0,0.9199999999999999,0.52,0.73,3.73,3.2099999999999995,520.6041714349437,522.0831509199561,516.2168513724278,520.9218139648438,23628000.0,0.59,0.53,1.13,3.81,1.78,426.13309243047286,430.1175481902876,426.094020665301,429.7952880859375,2113800.0,1.24,0.37,0.95,4.09,4.08,15.0600004196167,-5.7,1
2025-01-22,595.7213992287225,597.5894432517595,595.1708273073808,596.232666015625,48196000.0,0.5599999999999999,0.48,0.41000000000000003,4.17,3.82,525.6564874877253,529.8750800079303,525.3487808096157,527.5821533203125,33593000.0,1.28,0.91,0.8699999999999999,5.2299999999999995,3.54,431.1527675024817,431.65083569602285,430.03947541477663,430.94769287109375,3724100.0,0.27,0.32,0.37,3.83,4.29,15.100000381469727,0.27,1
2025-01-23,595.6033506126263,599.4868774414062,595.3280946897063,599.4868774414062,41152100.0,0.5499999999999999,-0.11,0.7000000000000001,2.86,3.15,525.1304853393235,528.8230268358762,524.5448792406889,528.7039184570312,23096600.0,0.21,-0.45999999999999996,0.8099999999999999,3.08,2.86,431.18199432880743,435.0199977724492,431.18199432880743,434.9516296386719,2352500.0,0.9299999999999999,0.05,0.89,3.08,3.9699999999999998,15.020000457763672,-0.53,1
2025-01-24,599.5458113037603,600.4995156835615,596.5864653530726,597.7367553710938,34604700.0,-0.29,0.01,0.65,2.76,2.23,529.0810884811151,529.8453571094432,524.2470818339253,525.7161254882812,19878300.0,-0.5700000000000001,0.06999999999999999,1.06,3.2300000000000004,1.29,434.3852930250657,435.04939392933267,432.9594862952252,433.7212219238281,2022000.0,-0.27999999999999997,-0.13,0.48,2.9499999999999997,3.5900000000000003,14.850000381469727,-1.13,-1
2025-01-27,584.7983708814467,589.5962372876534,584.6312490621345,589.2816162109375,70361100.0,-1.41,-2.16,0.83,0.3,-0.32,507.2238554261772,514.1621916220109,506.3801306258622,510.41015625,60771700.0,-2.91,-3.52,1.48,-1.44,-2.97,430.32265437903476,436.8364630553785,430.22498986721484,436.6509094238281,3822400.0,0.6799999999999999,-0.7799999999999999,1.52,2.85,3.42,17.899999618530273,20.54,-1
2025-01-28,590.5106506437504,595.1807009473713,587.1973776500193,594.3450317382812,44433300.0,0.86,0.21,1.35,0.24,0.53,511.4125304134355,519.1350658267572,507.9979796464781,517.953857421875,33194200.0,1.48,0.2,2.18,-0.5700000000000001,-1.47,436.72904546182514,439.2095511619509,435.73290918258687,437.91070556640625,2233500.0,0.29,0.02,0.8,1.8900000000000001,3.55,16.40999984741211,-8.32,1
2025-01-29,593.558244678493,593.9613772229904,589.1339880186671,591.680419921875,37177400.0,-0.44999999999999996,-0.13,0.8099999999999999,-0.76,1.1400000000000001,518.5991606876129,518.7282048637726,513.0802502522747,516.981201171875,26649000.0,-0.19,0.12,1.09,-2.01,-0.33,437.7154768251423,439.0826908713141,435.33260528622947,436.7095947265625,2225100.0,-0.27,-0.04,0.86,1.34,4.03,16.559999465942383,0.91,-1
2025-01-30,593.7944224804594,596.389941511758,590.6089063826978,594.856201171875,39281300.0,0.54,0.36,0.98,-0.77,2.86,519.8399711897874,522.2122638046841,514.3806144435209,519.184814453125,27431300.0,0.43,0.5499999999999999,1.51,-1.7999999999999998,1.44,436.0844825200893,439.57086998491144,435.8989288972276,438.31109619140625,2322600.0,0.37,-0.13999999999999999,0.84,0.77,5.45,15.84000015258789,-4.35,1
2025-01-31,597.2747575383468,599.6933732210748,590.9333098394596,591.6903686523438,66566900.0,-0.53,0.41000000000000003,1.47,-1.01,2.69,523.0260873773669,527.5921301044531,517.338450995146,518.4302978515625,38755200.0,-0.15,0.74,1.97,-1.39,2.16,439.4927669581599,439.8150270565921,434.61961489907867,434.96142578125,3085400.0,-0.76,0.27,1.1900000000000002,0.29,4.71,16.43000030517578,3.7199999999999998,-1
2025-02-03,582.6943020815504,590.1860392450765,580.5510025263411,587.70849609375,65857200.0,-0.67,-1.52,1.63,-0.27,2.25,509.6755241871737,517.000992221849,507.27342449560086,514.28125,40580800.0,-0.8,-1.69,1.8800000000000001,0.76,1.54,429.3166624980242,435.45939256688365,428.4279960746249,433.8675537109375,4527700.0,-0.25,-1.3,1.6199999999999999,-0.64,4.87,18.6200008392334,13.33,-1
2025-02-04,587.767535135661,592.1622687341741,587.2268045597665,591.6510620117188,33457800.0,0.67,0.01,0.84,-0.44999999999999996,1.66,514.7973683319532,521.2294622346358,514.4003000680867,520.5941772460938,26046800.0,1.23,0.1,1.3299999999999998,0.51,1.1400000000000001,433.8286865649819,435.5572325660294,432.891142812487,435.0982360839844,1890500.0,0.27999999999999997,-0.01,0.61,-0.64,4.34,17.209999084472656,-7.57,1
2025-02-05,590.5302274178379,594.1974260072697,588.5049031019603,594.0499267578125,30653100.0,0.41000000000000003,-0.19,0.96,0.4,1.49,517.9638671852232,523.11551659981,516.7727228160936,522.9566650390625,21134100.0,0.44999999999999996,-0.51,1.22,1.16,0.44,435.28373341964715,438.3404511062688,433.02782307516816,438.1646728515625,2273400.0,0.7000000000000001,0.04,1.22,0.33,5.08,15.770000457763672,-8.37,1
2025-02-06,595.7901006731433,596.2423796576439,592.4866698522919,596.1145629882812,35771500.0,0.35000000000000003,0.29,0.63,0.21,3.01,523.4629031663001,525.8948102853632,521.8548794809367,525.6863403320312,19434500.0,0.52,0.1,0.77,1.25,2.8000000000000003,438.8287098769185,439.19981714342896,434.96143955812107,436.8852844238281,1867200.0,-0.29,0.15,0.97,-0.33,5.220000000000001,15.5,-1.71,1
2025-02-07,596.6749433667395,597.8940622927604,589.9500466999555,590.657958984375,50788500.0,-0.9199999999999999,0.09,1.3299999999999998,-0.16999999999999998,1.91,526.2223405922623,528.1678176426686,518.3310780658987,519.0556640625,29605500.0,-1.26,0.1,1.87,0.12,1.48,437.2954599392883,437.98882730886214,432.4320533541219,432.74456787109375,2259200.0,-0.95,0.09,1.27,-0.51,4.03,16.540000915527344,6.710000000000001,-1
2025-02-10,593.863227291288,595.30845601079,592.5949016719809,594.6693725585938,26048700.0,0.6799999999999999,0.54,0.45999999999999996,1.18,4.2,523.3239005134812,526.4407109622551,522.8574028177311,525.3389282226562,20852800.0,1.21,0.8200000000000001,0.69,2.15,4.35,435.38137997992345,435.8208255985615,432.72506607394934,434.36572265625,1858100.0,0.37,0.61,0.72,0.11,6.11,15.8100004196167,-4.41,1
2025-02-11,592.408088766588,595.6623736678141,592.2901133629294,595.1216430664062,30056700.0,0.08,-0.38,0.5700000000000001,0.59,4.109999999999999,522.0732896066455,526.0039872775455,521.9442454321847,524.0882568359375,19325500.0,-0.24,-0.62,0.77,0.67,4.44,432.9593892995533,436.0844746569579,432.85197920563496,435.6645202636719,1436200.0,0.3,-0.32,0.74,0.13,5.510000000000001,16.020000457763672,1.3299999999999998,1
2025-02-12,589.1144530437037,594.3743794070193,588.4360645213627,593.2044067382812,45076100.0,-0.32,-1.01,1.0,-0.13999999999999999,3.64,518.4402741025981,525.2793726405877,518.0928847804781,524.3959350585938,25009400.0,0.06,-1.08,1.37,0.27999999999999997,4.6,431.98281115099115,434.37545746222173,430.7425583391297,433.24261474609375,2444500.0,-0.5599999999999999,-0.8500000000000001,0.83,-1.1199999999999999,4.390000000000001,15.890000343322754,-0.8099999999999999,-1
2025-02-13,594.3055902381474,599.6737110792319,593.047165943141,599.4672241210938,40921300.0,1.06,0.19,1.1199999999999999,0.5599999999999999,2.86,526.0635234537466,532.2574012792994,525.2793832223591,531.9398193359375,28714800.0,1.44,0.32,1.3299999999999998,1.1900000000000002,3.7199999999999998,434.9028259466024,437.36384058434766,433.31101654899754,436.78765869140625,2961500.0,0.8200000000000001,0.38,0.9400000000000001,-0.02,3.51,15.100000381469727,-4.97,1
2025-02-14,599.6736338799176,600.7059485220444,598.8182823186273,599.4376831054688,26910400.0,-0.0,0.03,0.31,1.49,3.05,532.0489565555039,534.8580601398642,531.7114424599516,534.1731567382812,17862600.0,0.42,0.02,0.59,2.91,4.89,436.63131416513545,437.5493067746337,434.9222898096044,435.35198974609375,2005400.0,-0.33,-0.04,0.6,0.6,3.34,14.770000457763672,-2.19,0
2025-02-18,600.5978525430173,601.1975708007812,598.1399318067746,601.1975708007812,26749000.0,0.29,0.19,0.51,1.0999999999999999,2.33,535.7414804029439,536.0095045421328,532.078746365208,535.3841552734375,20565000.0,0.22999999999999998,0.29,0.74,1.91,3.38,434.853944429077,435.55708710711065,433.2425844844643,435.4789733886719,2451200.0,0.03,-0.11,0.53,0.26,2.58,15.350000381469727,3.93,1
2025-02-19,599.81139736899,602.9083418402669,599.3001305958442,602.6134033203125,31011100.0,0.24,-0.22999999999999998,0.6,1.26,1.6400000000000001,534.590089236306,536.8135264180986,532.4956962288245,535.5330810546875,19666900.0,0.03,-0.15,0.8099999999999999,2.18,2.8000000000000003,434.3656346303647,436.33832632576025,433.1644239101321,436.2113952636719,2239400.0,0.16999999999999998,-0.26,0.73,0.13,1.49,15.270000457763672,-0.52,1
2025-02-20,601.2467721645895,601.3844301402796,596.8028918726411,600.1063232421875,36554000.0,-0.42,-0.22999999999999998,0.76,1.16,0.65,534.7489252091573,535.1161861718319,528.5252998523972,533.260009765625,26550800.0,-0.42,-0.15,1.23,1.69,1.08,434.8442799074584,435.12749808967385,429.6683879043684,432.03173828125,2960000.0,-0.96,-0.31,1.25,-0.27999999999999997,0.25,15.65999984741211,2.55,-1
2025-02-21,599.8899930676969,600.0276510429451,589.3799206723878,589.842041015625,76519800.0,-1.71,-0.04,1.77,-1.6099999999999999,-1.6099999999999999,534.4014135025412,534.4212850908257,521.8250608987436,522.1923217773438,47093800.0,-2.08,0.21,2.36,-1.83,-1.23,429.45841769735705,429.74205834661615,423.83467397739537,424.6170959472656,3842200.0,-1.72,-0.6,1.37,-2.79,-2.3800000000000003,18.209999084472656,16.28,-1
2025-02-24,591.8870576091449,592.8800672914438,586.4501075695626,587.1580200195312,50737200.0,-0.45999999999999996,0.35000000000000003,1.09,-2.0500000000000003,-1.77,523.9790766643296,525.1602852244356,515.6908057368098,516.0282592773438,39268400.0,-1.18,0.33999999999999997,1.81,-3.4000000000000004,-1.8399999999999999,426.26024334103806,427.3067559639655,423.83471707928527,424.9888000488281,3629300.0,0.09,0.38999999999999996,0.8200000000000001,-2.3800000000000003,-2.01,18.979999542236328,4.2299999999999995,-1
2025-02-25,587.0989070332523,587.8264418905826,579.636634088407,584.2378540039062,58266500.0,-0.5,-0.01,1.39,-2.82,-0.86,515.4028768822437,515.4823026566079,505.6753096745888,509.5266418457031,48940000.0,-1.26,-0.12,1.9,-4.83,-0.16999999999999998,425.97666940275303,427.93275454324737,423.1501120479432,426.5537109375,2953100.0,0.37,0.22999999999999998,1.13,-2.0500000000000003,-2.31,19.43000030517578,2.37,-1
2025-02-26,585.8995775558942,589.488166464913,581.8980746927776,584.532958984375,43321600.0,0.05,0.27999999999999997,1.3,-3.0,-1.6500000000000001,511.7203095816127,515.8197335223668,507.5910176736259,510.7574462890625,34457600.0,0.24,0.43,1.6099999999999999,-4.63,-1.39,426.856812417665,428.89112740515986,423.49234429230154,424.80291748046875,2427800.0,-0.41000000000000003,0.06999999999999999,1.27,-2.62,-2.9899999999999998,19.100000381469727,-1.7000000000000002,1
2025-02-27,586.8040113591791,587.9543615454245,574.8094053796542,575.20263671875,74196700.0,-1.6,0.38999999999999996,2.25,-4.15,-2.78,514.3010917647001,515.2341477107384,496.35468364163813,496.57305908203125,52448000.0,-2.78,0.69,3.6999999999999997,-6.88,-3.95,424.9007947380408,429.1161556110592,422.6121788231472,422.856689453125,3296900.0,-0.45999999999999996,0.02,1.53,-2.12,-3.17,21.1299991607666,10.63,-1
2025-02-28,575.7040488167072,584.7098443771037,572.6365684069419,584.178955078125,88744100.0,1.5599999999999998,0.09,2.1,-0.96,-1.79,496.4341094377578,505.02018100858754,493.25774490318094,504.4147033691406,47654000.0,1.58,-0.03,2.37,-3.4000000000000004,-2.8400000000000003,423.55104299990256,429.1845768235617,421.5558281294423,428.74444580078125,3249900.0,1.39,0.16,1.7999999999999998,0.97,-2.18,19.6299991607666,-7.1,1
2025-03-03,586.1452445030724,587.2857532860544,570.1392964764723,573.9441528320312,74249200.0,-1.7500000000000002,0.33999999999999997,2.94,-2.25,-3.0,507.73993161461107,509.2486881332856,489.93250314963643,493.3768615722656,44587200.0,-2.19,0.66,3.83,-4.390000000000001,-4.83,429.88878410228745,431.0135269431526,420.04967950552384,422.60235595703125,3925200.0,-1.43,0.27,2.56,-0.5599999999999999,-2.8400000000000003,22.780000686645508,16.05,-1
2025-03-04,569.952455985737,575.5368441329807,562.6179996474549,567.150390625,109648200.0,-1.18,-0.7000000000000001,2.25,-2.92,-3.5000000000000004,490.5280684171969,500.01741886843365,484.13565673520964,491.887939453125,67875400.0,-0.3,-0.58,3.2199999999999998,-3.46,-4.35,420.2451725336994,421.6242156410275,414.5431995428844,416.2254333496094,3586900.0,-1.51,-0.5599999999999999,1.68,-2.42,-4.07,23.510000228881836,3.2,-1
2025-03-05,566.9833166199888,575.035467216836,563.434093538414,573.24609375,71230500.0,1.0699999999999998,-0.03,2.0500000000000003,-1.9300000000000002,-3.11,492.5331693757525,499.9082555325708,487.6296728031353,498.30023193359375,46323700.0,1.3,0.13,2.5,-2.44,-4.279999999999999,415.87340123465384,422.1231065077853,415.1301093057143,421.0179138183594,3018300.0,1.15,-0.08,1.68,-0.89,-3.2399999999999998,21.93000030517578,-6.72,1
2025-03-06,565.7936477589768,570.4047092717689,560.5238803180225,563.0703125,80094900.0,-1.78,-1.3,1.72,-2.11,-5.21,490.0417360224173,494.89558418778057,482.6070952577814,484.5923156738281,57574300.0,-2.75,-1.66,2.4699999999999998,-2.41,-7.340000000000001,416.812338838934,420.67558837427725,414.72910377083844,416.5482482910156,2824100.0,-1.06,-1.0,1.41,-1.49,-4.93,24.8700008392334,13.41,-1
2025-03-07,561.2907328755356,567.6714847046253,556.1094174114145,566.2261962890625,81158800.0,0.5599999999999999,-0.32,2.0500000000000003,-3.0700000000000003,-5.01,483.5599718062666,489.6347411717219,476.9789615630039,488.15576171875,54714700.0,0.74,-0.21,2.6100000000000003,-3.2199999999999998,-7.140000000000001,414.7877249284467,419.8931066763797,412.7142801303748,418.85638427734375,3719500.0,0.5499999999999999,-0.42,1.72,-2.31,-4.130000000000001,23.3700008392334,-6.03,1
2025-03-10,558.0365509948175,559.9536812738498,546.2385307775894,551.14453125,99326600.0,-2.6599999999999997,-1.4500000000000002,2.42,-3.9699999999999998,-6.69,479.8774159142813,480.39356231594445,465.1967024947357,469.23663330078125,76668000.0,-3.88,-1.7000000000000002,3.11,-4.89,-9.6,414.093442492158,416.69500936489175,407.47207543946007,410.279052734375,3442800.0,-2.0500000000000003,-1.1400000000000001,2.1999999999999997,-2.92,-5.19,27.860000610351562,19.21,-1
2025-03-11,549.9843324603625,554.5265648872522,542.7285461144836,546.5628662109375,88102100.0,-0.83,-0.21,2.1399999999999997,-3.63,-8.09,468.8594173402994,475.27167052229146,463.5588826960084,468.1149597167969,68760800.0,-0.24,-0.08,2.5,-4.83,-10.89,409.2814405185599,409.82914192319953,403.1980150586452,405.6333312988281,3893400.0,-1.13,-0.24,1.6199999999999999,-2.54,-6.61,26.920000076293945,-3.37,-1
2025-03-12,552.7077001878538,553.631880779765,544.3704523001988,549.4632568359375,69588200.0,0.53,1.1199999999999999,1.69,-4.15,-7.670000000000001,475.6190975102553,477.50505079394827,468.3035653299785,473.3956604003906,46971100.0,1.13,1.6,1.97,-5.0,-9.67,407.80457475689576,408.40119617671525,401.54510899785606,404.8606872558594,2960500.0,-0.19,0.54,1.69,-3.84,-7.07,24.229999542236328,-9.99,1
2025-03-13,549.0896174558009,549.6991769603108,540.4279077137791,542.1386108398438,74079400.0,-1.3299999999999998,-0.06999999999999999,1.69,-3.7199999999999998,-8.61,472.73064021166954,472.7604173080319,462.9832001082339,464.87908935546875,46563300.0,-1.7999999999999998,-0.13999999999999999,2.07,-4.07,-11.35,404.27389132350163,405.09544347833935,398.30782583867904,399.8042297363281,2557200.0,-1.25,-0.13999999999999999,1.68,-4.02,-7.720000000000001,24.65999984741211,1.77,-1
2025-03-14,546.7497351697265,554.3398260143258,542.2075022062043,553.3369750976562,62660300.0,2.07,0.8500000000000001,2.2399999999999998,-2.2800000000000002,-7.7,470.2292461988736,477.00876061202655,469.62373821824536,476.11541748046875,43563000.0,2.42,1.15,1.59,-2.4699999999999998,-10.489999999999998,401.80918427666705,406.77765685582864,400.9094018976772,406.2397155761719,2422700.0,1.6099999999999999,0.5,1.47,-3.01,-6.99,21.770000457763672,-11.72,1
2025-03-17,553.3172227764923,560.1207900872192,552.8846263579363,557.6038818359375,49008700.0,0.77,-0.0,1.31,1.17,-6.98,476.06577117794853,482.2497437290607,474.26914911026887,479.2024230957031,41744400.0,0.65,-0.01,1.68,2.12,-10.290000000000001,405.8289270524539,411.5406912445098,405.73111684025537,410.0051574707031,2141000.0,0.9299999999999999,-0.1,1.43,-0.06999999999999999,-5.82,20.510000228881836,-5.79,1
2025-03-18,555.2934322950165,555.5097605205915,549.6500559715837,551.5770874023438,66041400.0,-1.08,-0.41000000000000003,1.05,0.9199999999999999,-8.25,475.8672094425828,476.06571328641735,468.9189387751942,471.033203125,39072300.0,-1.7000000000000002,-0.7000000000000001,1.49,0.62,-12.02,409.2325171619862,409.4770277637913,405.77023868313063,407.3840026855469,1844100.0,-0.64,-0.19,0.8999999999999999,0.43,-6.45,21.700000762939453,5.800000000000001,-1
2025-03-19,553.3566169353411,561.3399385264869,552.1768030039566,557.584228515625,66556000.0,1.09,0.32,1.66,1.48,-7.470000000000001,473.2864373851265,481.74346485411456,471.3607712944133,477.3363037109375,40430300.0,1.34,0.48,2.1999999999999997,0.83,-10.870000000000001,408.44027203118515,413.2131237152068,407.6480600755775,411.1885986328125,1813800.0,0.9299999999999999,0.26,1.37,1.5599999999999998,-5.74,19.899999618530273,-8.290000000000001,1
2025-03-20,553.8483063542163,560.9664364159598,553.1305525718145,555.971923828125,62958200.0,-0.29,-0.67,1.41,2.55,-7.35,473.355936252415,480.9692391887988,472.66109702608003,475.7183532714844,36780500.0,-0.33999999999999997,-0.83,1.7399999999999998,2.33,-10.79,408.7434967276976,413.84887929689586,408.46964604705994,410.8951721191406,1646500.0,-0.06999999999999999,-0.59,1.31,2.77,-4.89,19.799999237060547,-0.5,-1
2025-03-21,551.5205297947124,557.0526817242638,550.2878724028328,556.1552734375,83763000.0,0.03,-0.8,1.22,0.51,-5.71,470.57662752286865,478.0509810732746,469.4152905592447,477.28668212890625,42234900.0,0.33,-1.08,1.82,0.25,-8.6,407.69180586610395,411.5722734942031,405.8691864474961,411.1900939941406,2485700.0,0.06999999999999999,-0.7799999999999999,1.39,1.22,-3.16,19.280000686645508,-2.63,1
2025-03-24,562.880651498493,567.1703352751009,562.2890000340255,566.1151733398438,58766800.0,1.79,1.21,0.88,1.53,-3.58,484.8576794709337,488.60541998448804,481.53742091872255,487.76043701171875,34567200.0,2.19,1.59,1.48,1.79,-5.48,414.8452063315416,417.6673539697161,414.29645872461896,416.94219970703125,2474900.0,1.4000000000000001,0.89,0.8200000000000001,1.69,-1.8900000000000001,17.479999542236328,-9.34,1
2025-03-25,567.3181993393742,568.4127846067184,565.73055113845,567.4760131835938,38355700.0,0.24,0.21,0.47000000000000003,2.88,-2.87,488.48607924199416,490.7028813411277,487.5218103740152,490.5438232421875,26035200.0,0.5700000000000001,0.15,0.65,4.14,-3.73,417.7555192943113,418.2650620713375,415.83487287155833,417.26556396484375,3997600.0,0.08,0.2,0.58,2.4299999999999997,-2.18,17.149999618530273,-1.8900000000000001,1
2025-03-26,567.2097001365158,568.3338979913931,559.3206937528307,560.7012939453125,51848300.0,-1.1900000000000002,-0.05,1.59,0.5599999999999999,-4.08,489.390696139039,490.24562966600536,479.96673847902554,481.51751708984375,34627100.0,-1.8399999999999999,-0.24,2.1,0.88,-5.72,417.7653080405462,419.5389738877075,414.6394204760484,415.70751953125,2442100.0,-0.37,0.12,1.17,1.0999999999999999,-2.1399999999999997,18.329999923706055,6.88,-1
2025-03-27,559.3108687859911,562.9792883535321,557.101956447335,559.2122802734375,42164200.0,-0.27,-0.25,1.05,0.58,-2.78,479.5591741727875,483.70451433059617,477.41193517577676,478.7738342285156,33469800.0,-0.5700000000000001,-0.41000000000000003,1.31,0.64,-3.58,415.16857530617307,416.5502530386461,412.99317226635435,414.4434509277344,1646000.0,-0.3,-0.13,0.86,0.86,-1.9900000000000002,18.690000534057617,1.96,-1
2025-03-28,557.6838014665011,558.4135249923543,547.3689030262066,547.95068359375,71662700.0,-2.01,-0.27,1.9800000000000002,-1.48,-6.2,476.9745201773356,477.6803158784236,465.2840071747282,466.16876220703125,46363800.0,-2.63,-0.38,2.59,-2.33,-7.580000000000001,413.5027868196687,413.8947451745693,406.8589925240094,407.2705383300781,2600600.0,-1.73,-0.22999999999999998,1.7000000000000002,-0.95,-5.01,21.649999618530273,15.840000000000002,-1
2025-03-31,542.201546342058,552.9305994826874,539.282592409213,551.62890625,95328200.0,0.67,-1.05,2.4899999999999998,-2.56,-3.8899999999999997,459.1902923533091,467.08334293131804,454.62739030879317,466.14892578125,53000300.0,-0.0,-1.5,2.67,-4.43,-5.52,403.91920865786665,412.8951644907065,403.1744669450757,411.4449157714844,2985300.0,1.02,-0.8200000000000001,2.39,-1.32,-2.64,22.280000686645508,2.91,1
2025-04-01,549.7158288612504,555.1296497708261,545.998115405224,553.1869506835938,54609600.0,0.27999999999999997,-0.35000000000000003,1.66,-2.52,-2.46,464.538472789733,470.8310825660288,461.6755176682955,469.9065856933594,41156200.0,0.8099999999999999,-0.35000000000000003,1.96,-4.21,-4.47,410.00444860958703,412.816787595834,406.66294946042024,411.1607360839844,2384800.0,-0.06999999999999999,-0.35000000000000003,1.5,-1.46,-1.22,21.770000457763672,-2.29,1
2025-04-02,547.3491017135567,559.547472787333,547.1124411566806,556.687744140625,76014500.0,0.63,-1.06,2.25,-0.72,-2.8899999999999997,463.3654253458386,476.7260031222664,463.1069521266998,473.3361511230469,49894500.0,0.73,-1.39,2.9000000000000004,-1.7000000000000002,-5.01,408.00545904117826,415.13920853945865,407.81927359497894,413.5517578125,2299800.0,0.58,-0.77,1.78,-0.52,-1.77,21.510000228881836,-1.1900000000000002,1
2025-04-03,537.5470765410741,540.3673821784607,529.2537841796875,529.2537841796875,125986000.0,-4.93,-3.44,2.0,-5.36,-6.01,453.7426680201873,457.35122137143543,447.47991003581626,447.996826171875,70456300.0,-5.35,-4.14,2.09,-6.43,-7.55,402.6649405200153,403.3410514286839,396.86385569362346,397.0794372558594,7440100.0,-3.9800000000000004,-2.63,1.5699999999999998,-4.19,-4.67,30.020000457763672,39.56,-1
2025-04-04,516.4044915082214,518.5739803507369,498.05270443606094,498.2696533203125,217965100.0,-5.8500000000000005,-2.4299999999999997,3.88,-9.07,-12.0,435.5508223213529,437.76762470061965,420.1722412109375,420.1722412109375,117088400.0,-6.21,-2.78,3.93,-9.87,-13.930000000000001,386.9962020487002,388.68164998194356,374.99229360159353,375.5214538574219,8667200.0,-5.43,-2.54,3.45,-7.8,-10.35,45.310001373291016,50.93,-1
2025-04-07,482.40291724281104,515.9114550791749,475.115432610906,497.3821716308594,256611400.0,-0.18,-3.18,8.19,-9.83,-9.75,406.24500940343484,440.52125924890055,400.01207316550386,421.1861877441406,161557000.0,0.24,-3.3099999999999996,9.64,-9.65,-10.24,363.91926118559684,384.3307890659866,358.9609151548098,371.9447326660156,12718200.0,-0.95,-3.09,6.76,-9.6,-9.34,46.97999954223633,3.6900000000000004,-1
2025-04-08,514.6196148198313,517.6963226160137,482.3733180084264,489.5917663574219,165816600.0,-1.5699999999999998,3.47,7.1,-11.5,-10.42,435.57062951414565,440.5212103571544,407.36829126047905,413.6012268066406,101248100.0,-1.7999999999999998,3.42,7.870000000000001,-11.98,-11.65,385.57525989833584,386.43755616525067,363.5762534691436,368.9167785644531,7283000.0,-0.8099999999999999,3.66,6.15,-10.27,-9.049999999999999,52.33000183105469,11.39,-1
2025-04-09,486.59399925019795,541.0084228515625,486.20939567811143,541.0084228515625,241867300.0,10.5,-0.61,11.19,-2.82,-1.54,413.11415290728195,465.06529634282225,412.97496569005153,463.2461242675781,142876900.0,12.0,-0.12,12.590000000000002,-2.13,-2.1399999999999997,364.5659528832405,399.5977573027433,364.5659528832405,397.9220886230469,9861100.0,7.86,-1.18,9.5,-3.7800000000000002,-1.71,33.619998931884766,-35.75,1
2025-04-10,524.7866027854379,526.0981670837639,502.25365007002944,517.3019409179688,162331200.0,-4.38,-3.0,4.41,-2.26,-4.58,450.8796663706337,452.89766878987024,430.07336033484415,443.54327392578125,108384100.0,-4.25,-2.67,4.93,-0.9900000000000001,-4.590000000000001,391.5723115867467,392.1504552962733,376.5894689974871,387.7310485839844,6624200.0,-2.56,-1.6,3.91,-2.35,-3.02,40.720001220703125,21.12,-1
2025-04-11,515.7537548286505,528.9875485351057,512.8545420601603,526.5321044921875,97866300.0,1.78,-0.3,3.1199999999999997,5.67,-4.84,442.02233920712024,453.0965220504698,438.72195143296096,451.7147216796875,52483800.0,1.8399999999999999,-0.33999999999999997,3.2399999999999998,7.51,-5.12,386.5159430191901,395.97207441545527,384.80109945338296,393.83587646484375,3789900.0,1.5699999999999998,-0.31,2.88,4.88,-3.05,37.560001373291016,-7.76,1
2025-04-14,536.5017912856171,536.7286411738348,526.453165817952,531.6401977539062,68034000.0,0.97,1.8900000000000001,1.95,6.890000000000001,-4.66,461.7152518499013,462.30176158755654,449.955174921676,454.7765197753906,43941200.0,0.6799999999999999,2.21,2.73,7.9799999999999995,-5.1,399.2940655257863,399.6664065118454,393.6399610429205,397.27545166015625,2286200.0,0.8699999999999999,1.39,1.53,6.81,-3.1,30.889999389648438,-17.76,1
2025-04-15,532.1825399641931,535.6931457102869,529.3622343758641,530.151123046875,56892900.0,-0.27999999999999997,0.1,1.1900000000000002,8.28,-3.88,455.83024573579985,459.64754944257936,453.4543549864483,455.2834777832031,35404200.0,0.11,0.22999999999999998,1.3599999999999999,10.08,-3.34,397.6379930769018,399.82317491854957,395.4233852043232,395.5997619628906,2387300.0,-0.42,0.09,1.11,7.23,-2.8899999999999997,30.1200008392334,-2.4899999999999998,-1
2025-04-16,524.3034408726064,530.4273047249436,513.0714517926509,518.366943359375,83484800.0,-2.22,-1.0999999999999999,3.27,-4.19,-7.03,446.37639807774553,449.9451788691767,435.17301051795084,441.5550537109375,48980600.0,-3.02,-1.96,3.2399999999999998,-4.68,-7.5,394.2278775554207,396.16811153770664,386.12402670395966,388.7991638183594,3004400.0,-1.72,-0.35000000000000003,2.54,-2.29,-5.45,32.63999938964844,8.37,-1
2025-04-17,520.3194821276195,523.800475242003,516.6411916080497,519.1065063476562,79868100.0,0.13999999999999999,0.38,1.38,0.35000000000000003,-6.63,444.5274202476084,445.103979334769,438.75172707786896,441.4755554199219,44837000.0,-0.02,0.67,1.44,-0.47000000000000003,-7.199999999999999,383.80605785238293,386.68842914962886,381.8746734106142,383.6883850097656,4537500.0,-1.31,-1.28,1.24,-1.04,-6.619999999999999,29.649999618530273,-9.16,1
2025-04-21,513.9293002870572,514.4618467446136,501.40552056556845,506.7503356933594,69368100.0,-2.3800000000000003,-1.0,2.52,-3.7600000000000002,-8.88,435.6402443758458,436.4851969411389,425.40109511314887,430.55047607421875,44149300.0,-2.4699999999999998,-1.32,2.5100000000000002,-4.6899999999999995,-9.790000000000001,380.84510421822847,381.08041990144653,370.9333024637205,374.1391906738281,2881800.0,-2.4899999999999998,-0.74,2.64,-5.0,-9.01,33.81999969482422,14.06,-1
2025-04-22,512.9235348557764,521.9564215250564,511.9867032226325,519.9348754882812,75948100.0,2.6,1.22,1.97,-2.1999999999999997,-8.16,436.22677695266526,444.9349886334612,435.03385628214005,441.85333251953125,52304400.0,2.63,1.32,2.3,-2.8400000000000003,-9.41,378.50206109381423,384.9628768763714,377.6491200759939,384.1883544921875,3308100.0,2.69,1.17,1.95,-3.29,-7.86,30.56999969482422,-9.610000000000001,1
2025-04-23,532.9320165359907,537.8626460694973,526.4729038847668,527.9915161132812,90590700.0,1.55,2.5,2.19,-0.41000000000000003,-6.959999999999999,455.46243104941027,460.641633756553,450.20368411807647,451.8737487792969,55801100.0,2.27,3.08,2.36,-0.75,-7.88,391.4629489696994,395.83551369714394,387.15898933254215,388.1492004394531,4049200.0,1.03,1.8900000000000001,2.26,-1.8800000000000001,-6.98,28.450000762939453,-6.93,1
2025-04-24,529.2734571828396,539.8348871004667,528.0211182344198,539.1051635742188,64150400.0,2.1,0.24,2.2399999999999998,4.0,-3.85,453.7823774307529,464.89630034955155,453.13619442842605,464.588134765625,45956100.0,2.81,0.42,2.6,5.220000000000001,-3.52,387.75703633046413,393.8060723305126,386.08053501367044,393.11981201171875,4010500.0,1.28,-0.1,1.9900000000000002,1.11,-5.43,26.469999313354492,-6.959999999999999,1
2025-04-25,539.0657941930334,543.4047124173812,536.1468396073658,543.0004272460938,61119600.0,0.72,-0.01,1.35,4.6,-2.9000000000000004,464.2104027176438,470.29423120888106,462.63975320893314,469.7673645019531,38697100.0,1.11,-0.08,1.6500000000000001,6.41,-1.8800000000000001,392.0413894155128,393.5021722367772,389.3551096181918,393.1590270996094,1790800.0,0.01,-0.27,1.05,2.4699999999999998,-5.140000000000001,24.84000015258789,-6.16,1
2025-04-28,543.7400050325934,545.8700106135369,537.4583875113086,543.2074584960938,47613800.0,0.04,0.13999999999999999,1.55,7.19,-0.8699999999999999,470.23458681729716,472.0040665388327,463.27595392675005,469.6182556152344,33550800.0,-0.03,0.1,1.8599999999999999,9.07,0.74,393.9237334276309,396.24730081122954,390.90412206298595,394.384521484375,1534700.0,0.31,0.19,1.3599999999999999,5.41,-3.16,25.149999618530273,1.25,1
2025-04-29,541.294298062473,547.7435994540236,540.9393072120234,546.6292724609375,47775100.0,0.63,-0.35000000000000003,1.25,5.13,-0.91,467.3915381780168,473.60460372916896,466.81494870601875,472.7198486328125,30613100.0,0.66,-0.47000000000000003,1.4500000000000002,6.99,1.41,394.51190093288227,398.35507183873403,394.3158394078957,397.2668151855469,1888100.0,0.73,0.03,1.02,3.4000000000000004,-3.45,24.170000076293945,-3.9,1
2025-04-30,539.9729233205555,548.7987614609631,534.0068741379372,546.84619140625,93101500.0,0.04,-1.22,2.71,3.5700000000000003,-1.15,464.36944608517086,474.37994353629085,459.6972091439361,472.66015625,46810600.0,-0.01,-1.77,3.11,4.6,0.59,394.54139766589105,399.78653079219526,389.619812501345,398.374755859375,2487400.0,0.27999999999999997,-0.69,2.56,2.63,-3.11,24.700000762939453,2.19,1
2025-05-01,552.5954041380958,556.2440822591161,550.1202183270924,550.7217407226562,63186100.0,0.7100000000000001,1.05,1.1199999999999999,2.15,-1.0699999999999998,480.5532222946606,484.300932012728,477.898987697636,478.83343505859375,43316500.0,1.31,1.67,1.35,3.0700000000000003,1.16,400.5413872768755,402.87473811758224,399.04138029632935,399.4335632324219,1917600.0,0.27,0.54,0.96,1.6099999999999999,-3.4099999999999997,24.600000381469727,-0.4,1
2025-05-02,556.894803218062,560.4941864598073,554.5774316657111,558.8966674804688,60717300.0,1.48,1.1199999999999999,1.0699999999999998,2.93,5.6000000000000005,483.66477784831574,488.00894827712347,481.9648613296433,485.94122314453125,39218100.0,1.48,1.01,1.26,3.44,8.469999999999999,403.7080794741337,405.7571066492734,402.28649113800765,404.9433898925781,2277700.0,1.38,1.0699999999999998,0.8699999999999999,3.0,1.9800000000000002,22.68000030517578,-7.8,1
2025-05-05,554.7647508459208,558.78816061684,553.9068262887279,555.6917114257812,38659200.0,-0.5700000000000001,-0.74,0.8699999999999999,2.3,11.52,481.73622270162116,486.14003597307794,481.2391774925475,483.058349609375,28309500.0,-0.59,-0.8699999999999999,1.01,2.86,14.97,402.76696645708427,406.31600113393824,402.414007747905,404.1787414550781,3866000.0,-0.19,-0.54,0.96,2.48,7.630000000000001,23.639999389648438,4.2299999999999995,-1
2025-05-06,550.1892553966732,555.5340413030556,549.2327420958744,551.0471801757812,48264700.0,-0.84,-0.9900000000000001,1.13,0.8099999999999999,10.79,476.7260509682911,482.1835982566641,475.3641517994955,478.56512451171875,32786300.0,-0.9299999999999999,-1.31,1.41,1.24,13.62,400.4629289317694,403.6688176728674,399.52175580105927,400.2374267578125,1745600.0,-0.98,-0.9199999999999999,1.03,0.75,7.61,24.760000228881836,4.74,-1
2025-05-07,552.3784980322621,555.9975635671368,548.325474465382,553.3646240234375,55588000.0,0.42,0.24,1.39,1.1900000000000002,13.03,479.2311171129095,482.9291348492083,473.9624497932624,480.44390869140625,38006300.0,0.38999999999999996,0.13999999999999999,1.87,1.6500000000000001,16.16,401.82569521529666,404.7080661887387,400.14922390849273,402.99237060546875,2420600.0,0.69,0.4,1.1400000000000001,1.16,9.24,23.549999237060547,-4.89,1
2025-05-08,557.3977713110521,562.3974366423718,553.9069074354913,557.2202758789062,65130800.0,0.7000000000000001,0.73,1.53,1.18,3.0,485.64296040526176,489.78833053818073,481.30874101495374,485.4043884277344,39577600.0,1.03,1.08,1.76,1.37,4.78,405.00219791398195,409.56104013266463,403.50219099249654,405.76690673828125,2001000.0,0.69,0.5,1.5,1.59,1.97,22.479999542236328,-4.54,1
2025-05-09,558.6206398834757,559.6265076685456,554.9522800363936,556.5103759765625,37603400.0,-0.13,0.25,0.84,-0.43,7.580000000000001,487.31305654497106,488.63521379310254,483.326774588034,485.0863037109375,27767400.0,-0.06999999999999999,0.38999999999999996,1.09,-0.18,9.370000000000001,406.3159942388545,407.0316952763216,403.50225784123063,404.3356018066406,1789200.0,-0.35000000000000003,0.13999999999999999,0.8699999999999999,-0.15,4.279999999999999,21.899999618530273,-2.58,-1
2025-05-12,573.4026196086874,574.9114211824733,569.0340889310521,574.9015502929688,78993600.0,3.3000000000000003,3.04,1.06,3.46,9.19,503.99388239825186,504.88858802841014,498.51646492128515,504.84881591796875,45090600.0,4.07,3.9,1.31,4.51,11.76,414.66890803960956,415.9826370670256,412.83556954672775,415.9140319824219,2398600.0,2.86,2.56,0.7799999999999999,2.9000000000000004,5.609999999999999,18.389999389648438,-16.03,1
2025-05-13,575.3156554869938,580.9070323903663,574.7536167184122,578.6981201171875,67947200.0,0.66,0.06999999999999999,1.0699999999999998,5.0200000000000005,8.85,506.1510665570221,514.3324413872226,505.4154493764172,512.5430908203125,53269600.0,1.52,0.26,1.77,7.1,12.7,414.3944850565605,415.6788036264607,413.159204322379,413.2474365234375,3018000.0,-0.64,-0.37,0.61,3.25,4.02,18.219999313354492,-0.9199999999999999,1
2025-05-14,579.6546629482465,580.8084133986617,577.4161378946785,579.437744140625,66283500.0,0.13,0.16999999999999998,0.59,4.71,9.3,513.7161819509431,516.1616058199734,512.7021901958013,515.6148681640625,47014500.0,0.6,0.22999999999999998,0.67,7.32,13.25,413.80612867767894,414.37477593448045,411.38454586047686,412.3061218261719,3064800.0,-0.22999999999999998,0.13999999999999999,0.72,2.31,4.22,18.6200008392334,2.1999999999999997,1
2025-05-15,577.4358426248243,582.770756919371,576.9822030720642,582.2678833007812,71268100.0,0.49,-0.35000000000000003,1.0,4.5,12.33,513.4676100523011,518.8456125999866,512.125551562593,516.1814575195312,50153300.0,0.11,-0.42,1.3,6.34,16.900000000000002,410.33554528046176,415.37477247023884,410.2865074577609,415.1787109375,3927000.0,0.7000000000000001,-0.48,1.23,2.32,6.78,17.829999923706055,-4.24,1
2025-05-16,583.0469103495059,586.2518193704545,581.1042713102905,585.9559936523438,76052100.0,0.63,0.13,0.88,5.29,12.879999999999999,517.5830873308704,518.6169801912382,514.0441278903378,518.4281005859375,48394600.0,0.44,0.27,0.89,6.87,17.43,415.7497335686101,418.7324181670086,414.5331252204485,418.5067443847656,2430300.0,0.8,0.13999999999999999,1.01,3.5000000000000004,9.07,17.239999771118164,-3.3099999999999996,1
2025-05-19,579.9406348417033,587.27741416191,579.9406348417033,586.5969848632812,68168500.0,0.11,-1.03,1.25,2.03,15.76,511.201128732598,519.4421784495908,511.201128732598,518.9252319335938,52536200.0,0.1,-1.39,1.59,2.79,20.53,415.71052959714325,420.57699316849744,415.64184236327924,419.96868896484375,3121500.0,0.35000000000000003,-0.67,1.18,0.97,12.25,18.139999389648438,5.220000000000001,1
2025-05-20,584.8614155899625,585.8080578995526,581.419785763877,584.6246948242188,60614500.0,-0.33999999999999997,-0.3,0.75,1.02,12.44,516.4001746478178,517.8515686536134,513.6067827063093,517.1954956054688,42517600.0,-0.33,-0.49,0.8200000000000001,0.91,17.05,419.3407382911106,420.125671079557,417.01543291820406,418.9188537597656,1971000.0,-0.25,-0.15,0.74,1.37,9.04,18.09000015258789,-0.27999999999999997,-1
2025-05-21,580.2759146876367,584.3584902721909,573.7477661832594,574.7733154296875,95197700.0,-1.69,-0.74,1.81,-0.8,8.86,513.2191016405527,519.909311026266,508.2187974987168,510.0081481933594,71292800.0,-1.39,-0.77,2.26,-1.09,12.870000000000001,415.11197979226483,416.56408288136345,410.20626252897193,410.85382080078125,3624800.0,-1.9300000000000002,-0.91,1.52,-0.35000000000000003,5.8500000000000005,20.8700008392334,15.370000000000001,-1
2025-05-22,574.5760350084579,578.4811148637216,573.3433777523152,575.0001220703125,70860400.0,0.04,-0.03,0.89,-1.25,6.660000000000001,510.6245069423915,514.6506220653856,509.2725584046473,510.9625244140625,55607200.0,0.19,0.12,1.05,-1.01,9.98,409.99041759448136,413.2085669829202,409.4998458587918,410.9225158691406,2638600.0,0.02,-0.21,0.8999999999999999,-1.03,4.53,20.280000686645508,-2.83,1
2025-05-23,567.9887994120531,573.7379304924723,567.6140667399493,571.0753784179688,76029000.0,-0.6799999999999999,-1.22,1.0699999999999998,-2.54,5.17,503.1887069260503,508.8152626278632,502.59224657648224,506.2306213378906,58368100.0,-0.9299999999999999,-1.52,1.22,-2.35,7.76,406.13457460866454,410.284822718028,406.0266332453025,408.4794921875,3117800.0,-0.59,-1.17,1.04,-2.4,3.9,22.290000915527344,9.91,-1
2025-05-27,577.938827709351,583.1061179228353,570.4048112020747,582.9483642578125,72588500.0,2.08,1.2,2.22,-0.62,7.32,513.099785560271,518.6269257716245,511.5490069592283,518.1397705078125,47226300.0,2.35,1.3599999999999999,1.4000000000000001,-0.15,10.33,412.7670397807842,415.8674265713914,411.28550366737335,415.8576354980469,3126600.0,1.81,1.05,1.1199999999999999,-0.98,5.4399999999999995,18.959999084472656,-14.940000000000001,1
2025-05-28,583.3526236048898,584.545857588394,578.8460211072919,579.5757446289062,68445500.0,-0.58,0.06999999999999999,0.98,-0.86,6.03,519.0941399870436,520.5852756508032,515.326559052752,515.8434448242188,46637200.0,-0.44,0.18,1.01,-0.26,9.120000000000001,415.73991916777527,416.81915299433314,412.8062799317121,413.4734802246094,1790900.0,-0.5700000000000001,-0.03,0.96,-1.3,4.08,19.309999465942383,1.8499999999999999,-1
2025-05-29,584.8318350718904,584.9699071457442,577.9388245287198,581.8635864257812,69973300.0,0.38999999999999996,0.91,1.21,1.23,6.4,523.21968658337,523.3687637584553,514.2629211840699,516.8574829101562,58513300.0,0.2,1.43,1.77,1.34,9.35,414.493896484375,415.0433344779795,410.68705471288297,414.493896484375,2751400.0,0.25,0.25,1.05,0.89,4.05,19.18000030517578,-0.67,1
2025-05-30,580.7591289651484,582.9286180198035,575.1480700909575,581.2127685546875,90601200.0,-0.11,-0.19,1.34,1.08,5.54,516.3704252863041,517.6030879261964,508.90479514932304,516.0423583984375,67662800.0,-0.16,-0.09,1.68,0.9900000000000001,7.7700000000000005,414.19956495114025,416.26976347087015,411.5995405302443,414.8765563964844,2957500.0,0.09,-0.06999999999999999,1.13,0.96,3.8699999999999997,18.56999969482422,-3.18,-1
2025-06-02,579.605419698203,584.5656021144322,576.9428674958667,584.4867553710938,61630500.0,0.5599999999999999,-0.27999999999999997,1.31,2.35,4.58,514.18335129797,520.3566750351536,512.9208369697641,520.1181030273438,44762800.0,0.79,-0.36,1.44,2.74,7.03,413.36556797134165,415.85768085949513,411.1776071745707,415.7203063964844,2636100.0,0.2,-0.36,1.13,1.77,2.6599999999999997,18.360000610351562,-1.13,1
2025-06-03,584.121791379625,588.7960181097066,583.6385391723649,587.8197631835938,63606200.0,0.5700000000000001,-0.06,0.88,0.84,5.779999999999999,520.4660102317107,525.6153916465726,519.6011563664897,524.1838989257812,44070300.0,0.7799999999999999,0.06999999999999999,1.16,1.17,8.51,415.0923948933737,418.33015652239067,414.5037027947913,417.9769592285156,2332600.0,0.54,-0.15,0.9199999999999999,0.51,3.4099999999999997,17.690000534057617,-3.65,1
2025-06-04,588.6776647088699,589.6539195966438,587.2280285207049,587.6619262695312,57314200.0,-0.03,0.15,0.41000000000000003,1.4000000000000001,6.64,524.889745168766,526.7089478092026,522.8617616763219,525.645263671875,41359300.0,0.27999999999999997,0.13,0.73,1.9,9.84,418.3399424470923,419.10523312841667,416.8485852635012,416.9270935058594,2163300.0,-0.25,0.09,0.54,0.84,4.17,17.610000610351562,-0.44999999999999996,-1
2025-06-05,589.3383724752952,590.6893600195378,582.8496477946317,584.8218994140625,92278700.0,-0.48,0.29,1.3299999999999998,0.51,5.680000000000001,527.0468829475419,529.8999177687056,519.5713031286073,521.688720703125,61031200.0,-0.75,0.27,1.96,0.9299999999999999,8.58,417.91813902375173,418.77172918671675,414.8863788735883,415.9754638671875,3018800.0,-0.22999999999999998,0.24,0.9299999999999999,0.36,3.2199999999999998,18.479999542236328,4.9399999999999995,-1
2025-06-06,590.3540722792903,592.4940086999786,588.5790577947733,590.8274536132812,66588700.0,1.03,0.95,0.67,1.6500000000000001,6.03,526.8679353376542,528.6572860020211,525.0885352856423,526.7883911132812,42467000.0,0.98,0.9900000000000001,0.6799999999999999,2.08,8.53,419.71361497071825,421.9800543289341,418.5067975435392,420.30230712890625,3081100.0,1.04,0.8999999999999999,0.83,1.31,3.58,16.770000457763672,-9.25,1
2025-06-09,591.3993476813894,592.9081490758875,590.1864321834666,591.3599243164062,53016400.0,0.09,0.1,0.45999999999999996,1.18,6.260000000000001,527.0070935472497,529.2039944759547,525.8837665533798,527.5637817382812,33688700.0,0.15,0.04,0.63,1.43,8.76,420.4396403760371,421.6170246607991,418.38905386614636,420.28265380859375,2680200.0,-0.0,0.03,0.77,1.0999999999999999,3.94,17.15999984741211,2.33,1
2025-06-10,591.8924637491524,595.0973729509094,590.7781968461302,594.7128295898438,66247000.0,0.5700000000000001,0.09,0.73,1.17,3.45,528.0310266756026,531.7390254485366,525.7645319173196,531.0531005859375,40664800.0,0.66,0.09,1.13,1.31,5.19,420.1943045419236,421.98981386569784,419.80185314101794,421.509033203125,2022600.0,0.29,-0.02,0.52,0.8500000000000001,1.35,16.950000762939453,-1.22,1
2025-06-11,595.8073544523882,596.6652790904382,590.9556323288738,593.0166015625,73658200.0,-0.29,0.18,0.96,0.91,2.4699999999999998,532.4547240748923,533.607902979141,526.9772759658763,529.263671875,53701000.0,-0.33999999999999997,0.26,1.25,0.69,3.26,421.75431399990083,423.91284159210977,420.09620909667217,421.4992370605469,3025000.0,-0.0,0.06,0.91,1.0999999999999999,2.0,17.260000228881836,1.83,-1
2025-06-12,591.6853124635808,595.3734130859375,591.2021204830944,595.3734130859375,64129000.0,0.4,-0.22,0.7000000000000001,1.7999999999999998,2.75,527.9515275399644,531.4805365276557,527.703004925698,530.5062866210938,34104900.0,0.22999999999999998,-0.25,0.7100000000000001,1.69,2.8899999999999997,420.12563956895383,422.4313027353903,418.9188223396771,422.3724365234375,2587700.0,0.21,-0.33,0.83,1.54,2.44,18.020000457763672,4.3999999999999995,1
2025-06-13,590.1962907494013,593.4997881009825,587.2181715759101,588.7171020507812,89506000.0,-1.1199999999999999,-0.8699999999999999,1.06,-0.36,1.11,524.5616632957901,528.7269048823287,522.6231747023902,523.845947265625,55814400.0,-1.26,-1.1199999999999999,1.15,-0.5599999999999999,1.48,418.07504184216907,418.8697956228379,413.6501050238524,414.8372802734375,4826100.0,-1.78,-1.02,1.24,-1.3,-0.08,20.81999969482422,15.540000000000001,-1
2025-06-16,592.0700235861916,596.0638215052488,591.8924679557008,594.318359375,79984100.0,0.95,0.5700000000000001,0.7100000000000001,0.5,1.43,527.3649873706377,532.2062030416474,527.3152949826874,531.132568359375,37622100.0,1.39,0.67,0.9299999999999999,0.6799999999999999,2.45,417.03497365817003,420.12559919932636,416.86819605437,418.2417907714844,3177100.0,0.8200000000000001,0.53,0.79,-0.49,-0.06,19.110000610351562,-8.21,1
2025-06-17,591.8826171802143,593.4012293190596,588.4804709653109,589.2398071289062,82209400.0,-0.8500000000000001,-0.41000000000000003,0.83,-0.9199999999999999,0.44999999999999996,528.5677704245282,530.178191841852,524.7901787794913,525.9533081054688,42180900.0,-0.98,-0.48,1.01,-0.96,1.35,416.4561720610662,418.3792349275799,414.39576467101523,415.1316223144531,2450200.0,-0.74,-0.43,0.95,-1.51,-1.15,21.600000381469727,13.03,-1
2025-06-18,590.1371879149127,592.8785866278505,588.1944885876793,589.1510620117188,76605000.0,-0.02,0.15,0.79,-0.65,0.77,526.9672562637179,529.4027896913979,524.2832609295995,525.8638305664062,43983500.0,-0.02,0.19,0.97,-0.64,1.68,415.6810956399111,418.17317866642827,414.26824655076973,414.8667297363281,2786700.0,-0.06,0.13,0.9400000000000001,-1.5699999999999998,-0.97,20.139999389648438,-6.76,-1
2025-06-20,591.8224395288368,592.8906208578056,586.3629131433069,587.7673950195312,94051400.0,-0.22999999999999998,0.44999999999999996,1.11,-1.28,2.26,529.1145785233912,530.4068839390565,521.7781863439574,523.7166748046875,61643500.0,-0.41000000000000003,0.62,1.6400000000000001,-1.28,2.69,416.5679136596689,417.33538057488767,413.9604959366349,414.9837951660156,3810500.0,0.03,0.41000000000000003,0.8099999999999999,-1.7500000000000002,1.01,20.6200008392334,2.3800000000000003,-1
2025-06-23,588.5189525073708,593.9586781700418,585.403509483969,593.572998046875,87426000.0,0.9900000000000001,0.13,1.46,0.8200000000000001,3.2300000000000004,524.2849177292203,529.6192118620138,521.1400908129034,529.1017456054688,50666100.0,1.03,0.11,1.6199999999999999,1.0,3.55,415.21995401718124,419.11632242923326,412.87818738684456,418.88018798828125,4315000.0,0.9400000000000001,0.06,1.5,0.97,1.94,19.829999923706055,-3.83,1
2025-06-24,597.7072691809916,601.1886530620405,596.7973078378046,600.1304321289062,67735300.0,1.0999999999999999,0.7000000000000001,0.74,0.98,5.09,534.3166475371182,538.1083833993794,533.6996241180443,537.1928100585938,45442000.0,1.53,0.9900000000000001,0.83,1.1400000000000001,6.12,421.64501409949423,424.793613254736,420.8086646338269,423.86871337890625,4958200.0,1.1900000000000002,0.66,0.95,1.35,3.7699999999999996,17.479999542236328,-11.85,1
2025-06-25,601.2480567175604,601.9403976853833,598.9040337181215,600.4667358398438,62114800.0,0.06,0.19,0.51,1.91,3.01,539.4618115177252,540.7058200544818,536.7946645040316,538.5661010742188,44804200.0,0.26,0.42,0.73,2.4,3.94,423.82938961575934,423.9868225918432,421.6253880051258,422.95367431640625,3265500.0,-0.22,-0.01,0.5599999999999999,1.8800000000000001,1.71,16.760000228881836,-4.12,1
2025-06-26,602.3161684365299,605.5997923429508,601.7029677445283,605.1646118164062,78548400.0,0.7799999999999999,0.31,0.65,2.7199999999999998,4.42,540.745568102249,544.0496618306095,538.9243834682991,543.601806640625,43811400.0,0.9400000000000001,0.4,0.95,3.37,5.38,423.8982029145735,427.2140537332928,423.87850502873766,426.9582214355469,2444800.0,0.95,0.22,0.79,2.91,3.26,16.59000015258789,-1.01,1
2025-06-27,606.1636033457827,609.6351477759472,604.1360808658505,608.1713256835938,86258400.0,0.5,0.16999999999999998,0.91,3.47,4.52,544.6369129629151,547.3538082383178,541.9299187322695,545.4629516601562,57577100.0,0.33999999999999997,0.19,1.0,4.15,5.53,428.15867402986305,432.4978245455925,428.10948936375854,430.962890625,3621000.0,0.9400000000000001,0.27999999999999997,1.03,3.85,3.9699999999999998,16.31999969482422,-1.63,1
2025-06-30,610.6142811588834,612.4340832221852,608.2998981128763,611.0791015625,92502500.0,0.48,0.4,0.6799999999999999,2.9499999999999997,5.140000000000001,548.6176661963601,550.1502626778538,546.3784510763179,548.995849609375,45548700.0,0.65,0.58,0.69,3.7600000000000002,6.39,433.37357431022673,434.170558139087,431.6123247253499,433.5703430175781,2827800.0,0.61,0.5599999999999999,0.59,3.51,4.51,16.729999542236328,2.5100000000000002,1
2025-07-01,609.6053240034818,612.0482867750753,608.7745633308022,610.8812255859375,70030100.0,-0.03,-0.24,0.54,1.79,4.52,547.0950823478822,548.0704264374054,542.0493759591154,544.3682250976562,56166700.0,-0.84,-0.35000000000000003,1.0999999999999999,1.34,4.66,433.11768805734926,438.8048224638073,432.93073829090594,437.7421875,4520300.0,0.96,-0.1,1.35,3.27,5.3,16.829999923706055,0.6,-1
2025-07-02,610.4757300098587,613.6901136433279,609.8526292762224,613.6505737304688,66510400.0,0.44999999999999996,-0.06999999999999999,0.63,2.1999999999999997,4.390000000000001,543.5421378206258,548.3589656247289,543.5023514145969,548.159912109375,36538300.0,0.7000000000000001,-0.15,0.89,1.78,4.569999999999999,437.5355771878287,438.2440105665842,436.24662660009255,437.5650939941406,3141700.0,-0.04,-0.05,0.45999999999999996,3.45,4.6899999999999995,16.639999389648438,-1.13,1
2025-07-03,615.628656191773,619.4167005776212,615.6088560521965,618.4869995117188,51065800.0,0.79,0.32,0.62,2.1999999999999997,5.25,550.528547956803,554.5292991491806,550.528547956803,553.553955078125,26443500.0,0.98,0.43,0.73,1.83,5.3100000000000005,438.5096448768335,441.64836503600736,438.4112455239112,440.8907470703125,2807100.0,0.76,0.22,0.74,3.26,5.75,16.3799991607666,-1.5599999999999998,1
2025-07-07,616.5286747873084,617.1913758193931,611.0988485499288,613.8780517578125,74814500.0,-0.75,-0.32,0.9900000000000001,0.9400000000000001,4.97,550.8668816007689,551.682958457329,546.9457644201566,549.384033203125,45349300.0,-0.75,-0.49,0.86,0.72,5.3100000000000005,440.19215496844265,440.6447559512044,434.4656550399288,436.866455078125,3657500.0,-0.91,-0.16,1.4000000000000001,1.37,5.0200000000000005,17.790000915527344,8.61,-1
2025-07-08,614.5407510631024,615.292432065008,612.7308490554623,613.5418701171875,59024600.0,-0.05,0.11,0.42,0.4,3.84,550.7276203014773,551.3546055319305,548.4585193260065,549.692626953125,36153300.0,0.06,0.24,0.53,0.13,4.35,436.5614725011915,437.24038904245276,434.94780709086945,435.27252197265625,3563200.0,-0.36,-0.06999999999999999,0.52,0.38999999999999996,3.56,16.809999465942383,-5.510000000000001,-1
2025-07-09,615.9451060594848,617.8736877890219,614.1054438519088,617.220947265625,66113300.0,0.6,0.38999999999999996,0.61,1.04,4.37,551.8222657361728,554.957191559505,550.448875446199,553.5838012695312,43045500.0,0.7100000000000001,0.38999999999999996,0.8200000000000001,1.69,4.93,437.2501961509954,438.44074720667675,435.17408097682045,437.3780822753906,3251900.0,0.48,0.44999999999999996,0.75,-0.08,4.07,15.9399995803833,-5.18,1
2025-07-10,617.3594891460615,620.0002120765442,616.1825277796053,618.9617309570312,57529000.0,0.27999999999999997,0.02,0.62,0.8699999999999999,4.08,554.2207589895446,554.6287670725607,550.1005880395711,552.7876586914062,34710900.0,-0.13999999999999999,0.12,0.8200000000000001,0.84,4.09,437.2403901679001,440.61527499474363,436.5713225689916,439.3263244628906,2262600.0,0.44999999999999996,-0.03,0.9199999999999999,0.4,4.2299999999999995,15.779999732971191,-1.0,1
2025-07-11,615.9154056597896,618.0121678287132,614.7187046395575,616.7857666015625,63670200.0,-0.35000000000000003,-0.49,0.53,-0.27999999999999997,4.01,550.647990624161,553.126046198862,549.4039819426756,551.543701171875,39618600.0,-0.22999999999999998,-0.38999999999999996,0.67,-0.36,4.21,436.5418197725107,437.31910567239066,435.6464366214436,436.44342041015625,3345500.0,-0.66,-0.63,0.38,-1.01,3.55,16.399999618530273,3.93,-1
2025-07-14,616.3308265898004,618.3089087938923,614.9857451789246,617.9627685546875,51898500.0,0.19,-0.06999999999999999,0.54,0.67,3.7900000000000005,551.3346156245823,554.2804496744797,548.9859421113066,553.5440063476562,36453300.0,0.36,-0.04,0.96,0.76,4.34,435.990780787514,437.61429516630824,435.3709278741188,437.4371643066406,2244700.0,0.22999999999999998,-0.1,0.51,0.13,3.5700000000000003,17.200000762939453,4.88,1
2025-07-15,620.6430672331502,620.9793073894895,615.2428812967698,615.322021484375,74317300.0,-0.43,0.43,0.9299999999999999,0.29,4.52,557.5646843377589,558.112036002509,553.9918647207423,554.0515747070312,43277700.0,0.09,0.73,0.74,0.79,5.7700000000000005,437.43718779321244,438.01773504269323,433.06855022314386,433.078369140625,3810700.0,-1.0,0.0,1.13,-0.5,4.3999999999999995,17.3799991607666,1.05,-1
2025-07-16,616.9045519994012,617.883693134462,611.2769051241828,617.3792724609375,88987500.0,0.33,0.26,1.0699999999999998,0.03,3.88,554.6089344039383,557.5248833529374,548.9163193085661,554.6188354492188,52314700.0,0.1,0.1,1.55,0.19,4.42,434.76090183451953,435.49885206125583,430.6087307182639,435.25286865234375,4230300.0,0.5,0.38999999999999996,1.13,-0.49,4.07,17.15999984741211,-1.27,1
2025-07-17,617.557284919235,621.5134493059918,617.3396644874989,621.1573486328125,68885700.0,0.61,0.03,0.6799999999999999,0.35000000000000003,5.42,555.3453881761403,559.6148040205102,554.5392729959415,559.1072387695312,40423800.0,0.8099999999999999,0.13,0.9199999999999999,1.1400000000000001,6.3,434.94784227886356,438.45064354430224,434.87898974657446,438.0669250488281,3790800.0,0.65,-0.06999999999999999,0.8200000000000001,-0.29,5.52,16.520000457763672,-3.73,1
2025-07-18,622.4036365954075,622.5717567026577,619.5947932954602,620.7025146484375,65621600.0,-0.06999999999999999,0.2,0.48,0.64,5.36,560.4208944407413,562.0231629422733,557.2959302535468,558.56982421875,50484700.0,-0.1,0.22999999999999998,0.8500000000000001,1.27,6.22,438.7471321961817,438.79633687226203,435.1936714223306,436.3158264160156,3901900.0,-0.4,0.16,0.8200000000000001,-0.03,5.17,16.40999984741211,-0.67,-1
2025-07-21,621.8794555664062,624.6190586454088,621.4541750937276,621.8794555664062,63375000.0,0.19,0.19,0.51,0.63,5.800000000000001,559.3958946507648,563.3468370391857,559.3660092861638,561.4658813476562,39595200.0,0.52,0.15,0.7100000000000001,1.43,7.21,437.24108425472133,439.0227260225497,436.197692833987,436.49298095703125,2548800.0,0.04,0.21,0.65,-0.22,5.18,16.649999618530273,1.46,1
2025-07-22,622.2058050575365,622.828905853138,619.3277216791315,621.9684448242188,60046300.0,0.01,0.05,0.5599999999999999,1.08,4.78,561.5951830334812,561.6449312247784,555.9324539325285,558.559814453125,43270600.0,-0.52,0.02,1.02,0.8099999999999999,5.57,435.9220288651752,438.4714797051623,435.90235300444476,437.9891357421875,3091600.0,0.33999999999999997,-0.13,0.59,1.13,4.5600000000000005,16.5,-0.8999999999999999,1
2025-07-23,624.6288825447934,627.259765625,622.8288205336723,627.259765625,70511000.0,0.8500000000000001,0.43,0.7100000000000001,1.6,4.52,559.6446191045442,561.1473303500087,556.8978386154415,561.1075439453125,40215300.0,0.45999999999999996,0.19,0.76,1.17,4.45,440.2432713690667,443.1962726303461,439.35737699857935,443.1568908691406,5486500.0,1.18,0.51,0.88,1.82,4.55,15.369999885559082,-6.8500000000000005,1
2025-07-24,627.6454273719465,629.1784892953694,627.0421268182102,627.4674072265625,71307100.0,0.03,0.06,0.33999999999999997,1.02,4.5,562.4212998555654,563.5259649748344,560.590092369004,562.3018798828125,42275500.0,0.21,0.22999999999999998,0.52,0.5700000000000001,4.41,440.00705940206745,442.09384224156025,439.7511230026824,440.10546875,5078300.0,-0.69,-0.7100000000000001,0.53,0.47000000000000003,4.06,15.390000343322754,0.13,1
2025-07-25,628.1301809903662,630.5928838363332,627.8829206987424,630.1181030273438,56865400.0,0.42,0.11,0.43,1.52,4.12,562.2222340881906,564.9789766749151,561.5654242523398,563.6553344726562,30630800.0,0.24,-0.01,0.61,0.91,3.6900000000000004,440.51882614369936,442.36937816564193,439.4163772896429,441.9854736328125,3710600.0,0.43,0.09,0.67,1.3,3.52,14.930000305175781,-2.9899999999999998,1
2025-07-28,630.4939604147171,631.0478210681617,628.5752180855901,629.9598999023438,54917100.0,-0.03,0.06,0.38999999999999996,1.3,3.58,565.0187020627711,566.3124587614624,564.1528770013529,565.4168090820312,31498700.0,0.31,0.24,0.38,0.7000000000000001,3.66,441.63118663839646,442.4383475279141,440.3712406321054,441.3161926269531,2864200.0,-0.15,-0.08,0.47000000000000003,1.0999999999999999,2.4,15.029999732971191,0.67,-1
2025-07-29,631.3543820995848,631.6708825055948,627.3883778702398,628.2982788085938,60556300.0,-0.26,0.22,0.6799999999999999,1.02,2.82,568.0242394036405,569.3677442783611,563.8145341030877,564.541015625,45463300.0,-0.15,0.45999999999999996,0.98,1.0699999999999998,2.83,441.6016631558595,441.81821778640455,438.668337712928,439.4853515625,3146200.0,-0.41000000000000003,0.06,0.7100000000000001,0.33999999999999997,1.3599999999999999,15.979999542236328,6.32,-1
2025-07-30,628.9509803708415,630.6917023127537,624.6189756546709,627.5070190429688,80418900.0,-0.13,0.1,0.97,0.04,2.7199999999999998,565.4566917408055,567.8849991894002,562.3416890497874,565.2974853515625,43433800.0,0.13,0.16,0.98,0.75,3.84,439.71169954061463,440.371216338223,435.6759253551495,437.7922668457031,3765000.0,-0.38999999999999996,0.05,1.0699999999999998,-1.21,0.01,15.479999542236328,-3.1300000000000003,-1
2025-07-31,632.4522656090571,632.8379457731452,623.8574957354674,625.1531372070312,103385200.0,-0.38,0.79,1.43,-0.37,1.87,571.7861703841629,571.8757657350329,561.1673293990499,562.3018798828125,64613600.0,-0.53,1.15,1.8900000000000001,0.0,2.58,438.2941699765659,439.2096229683459,433.5989099610061,434.4158935546875,4223300.0,-0.77,0.11,1.28,-1.29,-0.72,16.719999313354492,8.01,-1
2025-08-01,619.4364414435403,619.476041722763,612.5032535330552,614.9066162109375,140103600.0,-1.6400000000000001,-0.91,1.1199999999999999,-2.41,-0.58,556.1514446022372,556.3405363278684,549.0356915374143,551.2251586914062,69400800.0,-1.97,-1.09,1.3,-2.21,-0.42,430.8920866341455,430.9019395839956,426.61022893725203,428.8938903808594,5980000.0,-1.27,-0.8099999999999999,0.9900000000000001,-2.96,-2.7199999999999998,20.3799991607666,21.89,-1
2025-08-04,618.813325728958,624.3024917393647,618.7243458354196,624.2530517578125,73218000.0,1.52,0.64,0.91,-0.91,1.69,556.3703965814645,561.6151562999452,556.2709001900665,561.3961791992188,47669800.0,1.8499999999999999,0.9299999999999999,0.97,-0.7100000000000001,2.19,431.0201551057884,434.97716677308324,430.73468984905054,434.8885803222656,5065800.0,1.4000000000000001,0.5,0.9900000000000001,-1.46,-0.44999999999999996,17.520000457763672,-14.030000000000001,1
2025-08-05,624.8662177521945,625.6772386500149,620.168272806011,621.0880737304688,68051400.0,-0.51,0.1,0.88,-1.15,1.23,562.6800492447384,563.8444243211386,557.047144120063,557.5845947265625,48666600.0,-0.6799999999999999,0.22999999999999998,1.21,-1.23,1.44,434.87869887149674,436.05991155063384,432.3292777111874,434.22906494140625,4081600.0,-0.15,-0.0,0.86,-1.2,-0.24,17.850000381469727,1.8800000000000001,-1
2025-08-06,622.1562946160922,626.4981995520814,621.2463937026511,625.845458984375,64357500.0,0.77,0.16999999999999998,0.8500000000000001,-0.26,1.4000000000000001,558.4205125100245,565.0386624956789,557.9428326498341,564.6007690429688,41823700.0,1.26,0.15,1.27,-0.12,1.9900000000000002,435.1837505678719,436.01061729708624,433.23478909902707,435.04595947265625,2975300.0,0.19,0.22,0.64,-0.63,-0.53,16.770000457763672,-6.05,1
2025-08-07,629.267430890403,629.9993115656458,622.2155637903946,625.3211669921875,74205800.0,-0.08,0.5499999999999999,1.24,0.03,1.03,568.9299422883823,570.5720580592475,562.4013871009583,566.5115966796875,44463000.0,0.33999999999999997,0.77,1.4500000000000002,0.75,2.48,437.30991350674645,438.0383408573048,431.1184762836204,432.8312072753906,5205100.0,-0.51,0.52,1.59,-0.36,-1.48,16.56999969482422,-1.1900000000000002,-1
2025-08-08,627.1114619051468,630.6621463802445,626.794961476664,630.197265625,64051600.0,0.7799999999999999,0.29,0.62,2.4899999999999998,2.17,567.7158183687225,572.0151196938974,567.4172684314073,571.796142578125,35255500.0,0.9299999999999999,0.21,0.8099999999999999,3.73,3.6700000000000004,433.9041999829605,435.941778252393,433.4120330602658,434.996826171875,3684500.0,0.5,0.25,0.58,1.4200000000000002,-0.33,15.149999618530273,-8.57,1
2025-08-11,630.474150672182,631.9478122276477,627.7047873460086,628.9509887695312,58742300.0,-0.2,0.04,0.67,0.75,1.78,571.9353942373868,574.0352659921666,568.8303539029688,570.1041870117188,33112900.0,-0.3,0.02,0.91,1.55,2.9899999999999998,435.4003613475534,435.93191001648216,432.348950565424,433.1167297363281,3538100.0,-0.43,0.09,0.8200000000000001,-0.41000000000000003,-0.9900000000000001,16.25,7.26,-1
2025-08-12,631.2950454377703,635.8050706066525,629.8114837326607,635.6468505859375,64730800.0,1.06,0.37,0.95,2.34,3.3000000000000003,572.4031383383943,577.568264258411,569.7459530883017,577.2697143554688,42143300.0,1.26,0.4,1.37,3.53,4.19,434.77038314886414,438.17616956535807,434.229011593804,437.7135314941406,5012600.0,1.06,0.38,0.91,0.8,1.0699999999999998,14.729999542236328,-9.35,1
2025-08-13,637.8424936799373,639.10849531226,635.6369512596368,637.82275390625,60092800.0,0.33999999999999997,0.35000000000000003,0.5499999999999999,1.91,3.3099999999999996,579.9667943828545,580.5241078283162,576.1650966595718,577.5584106445312,41209300.0,0.05,0.47000000000000003,0.76,2.3,4.14,439.44594716907346,442.60564999065605,439.0620426003629,442.3792724609375,6203200.0,1.0699999999999998,0.4,0.8099999999999999,1.69,1.6400000000000001,14.489999771118164,-1.63,1
2025-08-14,635.7457174616427,638.5447207235369,635.300697252298,637.882080078125,59327500.0,0.01,-0.33,0.51,2.01,2.69,575.508266162602,579.0909866487473,575.139983732242,577.1105346679688,45425000.0,-0.08,-0.35000000000000003,0.6799999999999999,1.87,3.2199999999999998,440.7255849043117,442.59584306637987,439.9775116789666,442.12335205078125,4553200.0,-0.06,-0.37,0.59,2.15,0.9299999999999999,14.829999923706055,2.35,1
2025-08-15,638.9107148606824,639.0096552004113,635.4787708739423,636.388671875,68592500.0,-0.22999999999999998,0.16,0.5499999999999999,0.98,2.53,577.0209851959504,577.060832349756,572.8112791786587,574.5728149414062,49480200.0,-0.44,-0.02,0.74,0.49,2.86,445.08397375690953,445.23170529129374,442.1981742419087,442.7497253417969,5584400.0,0.13999999999999999,0.67,0.69,1.78,1.47,15.09000015258789,1.7500000000000002,-1
2025-08-18,635.8150025688236,636.9425240091701,635.1424618060598,636.2501831054688,43804900.0,-0.02,-0.09,0.27999999999999997,1.16,2.31,573.67703945311,575.0006815724842,572.4827790837365,574.3438110351562,29831000.0,-0.04,-0.16,0.44,0.74,2.29,442.5724401426208,443.1830838461105,441.8632987320856,442.2769470214844,3809100.0,-0.11,-0.04,0.3,2.11,1.3299999999999998,14.989999771118164,-0.66,-1
2025-08-19,636.0721245937336,637.0512656505922,631.4829592777961,632.7984008789062,69750700.0,-0.54,-0.03,0.88,-0.44999999999999996,1.7399999999999998,573.6272978127284,573.7964659713523,565.5262993771687,566.5513916015625,53752600.0,-1.3599999999999999,-0.12,1.44,-1.8599999999999999,1.43,443.0649483694454,445.330245599446,441.449669952915,442.5133972167969,5794900.0,0.05,0.18,0.88,1.0999999999999999,1.03,15.569999694824219,3.8699999999999997,-1
2025-08-20,632.3929060531275,632.6500060324975,626.013578858981,631.1170043945312,88890300.0,-0.27,-0.06,1.05,-1.05,0.61,565.6059063070504,565.7253262654696,556.1614033493433,563.1875610351562,76781100.0,-0.59,-0.16999999999999998,1.69,-2.4899999999999998,0.37,443.00587362499436,443.72484387587645,440.9178541689629,442.58233642578125,4731400.0,0.02,0.11,0.63,0.05,-0.13,15.6899995803833,0.77,-1
2025-08-21,629.3071240874224,630.9785456585483,626.864161086776,628.5850830078125,54805800.0,-0.4,-0.29,0.65,-1.46,0.18,561.6450181787756,563.774775630925,558.2911756152315,560.5802001953125,46436900.0,-0.45999999999999996,-0.27,0.97,-2.86,-0.31,440.96706177404474,442.29670579982246,439.1548180132513,441.193603515625,3780700.0,-0.31,-0.36,0.7100000000000001,-0.21,0.25,16.600000381469727,5.800000000000001,-1
2025-08-22,630.7709103705197,639.4151205943501,630.2664897119097,638.2381591796875,84083200.0,1.54,0.35000000000000003,1.46,0.29,1.29,561.9634564557491,571.238791941298,560.5702032580724,569.2284545898438,51502100.0,1.54,0.25,1.9,-0.9299999999999999,0.9900000000000001,443.62634774901557,450.9639616852564,443.4983037242558,449.7525329589844,8534700.0,1.94,0.5499999999999999,1.69,1.58,1.76,14.220000267028809,-14.34,1
2025-08-25,636.9820009718095,638.2183023325629,635.3105191174199,635.42919921875,51274300.0,-0.44,-0.2,0.45999999999999996,-0.13,0.8699999999999999,567.6660593438861,570.542161218221,566.4319517221652,567.58642578125,34044700.0,-0.29,-0.27,0.72,-1.18,0.38,448.7676332724019,449.3093256441084,446.1969840608716,446.23638916015625,3898200.0,-0.7799999999999999,-0.22,0.69,0.8999999999999999,1.11,14.789999961853027,4.01,-1
2025-08-26,635.1621986940528,638.4359222802034,634.5390979794016,638.0897216796875,51581600.0,0.42,-0.04,0.61,0.84,1.5599999999999998,567.0987738406898,570.1739291946637,566.0736815609588,569.8654174804688,34103000.0,0.4,-0.09,0.72,0.58,0.9400000000000001,445.9605165385254,447.8909451814335,445.7142873218231,447.6348571777344,3190500.0,0.31,-0.06,0.49,1.16,1.8499999999999999,14.619999885559082,-1.15,1
2025-08-27,637.5062787617181,640.2755819843173,637.3578984386413,639.543701171875,48341100.0,0.22999999999999998,-0.09,0.45999999999999996,1.34,1.92,568.8503542214644,571.6567843025553,567.6361701841732,570.7412109375,36927100.0,0.15,-0.18,0.7100000000000001,1.34,0.96,447.42815891424596,449.752579003564,447.3592075004265,449.1517639160156,2943900.0,0.33999999999999997,-0.05,0.53,1.48,2.59,14.850000381469727,1.5699999999999998,1
2025-08-28,640.146950913372,642.3623933153343,638.267809046051,641.8085327148438,61519500.0,0.35000000000000003,0.09,0.64,2.1,2.6599999999999997,571.3581690220095,575.2295381040836,569.716114225579,574.31396484375,46787900.0,0.63,0.11,0.97,2.45,2.1399999999999997,449.6441195024478,450.30402706290164,447.93037368296086,449.90020751953125,3576500.0,0.16999999999999998,0.11,0.53,1.97,3.56,14.430000305175781,-2.83,1
2025-08-29,640.374419619015,640.7404203673219,636.0919150690585,637.98095703125,74522200.0,-0.6,-0.22,0.72,-0.04,3.75,571.90560730373,572.2738897636767,565.8149455424127,567.6660766601562,56030400.0,-1.16,-0.42,1.1199999999999999,-0.27,2.98,449.2403312194227,449.9494726522248,447.42808757054667,449.2107849121094,3605900.0,-0.15,-0.15,0.5599999999999999,-0.12,4.74,15.359999656677246,6.4399999999999995,-1
2025-09-02,630.5136938017484,633.4709169972102,627.9619508913343,633.2533569335938,81983500.0,-0.74,-1.17,0.86,-0.33999999999999997,1.44,558.6195355636612,563.2571726003424,556.8580000613789,562.9088745117188,65876800.0,-0.84,-1.59,1.13,-0.8200000000000001,0.27,445.17265814526706,446.856887981108,443.37027312713155,446.7682189941406,6009200.0,-0.54,-0.8999999999999999,0.7799999999999999,0.12,2.73,17.170000076293945,11.78,-1
2025-09-03,635.6270215222661,637.1501834379544,633.4412793439511,636.685302734375,70820900.0,0.54,0.37,0.59,-0.22,2.5100000000000002,566.5015849549442,568.9597775003773,564.0135677896833,567.3375854492188,54230200.0,0.79,0.64,0.88,-0.44,1.7500000000000002,446.0492801436162,446.8962944583634,443.7347188481192,446.4235534667969,3948200.0,-0.08,-0.16,0.7100000000000001,-0.27,2.81,16.350000381469727,-4.78,1
2025-09-04,637.3578424589464,642.0360478647699,636.4578416280056,642.00634765625,65219200.0,0.84,0.11,0.88,0.38999999999999996,2.58,568.0043701424134,572.8410610450118,566.3026052373926,572.4728393554688,47526300.0,0.91,0.12,1.15,0.3,1.39,446.70907118842,450.3631347185692,445.73401302507347,450.1562805175781,4524200.0,0.84,0.06,1.04,0.22,3.47,15.300000190734863,-6.419999999999999,1
2025-09-05,644.3404359625918,645.062476969223,636.2797877246134,640.1469116210938,85178900.0,-0.29,0.36,1.37,-0.26,2.37,577.7076484747704,578.3346336864022,568.7906334517568,573.2988891601562,68342500.0,0.13999999999999999,0.91,1.67,-0.18,1.2,450.2252584097308,451.7518978082697,446.1477176216703,448.12738037109375,5828200.0,-0.44999999999999996,0.02,1.24,-0.38999999999999996,3.53,15.180000305175781,-0.7799999999999999,-1
2025-09-08,641.5117620821245,642.7184234803435,640.1369806181674,641.719482421875,63133100.0,0.25,0.21,0.4,0.59,1.83,575.5977945125156,578.0559870759845,575.0006946855148,576.0953979492188,46371400.0,0.49,0.4,0.53,1.48,0.75,448.51154413128455,449.407822279823,446.78793924346843,449.3191833496094,4395200.0,0.27,0.09,0.58,0.02,3.29,15.109999656677246,-0.45999999999999996,1
2025-09-09,641.8579832056892,643.7272854003053,640.1271612550325,643.203125,66133900.0,0.22999999999999998,0.02,0.5599999999999999,1.5699999999999998,2.27,576.8915385805233,578.1554707195171,574.274139701763,577.7275390625,44007600.0,0.27999999999999997,0.13999999999999999,0.67,2.63,1.34,449.08276968896985,451.6337012415221,448.3539406903215,451.10186767578125,5979400.0,0.4,-0.05,0.73,0.97,4.15,15.039999961853027,-0.45999999999999996,1
2025-09-10,646.4569601847652,647.3767610517381,643.4997373146942,645.0624389648438,78034500.0,0.29,0.51,0.6,1.32,1.48,580.9420329124574,580.971918274203,575.7769069667078,577.9166259765625,49308000.0,0.03,0.5599999999999999,0.8999999999999999,1.8599999999999999,0.11,450.8063738000833,450.993510443859,447.8516226549295,449.05322265625,5412200.0,-0.44999999999999996,-0.06999999999999999,0.7000000000000001,0.59,2.59,15.350000381469727,2.06,1
2025-09-11,647.0109525903231,651.1154976382888,646.4274520986086,650.4231567382812,69934400.0,0.83,0.3,0.73,1.31,1.9800000000000002,580.4444560297375,582.0766099053841,578.8322257294989,581.2804565429688,44745800.0,0.58,0.44,0.5599999999999999,1.54,0.64,449.9593745614788,455.3468721979797,449.7131452911767,454.9529113769531,6352100.0,1.31,0.2,1.25,1.0699999999999998,2.8400000000000003,14.710000038146973,-4.17,1
2025-09-12,650.3934866540098,651.8869485652141,649.701206088218,650.20556640625,72780100.0,-0.03,-0.0,0.33999999999999997,1.5699999999999998,1.9300000000000002,582.2358530939185,585.0423439865303,581.3003561297145,583.8480834960938,50745900.0,0.44,0.16,0.64,1.8399999999999999,1.17,454.2930031118202,454.72636903156655,452.1458910913488,452.3921203613281,3784600.0,-0.5599999999999999,-0.15,0.5700000000000001,0.95,2.32,14.760000228881836,0.33999999999999997,-1
2025-09-15,652.4110731340584,653.7956944276398,652.114372883025,653.6671142578125,63772400.0,0.53,0.33999999999999997,0.26,1.8599999999999999,2.7199999999999998,585.6195335974215,588.9534523182087,585.4702282697297,588.843994140625,44360300.0,0.86,0.3,0.6,2.21,2.48,453.0716446937169,453.9580639155556,451.90941987764285,453.1307373046875,4862200.0,0.16,0.15,0.44999999999999996,0.8500000000000001,2.34,15.6899995803833,6.3,1
2025-09-16,654.2209512044083,654.5276118800496,651.9857691498868,652.76708984375,61169000.0,-0.13999999999999999,0.08,0.38999999999999996,1.49,2.6,589.7695130089575,590.018314719858,587.6596793599289,588.3463745117188,36942100.0,-0.08,0.16,0.4,1.8399999999999999,2.44,453.1701865103813,453.8497817050515,450.87534292268236,451.8602600097656,4526100.0,-0.27999999999999997,0.01,0.66,0.16999999999999998,2.17,16.360000610351562,4.2700000000000005,-1
2025-09-17,652.7770978636573,654.4683196962441,647.1296508296768,651.9561767578125,101952200.0,-0.12,0.0,1.1199999999999999,1.0699999999999998,3.0300000000000002,588.2668225233333,588.913731358415,581.5690989748401,587.172119140625,69384800.0,-0.2,-0.01,1.25,1.6,3.64,452.8549663122878,456.85372666691893,451.05255148775785,454.30279541015625,5998000.0,0.54,0.22,1.28,1.17,2.6599999999999997,15.720000267028809,-3.91,-1
2025-09-18,654.6364399867887,657.603563340362,653.0341982051615,655.0023803710938,90459200.0,0.47000000000000003,0.41000000000000003,0.7000000000000001,0.7000000000000001,3.7800000000000002,592.0585449007204,595.2731046813599,590.1179399259114,592.4666137695312,61069300.0,0.8999999999999999,0.83,0.88,1.92,5.2,454.332375459456,457.365906621717,453.71187293467307,455.65216064453125,6681000.0,0.3,0.01,0.8,0.15,2.9499999999999997,15.699999809265137,-0.13,1
2025-09-19,656.8877828567474,659.0895125014193,654.9438659954435,658.2465209960938,97945600.0,0.5,0.29,0.63,1.24,4.72,594.4668964152456,597.173829761915,592.9939490424024,596.4771728515625,58196100.0,0.6799999999999999,0.33999999999999997,0.7100000000000001,2.16,6.4,457.04286034166495,458.0898527233576,455.2155520797145,457.2601623535156,5871400.0,0.35000000000000003,0.31,0.63,1.08,3.64,15.449999809265137,-1.59,1
2025-09-22,656.7588293222589,661.8069717744121,656.7290467709187,661.3607177734375,69452200.0,0.47000000000000003,-0.22999999999999998,0.77,1.18,3.62,595.56457167487,600.6759063866804,595.5446250028239,600.0083618164062,57154800.0,0.59,-0.15,0.86,1.9,5.41,455.5020476636649,458.593650625753,454.51431662878224,457.98126220703125,4074900.0,0.16,-0.38,0.89,1.0699999999999998,1.83,16.100000381469727,4.21,1
2025-09-23,661.2416672722171,661.856628548307,656.5406245808955,657.7605590820312,81708900.0,-0.54,-0.02,0.8,0.76,3.51,600.1777560752951,600.3770403666388,594.8073576106723,596.02294921875,64635500.0,-0.66,0.03,0.9299999999999999,1.3,5.01,458.5244216954579,461.2703122844874,456.36128869748944,457.19097900390625,5904600.0,-0.16999999999999998,0.12,1.0699999999999998,1.18,2.45,16.639999389648438,3.35,-1
2025-09-24,659.0498612769777,659.1490153831234,654.2496039734066,655.6678466796875,68082200.0,-0.32,0.2,0.74,0.5700000000000001,2.75,597.3979183069385,597.7167610032964,591.2005236200914,593.9305419921875,49850300.0,-0.35000000000000003,0.22999999999999998,1.09,1.15,4.22,457.7639789532837,458.72207930215205,455.14646748893466,455.36376953125,4588800.0,-0.4,0.13,0.7799999999999999,0.22999999999999998,1.73,16.18000030517578,-2.76,-1
2025-09-25,652.5338627083877,653.9917550046746,649.0328388399253,652.6429443359375,89622100.0,-0.45999999999999996,-0.48,0.76,-0.36,2.0500000000000003,590.0447574609248,592.9541133753095,586.358211090951,591.3699340820312,70920200.0,-0.43,-0.65,1.11,-0.19,3.61,454.2575087299781,455.42302414709866,452.09437529586523,453.79327392578125,4767200.0,-0.33999999999999997,-0.24,0.73,-0.41000000000000003,1.03,16.739999771118164,3.46,-1
2025-09-26,654.0908804383538,656.9273655696547,652.4742691464395,656.3818969726562,69179200.0,0.5700000000000001,0.22,0.6799999999999999,-0.27999999999999997,2.27,592.1869260081028,594.1298414316656,588.9089213733314,593.801025390625,54337400.0,0.41000000000000003,0.13999999999999999,0.88,-0.44999999999999996,3.39,455.6106888821765,457.72444779000705,454.6723624740728,456.6083068847656,4167200.0,0.62,0.4,0.67,-0.13999999999999999,1.49,15.289999961853027,-8.66,1
2025-09-29,658.9010899003678,659.8135740530697,656.4216318338509,658.2266845703125,73499000.0,0.27999999999999997,0.38,0.52,-0.47000000000000003,3.17,596.929586249639,599.858888854889,595.2357610619866,596.5509643554688,48332900.0,0.45999999999999996,0.53,0.7799999999999999,-0.58,5.09,458.07011524398365,458.08985901145707,455.6501623580262,457.35894775390625,3752700.0,0.16,0.32,0.53,-0.13999999999999999,1.81,16.1200008392334,5.43,1
2025-09-30,657.4827596300943,661.1722242194463,656.173598681204,660.7060546875,86288000.0,0.38,-0.11,0.76,0.44999999999999996,4.34,596.2521164355429,598.5238479838199,593.9305790157047,598.18505859375,46533800.0,0.27,-0.05,0.77,0.36,6.2700000000000005,456.94413057553794,458.39609641538243,455.18597052362475,458.0503845214844,4253300.0,0.15,-0.09,0.7000000000000001,0.19,2.53,16.280000686645508,0.9900000000000001,1
2025-10-01,657.7208144097488,663.8698820443607,657.6117327913598,662.9574584960938,72545400.0,0.33999999999999997,-0.44999999999999996,0.95,1.11,4.130000000000001,594.9966151966095,601.592517201177,594.1696797218984,601.0545043945312,46899600.0,0.48,-0.53,1.24,1.2,5.94,456.8947579967389,459.4332340238406,456.8749840841617,458.56402587890625,4551600.0,0.11,-0.25,0.5599999999999999,0.7000000000000001,2.7199999999999998,16.290000915527344,0.06,1
2025-10-02,664.9410037342527,665.0600128657511,661.3011766397112,663.7210693359375,56896000.0,0.12,0.3,0.5700000000000001,1.7000000000000002,3.38,604.8506282086944,604.9502399376884,600.7356543050928,603.5254516601562,43765400.0,0.41000000000000003,0.63,0.7000000000000001,2.06,5.42,458.61339168714784,460.0554705494776,456.9441238365992,459.403564453125,5458300.0,0.18,0.01,0.6799999999999999,1.24,2.0500000000000003,16.6299991607666,2.09,1
2025-10-03,664.4848631838105,667.1527626006609,662.6698828508305,663.7113037109375,70494400.0,-0.0,0.12,0.6799999999999999,1.1199999999999999,3.6799999999999997,604.3027001978111,605.1197232184186,599.2013385970163,600.9848022460938,46482100.0,-0.42,0.13,0.98,1.21,4.83,460.0751800313656,464.6088612026196,459.96651395894537,461.7740783691406,9693900.0,0.52,0.15,1.01,1.13,3.05,16.649999618530273,0.12,0
2025-10-06,666.1014192164715,666.9841207809839,663.9591941673339,666.0914916992188,54623300.0,0.36,0.36,0.45999999999999996,1.1900000000000002,3.8,606.2355880916678,607.1422494333636,603.7645725777412,605.498291015625,41962100.0,0.75,0.8699999999999999,0.5599999999999999,1.5,5.1,462.5741879327544,462.72234155373155,458.53437177060204,461.1123352050781,7405400.0,-0.13999999999999999,0.16999999999999998,0.91,0.8200000000000001,2.62,16.3700008392334,-1.68,1
2025-10-07,667.0138910729768,667.4602056461605,662.1839114453724,663.6220092773438,72020100.0,-0.37,0.13999999999999999,0.79,0.44,3.17,606.8035324139453,607.4910236381941,600.835342343377,602.3099365234375,58209500.0,-0.53,0.22,1.0999999999999999,0.69,4.26,461.8136535985246,462.8606461300621,458.6924499171005,460.2530517578125,7368700.0,-0.19,0.15,0.8999999999999999,0.48,2.03,17.239999771118164,5.3100000000000005,-1
2025-10-08,664.7426772273783,667.6783772359653,663.919480237528,667.5791625976562,60702200.0,0.6,0.16999999999999998,0.5700000000000001,0.7000000000000001,3.49,603.2066381307736,609.523591030116,603.0572205300643,609.2147216796875,50629800.0,1.15,0.15,1.0699999999999998,1.3599999999999999,5.42,461.5864704234427,462.3865301432558,459.22577880197906,460.351806640625,4621200.0,0.02,0.29,0.69,0.38999999999999996,2.52,16.299999237060547,-5.45,1
2025-10-09,667.9957845708525,668.4023890582872,663.7112737749407,665.6452026367188,66501900.0,-0.29,0.06,0.7000000000000001,0.29,2.34,609.2545466200572,609.3840783602061,605.2691043090726,608.4774169921875,45551000.0,-0.12,0.01,0.6799999999999999,0.8200000000000001,4.68,460.4505790391356,461.0530804876246,456.9342289053812,457.8133239746094,5411000.0,-0.5499999999999999,0.02,0.89,-0.35000000000000003,0.63,16.43000030517578,0.8,-1
2025-10-10,666.6071968358344,668.4122493878771,647.4757221413303,647.6542358398438,159422600.0,-2.7,0.13999999999999999,3.15,-2.42,-0.38999999999999996,609.174937229752,610.9484275974415,586.9062397942465,587.3546142578125,97614800.0,-3.47,0.11,3.95,-2.27,0.6,459.4134270819762,460.7765006527932,449.1410309524318,449.2891845703125,9309100.0,-1.8599999999999999,0.35000000000000003,2.54,-2.7,-0.69,21.65999984741211,31.830000000000002,-1
2025-10-13,655.2216030747315,659.664772492732,654.3488290056752,657.5919189453125,79560500.0,1.53,1.17,0.8200000000000001,-1.28,0.6,597.497493628088,600.7556121211176,595.056398092238,599.8190307617188,65872600.0,2.12,1.73,0.97,-0.9400000000000001,1.8599999999999999,452.6079702915361,455.8971011372593,452.44004276473896,455.02789306640625,6272500.0,1.28,0.74,0.77,-1.32,0.42,19.030000686645508,-12.139999999999999,1
2025-10-14,651.7701536094826,660.3590300864076,647.8030207789583,656.78857421875,88779600.0,-0.12,-0.89,1.91,-1.03,0.62,593.1434568492728,600.4966033203683,587.9823159734815,595.8236694335938,69203200.0,-0.67,-1.11,2.09,-1.08,1.27,451.4227451026464,459.51226525312205,448.9830480708655,457.0330505371094,7827400.0,0.44,-0.79,2.31,-0.7000000000000001,1.1400000000000001,20.809999465942383,9.35,-1
2025-10-15,661.3408732132422,664.7228272522149,653.5156893256119,659.7044067382812,81702600.0,0.44,0.69,1.71,-1.18,1.1900000000000002,601.8117836952674,604.4919961772353,593.7611729131481,600.0282592773438,62805500.0,0.7100000000000001,1.01,1.7999999999999998,-1.51,2.19,458.96902520337034,461.21116395715364,454.60324046217664,457.0330505371094,6187100.0,0.0,0.42,1.4500000000000002,-0.72,0.6,20.639999389648438,-0.8200000000000001,1
2025-10-16,661.3408828539109,663.215367636124,651.7106461582608,655.211669921875,110563300.0,-0.6799999999999999,0.25,1.7399999999999998,-1.5699999999999998,0.03,602.9077579751356,606.0961241101174,593.3327470469682,597.806396484375,70982000.0,-0.37,0.48,2.13,-1.7500000000000002,0.8999999999999999,457.6849141205049,458.5738660025042,452.22276283090986,453.9216613769531,8149500.0,-0.6799999999999999,0.13999999999999999,1.39,-0.8500000000000001,-0.38,25.309999465942383,22.63,-1
2025-10-17,654.0810128478913,660.2895852935891,652.7322022395391,658.9308471679688,96500900.0,0.5700000000000001,-0.16999999999999998,1.15,1.7399999999999998,0.1,595.7738386787643,603.306322454893,594.1995718879336,601.7320556640625,72024900.0,0.66,-0.33999999999999997,1.52,2.45,0.88,453.81793069253405,457.5824533442612,453.44249157925327,456.2683410644531,8439900.0,0.52,-0.02,0.91,1.55,-0.22,20.780000686645508,-17.9,1
2025-10-20,661.8367798071084,666.6866142382812,661.7872027532737,665.7840576171875,60493400.0,1.04,0.44,0.74,1.25,0.67,604.9303809627713,610.5697551235123,604.8606284241672,609.3143310546875,45761700.0,1.26,0.53,0.95,1.58,1.55,457.9184036923976,461.9496926967092,457.8986231086211,461.4457702636719,4556600.0,1.13,0.36,0.89,1.41,0.76,18.229999542236328,-12.27,1
2025-10-21,665.9229005771253,667.4601523988813,664.4748753427003,665.7741088867188,56249000.0,-0.0,0.02,0.44999999999999996,1.37,1.22,609.41403175621,610.4900574537519,607.1024677916307,609.1549682617188,44538200.0,-0.03,0.02,0.5599999999999999,2.2399999999999998,2.1999999999999997,461.49520511489027,465.62530669931795,461.33711120668295,463.6195373535156,5951600.0,0.47000000000000003,0.01,0.9299999999999999,1.44,1.41,17.8700008392334,-1.97,0
2025-10-22,666.4782452803545,666.4782452803545,657.8497201766941,662.312744140625,80564000.0,-0.52,0.11,1.3,0.4,1.01,608.5969960402966,609.1848147458128,597.5573034367524,603.286376953125,61478800.0,-0.96,-0.09,1.91,0.54,1.58,463.6096343124452,463.63927503483586,458.9361095466536,460.2205810546875,7604700.0,-0.73,-0.0,1.01,0.7000000000000001,1.0699999999999998,18.600000381469727,4.09,-1
2025-10-23,662.6301900162397,667.1825015615415,662.3128121266341,666.2402954101562,65604500.0,0.59,0.05,0.74,1.68,2.08,602.7084409478078,609.1449520725764,602.3199065464308,608.3578491210938,42844300.0,0.84,-0.1,1.13,1.77,2.87,459.99333302475276,462.3844619513488,459.3115662303375,461.71258544921875,5144200.0,0.32,-0.05,0.67,1.72,1.7500000000000002,17.299999237060547,-6.99,1
2025-10-24,670.9016937183009,672.8951271271609,670.0983517375236,671.6851806640625,74356500.0,0.8200000000000001,0.7000000000000001,0.42,1.94,2.33,613.7481193370727,616.1692681518385,612.8912638677524,614.8540649414062,47632500.0,1.0699999999999998,0.89,0.54,2.18,3.55,464.40992847478833,467.59149643263953,463.67877060948285,466.57379150390625,7228900.0,1.05,0.58,0.8500000000000001,2.26,2.18,16.3700008392334,-5.38,1
2025-10-27,677.1201116013259,679.9070199177999,676.5151383891614,679.6094970703125,63339800.0,1.18,0.8099999999999999,0.5,2.08,3.25,622.2471236453642,626.262425126202,621.7589166953564,625.8041381835938,54098600.0,1.78,1.2,0.73,2.71,4.9,469.09340677773577,469.94312758413344,468.05592119272075,469.6763610839844,4720200.0,0.66,0.54,0.4,1.78,2.69,15.789999961853027,-3.54,1
2025-10-28,681.4046232640447,683.2493254549719,679.2028936555786,681.41455078125,61738100.0,0.27,0.26,0.6,2.35,3.1300000000000003,628.0658962701283,632.3701816547181,626.9599505234498,630.6165771484375,61195700.0,0.77,0.36,0.86,3.52,5.42,473.0851645309726,473.68789942064785,471.1288165574807,471.4548645019531,9435500.0,0.38,0.73,0.54,1.69,2.93,16.420000076293945,3.9899999999999998,1
2025-10-29,683.0608492697363,684.0328379014793,677.2589421639235,681.7418212890625,85657100.0,0.05,0.24,0.9900000000000001,2.93,2.83,633.2769001713006,634.6917152842577,627.9563074763624,633.4562377929688,67422800.0,0.44999999999999996,0.42,1.0699999999999998,5.0,5.390000000000001,472.93702025082575,474.6562728155323,468.8266687178097,470.6842346191406,10006500.0,-0.16,0.31,1.24,2.27,2.64,16.920000076293945,3.05,1
2025-10-30,678.2805836148408,680.3037996369978,674.2440185546875,674.2440185546875,76335800.0,-1.0999999999999999,-0.51,0.89,1.2,1.59,629.869267455657,631.1944440896802,623.6619603385896,623.7715454101562,61628600.0,-1.53,-0.5700000000000001,1.1900000000000002,2.53,3.35,468.4412814702253,474.4190583066144,468.25354684464213,469.3404235839844,9338300.0,-0.29,-0.48,1.31,1.6500000000000001,2.16,16.90999984741211,-0.06,-1
2025-10-31,679.4111832231399,679.4508932951077,673.6588524169174,676.4556884765625,87164100.0,0.33,0.77,0.86,0.7100000000000001,1.92,631.8620549483691,631.8919749599486,624.409296291661,626.7806396484375,66305100.0,0.48,1.3,1.2,1.94,4.29,470.18022765505646,471.4647292396078,467.7693786870141,469.9925231933594,7990900.0,0.13999999999999999,0.18,0.79,0.73,1.78,17.440000534057617,3.1300000000000003,1
2025-11-03,680.0359699637585,680.1649066224819,674.3530715971103,677.7251586914062,57315000.0,0.19,0.53,0.86,-0.27999999999999997,1.7500000000000002,632.7985429356352,633.5059808284601,627.5576766411583,629.7796020507812,37154300.0,0.48,0.96,0.95,0.64,4.01,470.47668189408245,470.6149952108206,465.67467390836254,467.81878662109375,4858700.0,-0.45999999999999996,0.1,1.05,-0.4,1.4500000000000002,17.170000076293945,-1.55,1
2025-11-04,670.5544968959969,674.3728983771498,669.0371001406891,669.691650390625,78427000.0,-1.1900000000000002,-1.06,0.79,-1.72,0.91,621.0116391030107,624.6682653310116,616.2091739056606,616.9962768554688,63830800.0,-2.03,-1.39,1.34,-2.16,2.44,464.80519792084874,467.06784334377227,463.20450850647336,465.2794494628906,6013300.0,-0.54,-0.64,0.83,-1.31,1.09,19.0,10.66,-1
2025-11-05,669.4337786331213,675.2654684624238,668.6304366940664,672.012451171875,74402400.0,0.35000000000000003,-0.04,0.9900000000000001,-1.43,0.66,616.2391121345779,624.3195827183903,614.9638020768305,621.01171875,48688500.0,0.65,-0.12,1.52,-1.96,1.94,465.18070840922763,468.89584020988565,464.78548867908654,467.463134765625,7030200.0,0.47000000000000003,-0.02,0.88,-0.6799999999999999,1.54,18.010000228881836,-5.21,1
2025-11-06,670.9116044462689,671.8141611273297,663.2252840482561,664.80224609375,85035300.0,-1.0699999999999998,-0.16,1.28,-1.4000000000000001,-0.13,619.5270737190788,619.7761638844125,608.078899450419,609.4439086914062,72115100.0,-1.8599999999999999,-0.24,1.8800000000000001,-2.3,0.16,466.4552606950555,467.7891534990551,462.26587781157593,463.6788024902344,7125200.0,-0.8099999999999999,-0.22,1.18,-1.21,1.28,19.5,8.27,-1
2025-11-07,662.4218719882706,665.5658682287408,655.7769731606511,665.4567260742188,100592400.0,0.1,-0.36,1.47,-1.63,2.75,606.0961466218313,607.7301926884926,596.4912153281726,607.5209350585938,81835400.0,-0.32,-0.5499999999999999,1.8399999999999999,-3.0700000000000003,3.4299999999999997,462.69070288441503,464.3407833677137,459.3115100491935,464.2518310546875,8604400.0,0.12,-0.21,1.08,-1.22,3.3300000000000005,19.079999923706055,-2.15,1
2025-11-10,671.6751969912248,676.5746080726943,669.4833950163819,675.8406982421875,75842900.0,1.5599999999999998,0.9299999999999999,1.0699999999999998,-0.27999999999999997,2.78,616.6675408883244,622.037939599601,614.6449603115116,620.9618530273438,55919900.0,2.21,1.51,1.22,-1.4000000000000001,3.52,466.26751518227763,468.5400810572577,463.84677585327063,468.16461181640625,5636600.0,0.84,0.43,1.01,0.06999999999999999,2.8899999999999997,17.600000381469727,-7.76,1
2025-11-11,674.3630127379913,677.9532631527235,673.1530057317516,677.387939453125,58953400.0,0.22999999999999998,-0.22,0.7100000000000001,1.15,3.1399999999999997,618.3115007347396,620.4536395227035,615.2726130875191,619.307861328125,44868800.0,-0.27,-0.43,0.83,0.37,3.94,468.599371753326,474.13250755936014,468.34246539328564,473.6878967285156,4839100.0,1.18,0.09,1.24,1.81,3.64,17.280000686645508,-1.82,1
2025-11-12,679.1631581075335,679.3318048264125,675.3547447293747,677.7647705078125,62312500.0,0.06,0.26,0.59,0.86,2.74,622.5659665942537,622.5858524528388,615.5615225825271,618.8196411132812,47444400.0,-0.08,0.53,1.13,-0.35000000000000003,3.1300000000000003,474.7549388270799,478.61827331301356,474.7549388270799,476.99786376953125,7066900.0,0.7000000000000001,0.22999999999999998,0.8200000000000001,2.04,4.37,17.510000228881836,1.3299999999999998,1
2025-11-13,674.9085136071693,675.265541055433,665.0105359672095,666.5180053710938,103457800.0,-1.66,-0.42,1.51,0.26,1.73,615.2925422980531,615.8704485105809,603.8742880136988,606.1858520507812,71333600.0,-2.04,-0.5700000000000001,1.94,-0.53,1.4000000000000001,475.6541508114583,476.6521054094447,468.55985633216585,469.0736389160156,8722300.0,-1.66,-0.27999999999999997,1.7000000000000002,1.16,3.34,20.0,14.219999999999999,-1
2025-11-14,659.9126462553079,670.1081450818862,657.8199984349773,666.4088134765625,96846700.0,-0.02,-0.9900000000000001,1.8399999999999999,0.13999999999999999,1.13,597.3679891941105,611.1177533949825,594.9966460866717,606.6441040039062,80087300.0,0.08,-1.4500000000000002,2.6599999999999997,-0.13999999999999999,0.8200000000000001,465.75376156307686,468.39187639788736,463.2737104837135,466.1687316894531,10940200.0,-0.62,-0.7100000000000001,1.09,0.41000000000000003,2.17,19.829999923706055,-0.8500000000000001,-1
2025-11-17,664.1972328051172,668.1742931923078,656.7290761218832,660.2003173828125,90456100.0,-0.9299999999999999,-0.33,1.72,-2.31,-0.84,604.0934805750228,610.2509824067986,597.686888568112,601.4630737304688,63850400.0,-0.8500000000000001,-0.42,2.07,-3.1399999999999997,-1.29,465.2498000670233,466.72200612354266,458.9953667463344,460.7541198730469,7599500.0,-1.16,-0.2,1.66,-1.58,-0.15,22.3799991607666,12.86,-1
2025-11-18,656.6596108350068,659.6548153709225,650.4708935566339,654.65625,114467500.0,-0.84,-0.54,1.39,-3.36,-1.67,597.4376601960547,600.1178722930534,589.1878271266753,594.1397094726562,83327300.0,-1.22,-0.67,1.82,-4.06,-2.46,456.6537086862827,458.56066562318205,454.0452043585055,455.7940673828125,12817500.0,-1.08,-0.89,0.98,-3.7800000000000002,-1.69,24.690000534057617,10.32,-1
2025-11-19,655.3505280387882,661.856623370592,653.3371790986623,657.185302734375,94703000.0,0.38999999999999996,0.11,1.3,-3.04,-0.77,594.897031094223,603.9539148983285,592.4260762649179,597.6868286132812,73111500.0,0.6,0.13,1.94,-3.42,-0.9299999999999999,456.0015801080825,457.86900601827836,453.9365292698954,456.24859619140625,5833400.0,0.1,0.05,0.86,-4.35,-0.86,23.65999984741211,-4.17,1
2025-11-20,667.3808213360044,670.0090710879778,646.5335791707308,647.1683349609375,165293500.0,-1.52,1.55,3.5700000000000003,-2.9000000000000004,-2.86,609.3940199569162,611.7952828795123,582.6218174922989,583.5384521484375,117743200.0,-2.37,1.96,4.88,-3.74,-4.08,461.0703718596824,463.4318300230683,452.24693412346556,452.6322937011719,13414200.0,-0.79,1.06,2.45,-3.51,-1.97,26.420000076293945,11.67,-1
2025-11-21,649.6675301260088,659.0894699034471,645.5020288545189,653.6148681640625,123956200.0,1.0,0.38999999999999996,2.1,-1.92,-2.69,585.3319113971087,594.807310091711,578.6264242609341,587.9224853515625,103344200.0,0.75,0.31,2.77,-3.09,-4.38,454.6267257961515,460.83958045504346,452.9547924231318,457.62432861328125,11821400.0,1.0999999999999999,0.44,1.7399999999999998,-1.83,-1.92,23.43000030517578,-11.32,1
2025-11-24,657.2448196444445,664.5542570793402,656.1538823239337,663.2351684570312,80437900.0,1.47,0.5599999999999999,1.29,0.45999999999999996,-2.41,593.1135933516537,604.4720682054578,592.9939741263881,602.9575805664062,60168100.0,2.56,0.88,1.95,0.25,-3.65,458.79164865163216,460.8889770720049,456.0809540167679,459.4742736816406,6206800.0,0.4,0.26,1.05,-0.27999999999999997,-2.17,20.520000457763672,-12.42,1
2025-11-25,663.1360016067486,670.6537351639657,659.0200771396823,669.4735107421875,81077100.0,0.9400000000000001,-0.01,1.7500000000000002,2.26,-1.7500000000000002,601.3136469136847,608.0390815394395,595.1461718391749,606.674072265625,57560900.0,0.62,-0.27,2.1399999999999997,2.11,-3.8,460.6021103307433,466.85454556163154,458.494909171174,466.1422424316406,7203600.0,1.4500000000000002,0.25,1.82,2.27,-1.13,18.559999465942383,-9.55,1
2025-11-26,672.0620713400136,676.0986363282427,671.1595147067713,674.09521484375,71879600.0,0.69,0.38999999999999996,0.74,2.5700000000000003,-1.1199999999999999,610.2808195033393,613.9474190856081,608.1685399702174,612.034423828125,42393600.0,0.88,0.59,0.95,2.4,-3.38,467.15134423778403,470.70295705375116,466.8842117012889,469.2783508300781,5689100.0,0.67,0.22,0.8200000000000001,2.86,-0.3,17.190000534057617,-7.380000000000001,1
2025-11-28,675.2654787466182,678.0523870500939,674.9084513312986,677.7747192382812,49212000.0,0.5499999999999999,0.16999999999999998,0.47000000000000003,4.73,0.52,613.8676901015607,617.06602939224,613.1801988825557,616.9962768554688,23034400.0,0.8099999999999999,0.3,0.63,5.7299999999999995,-1.09,469.743280815491,472.50342868574006,469.743280815491,472.0780334472656,2281800.0,0.6,0.1,0.59,4.3,0.58,16.350000381469727,-4.89,1
2025-12-01,673.2323336611282,677.3779800628074,673.1629015749381,674.6803588867188,61201200.0,-0.45999999999999996,-0.67,0.62,3.2199999999999998,-0.26,611.3967336448243,617.1855860502521,610.2907880213397,614.923828125,40957600.0,-0.33999999999999997,-0.91,1.1199999999999999,4.590000000000001,-1.8900000000000001,469.268452401159,471.8505625270393,467.89332968963055,468.2593688964844,4413900.0,-0.8099999999999999,-0.6,0.84,2.32,-0.37,17.239999771118164,5.4399999999999995,-1
2025-12-02,676.316742094939,678.2011542749951,673.748057660358,675.9299926757812,62953800.0,0.19,0.24,0.66,1.91,-0.26,617.2055331651553,621.4798980663827,615.3423437866954,619.7362670898438,54541800.0,0.7799999999999999,0.37,1.0,2.78,-1.59,469.13985812209455,471.3658016909675,468.0615157494623,470.17864990234375,5233500.0,0.41000000000000003,0.19,0.7100000000000001,2.33,0.5,16.59000015258789,-3.7699999999999996,1
2025-12-03,674.9779023816353,679.2822075879724,674.105128319461,678.2706298828125,57238500.0,0.35000000000000003,-0.13999999999999999,0.77,1.31,1.28,617.3649020590889,621.9481361371779,615.7807228836753,621.250732421875,47841600.0,0.24,-0.38,1.0,2.4,0.69,469.753192327003,475.0459971564489,469.594929585695,474.28424072265625,5994200.0,0.8699999999999999,-0.09,1.16,1.7500000000000002,1.94,16.079999923706055,-3.0700000000000003,1
2025-12-04,679.6690366334618,679.7384687237238,675.7416137771377,678.7665405273438,61970300.0,0.06999999999999999,0.21,0.59,0.69,1.01,622.6556605829674,622.665633919662,617.285262025035,620.6729125976562,47067800.0,-0.09,0.22999999999999998,0.8699999999999999,1.41,-0.05,474.58104806921943,476.08481591870327,472.39468530909915,473.9479064941406,4003800.0,-0.06999999999999999,0.06,0.7799999999999999,1.0,1.39,15.779999732971191,-1.87,1
2025-12-05,679.8375623637357,682.7336127271673,678.9549213715281,680.0557861328125,79241000.0,0.19,0.16,0.5599999999999999,0.33999999999999997,2.29,622.1076409382764,626.6310962033638,621.440096358939,623.20361328125,53614200.0,0.41000000000000003,0.22999999999999998,0.84,1.01,2.26,474.35347560988146,476.77726242673333,474.1655046488605,474.8975830078125,4596600.0,0.2,0.09,0.5499999999999999,0.6,2.42,15.40999984741211,-2.34,1
2025-12-08,680.9484564225444,680.9980334759979,675.9696853695019,678.0127563476562,55231500.0,-0.3,0.13,0.74,0.49,1.8900000000000001,624.9273247300189,626.5513972974647,619.4273950138578,622.0079956054688,43462400.0,-0.19,0.27999999999999997,1.1400000000000001,1.15,2.3800000000000003,475.3526973402272,475.3823753791989,471.74172837264706,473.0377197265625,4427600.0,-0.38999999999999996,0.1,0.77,1.02,1.8900000000000001,16.65999984741211,8.110000000000001,-1
2025-12-09,677.5367544682442,679.7583392727543,676.9813582671167,677.4276123046875,58310100.0,-0.09,-0.06999999999999999,0.41000000000000003,0.22,0.22999999999999998,620.7425928652799,623.5921694288306,618.7398984397635,622.775146484375,37156000.0,0.12,-0.2,0.7799999999999999,0.49,0.29,472.95864667261947,475.1450096565724,470.99980528507433,471.3262939453125,4266900.0,-0.36,-0.02,0.88,0.24,0.6799999999999999,16.93000030517578,1.6199999999999999,-1
2025-12-10,676.951505843926,683.3088092137841,675.7117769038598,681.9203491210938,85671300.0,0.66,-0.06999999999999999,1.1199999999999999,0.54,0.67,621.5795410824109,626.920080160108,618.7299643381673,625.3258666992188,55031400.0,0.41000000000000003,-0.19,1.32,0.66,0.97,471.03930138252895,477.58851660353406,470.27751477313393,476.2034912109375,5476200.0,1.03,-0.06,1.55,0.4,0.53,15.770000457763672,-6.8500000000000005,1
2025-12-11,679.51034738166,683.5865617528303,676.5647198382891,683.5072021484375,86173700.0,0.22999999999999998,-0.35000000000000003,1.03,0.7000000000000001,0.8500000000000001,621.5496792982444,623.5025679748155,615.4718431258982,623.3032836914062,58272800.0,-0.32,-0.6,1.28,0.42,0.72,477.04438742665377,483.15830436088544,476.80693294783475,482.65374755859375,6972300.0,1.35,0.18,1.3299999999999998,1.8399999999999999,1.1900000000000002,14.850000381469727,-5.83,1
2025-12-12,682.5154459360199,683.2196338188487,673.5893968987631,676.1581420898438,113160300.0,-1.08,-0.15,1.41,-0.5700000000000001,1.4500000000000002,619.8160122611713,621.2706598008424,609.1349951238292,611.3867797851562,75158700.0,-1.91,-0.5599999999999999,1.95,-1.9,0.86,483.47490960151737,484.42463698103194,478.99334484684385,480.2101745605469,7089900.0,-0.51,0.16999999999999998,1.13,1.1199999999999999,2.37,15.739999771118164,5.99,-1
2025-12-15,680.1054404790556,680.1252955149479,673.6687768311533,675.1365966796875,90811000.0,-0.15,0.58,0.95,-0.42,1.31,616.1195138735233,616.1693197420918,607.102462393675,608.3179931640625,49538200.0,-0.5,0.77,1.48,-2.1999999999999997,0.27999999999999997,482.3668721761949,482.5152925571669,478.53825432594556,479.982666015625,4891300.0,-0.05,0.44999999999999996,0.83,1.47,2.96,16.5,4.83,-1
2025-12-16,673.6488975485244,675.4837328267965,669.4338188610296,673.2918701171875,122030600.0,-0.27,-0.22,0.8999999999999999,-0.61,1.9800000000000002,606.0462710202155,611.2771638485672,604.7011478051123,609.5235595703125,55152800.0,0.2,-0.37,1.08,-2.13,1.34,479.2802472664899,480.28936096375475,475.19439952599646,476.8267822265625,5373200.0,-0.66,-0.15,1.06,1.17,3.49,16.479999542236328,-0.12,-1
2025-12-17,674.3034691132465,674.8489377460819,665.6848710067972,665.8832397460938,110625200.0,-1.0999999999999999,0.15,1.3599999999999999,-2.35,1.71,610.8288396926666,611.4167192166101,598.0953825829183,598.224853515625,70654300.0,-1.8499999999999999,0.21,2.19,-4.33,0.69,477.64787117348146,479.6067122026691,474.363360830464,474.6700439453125,6381600.0,-0.44999999999999996,0.16999999999999998,1.0999999999999999,-0.32,4.14,17.6200008392334,6.92,-1
2025-12-18,672.0322187932205,675.1464323222394,669.3544527925658,670.9114990234375,108650100.0,0.76,0.9199999999999999,0.8699999999999999,-1.8399999999999999,2.09,607.5806797208244,610.6992932536183,604.7111563372118,606.8931884765625,78875800.0,1.4500000000000002,1.5599999999999998,1.0,-2.63,1.54,477.0246253618592,479.448442552418,474.284252489541,475.37249755859375,6422800.0,0.15,0.5,1.09,-1.51,4.19,16.8700008392334,-4.26,1
2025-12-19,673.0134542661981,677.4896664833268,672.8940327515619,676.9923095703125,103599500.0,0.91,0.31,0.6799999999999999,0.12,4.61,609.722906345813,615.3722541519244,609.6431804668954,614.8043212890625,60369800.0,1.3,0.47000000000000003,0.9400000000000001,0.5599999999999999,5.36,476.5166404109101,478.6780211202799,476.3282601396592,477.0421142578125,6439100.0,0.35000000000000003,0.24,0.49,-0.66,5.390000000000001,14.90999984741211,-11.62,1
2025-12-22,680.3245290528953,681.7370055876305,676.9922622536055,681.2098388671875,69556700.0,0.62,0.49,0.7000000000000001,0.8999999999999999,4.22,619.8862552767364,620.1855972768566,616.3147325600856,617.7513427734375,43703100.0,0.48,0.83,0.63,1.55,5.07,477.7459907561315,480.29405602962294,477.7459907561315,479.33233642578125,4162000.0,0.48,0.15,0.53,-0.13999999999999999,4.74,14.079999923706055,-5.57,1
2025-12-23,680.3046207584179,684.562024812114,680.2548972126992,684.3233032226562,64840000.0,0.45999999999999996,-0.13,0.63,1.6400000000000001,3.18,616.7437078609482,620.9437513214359,616.3247143117193,620.6444702148438,41120400.0,0.47000000000000003,-0.16,0.75,1.82,2.93,478.0633092212142,480.9782109541905,478.0633092212142,480.0958251953125,3677800.0,0.16,-0.26,0.61,0.69,4.49,14.0,-0.5700000000000001,1
2025-12-24,684.313382495532,687.1781631452748,684.164151137988,686.7305297851562,39445600.0,0.35000000000000003,-0.0,0.44,3.1300000000000003,2.58,620.524833532521,622.8094781897531,620.2554500580117,622.4602661132812,18468700.0,0.29,-0.02,0.41000000000000003,4.05,2.6,480.05618059418754,483.4073283383606,479.4612971043704,482.85211181640625,1544000.0,0.5700000000000001,-0.01,0.8200000000000001,1.72,3.58,13.470000267028809,-3.7900000000000005,1
2025-12-26,686.989161229118,688.0037280321676,685.6264081645946,686.660888671875,41613300.0,-0.01,0.04,0.35000000000000003,2.35,1.8599999999999999,623.1884327551913,624.0464530908596,621.672054895625,622.4202880859375,28959800.0,-0.01,0.12,0.38,2.56,1.7000000000000002,482.6835374534061,483.4568768931243,481.5830287440892,482.8719177246094,2711500.0,0.0,-0.03,0.38999999999999996,1.58,2.9000000000000004,13.600000381469727,0.97,-1
2025-12-29,683.9055083361335,685.5567672531378,682.4433081832867,684.2138671875,62559500.0,-0.36,-0.4,0.44999999999999996,1.0699999999999998,0.95,618.6392040742111,621.312944373981,617.2724362589381,619.4074096679688,32458300.0,-0.48,-0.61,0.65,0.75,0.38999999999999996,481.7416780579263,482.75295880919356,479.61993400736634,480.4527587890625,3390100.0,-0.5,-0.22999999999999998,0.65,0.7100000000000001,1.77,14.199999809265137,4.41,-1
2025-12-30,683.8159723723246,684.9200900521846,682.9505762759469,683.3782958984375,47160700.0,-0.12,-0.06,0.29,0.32,1.29,618.3798323976478,620.7142858196408,617.7612369489017,617.9707641601562,31226800.0,-0.22999999999999998,-0.16999999999999998,0.48,0.04,0.5,480.48247820142205,480.5320694730352,478.69785807800184,479.4612731933594,3042700.0,-0.21,0.01,0.38,0.03,2.39,14.329999923706055,0.9199999999999999,-1
2025-12-31,683.5076844111845,683.726492314561,678.1063955310838,678.3152465820312,74144800.0,-0.74,0.02,0.8200000000000001,-0.88,0.35000000000000003,618.1903012408169,618.4995685313527,612.6034567489972,612.8628540039062,40746500.0,-0.83,0.04,0.95,-1.25,-1.11,479.52076227561963,479.6793998833728,476.25884265344774,476.4670715332031,3441900.0,-0.62,0.01,0.7100000000000001,-0.76,1.34,14.949999809265137,4.33,-1
2026-01-02,682.0852055985325,683.2390468658663,676.2263268834449,679.55859375,89377200.0,0.18,0.5599999999999999,1.03,-1.04,0.19,618.5993746796253,621.3827805917631,608.7127456204436,611.6757202148438,61859200.0,-0.19,0.9400000000000001,2.07,-1.73,-1.54,477.73611384900863,479.8181907240626,474.29573846822285,479.50091552734375,7021100.0,0.64,0.27,1.16,-0.69,1.0999999999999999,14.510000228881836,-2.94,1
2026-01-05,682.910839643419,685.7855773037328,682.7517121374489,684.0845947265625,71927200.0,0.67,0.49,0.44999999999999996,-0.38,0.7799999999999999,617.8610636312775,619.3475438678657,615.2671519649484,616.5341796875,46828400.0,0.79,1.01,0.67,-0.95,-0.67,480.27430752354394,487.839170519334,480.1156699078055,485.5885314941406,7574400.0,1.27,0.16,1.6099999999999999,0.5599999999999999,2.46,14.899999618530273,2.69,1
2026-01-06,684.2934596862484,688.6602678554459,684.1442890432024,688.1529541015625,69273800.0,0.59,0.03,0.66,0.58,1.1900000000000002,617.7712838046286,622.550039153126,617.0829067758982,621.951416015625,43137500.0,0.88,0.2,0.89,0.41000000000000003,-0.2,485.15228672799856,490.89286254151176,484.78545047821314,490.38720703125,6061400.0,0.9900000000000001,-0.09,1.26,2.07,3.26,14.75,-1.01,1
2026-01-07,688.5309418430683,690.2916046822218,685.6761181181482,685.9347534179688,75588300.0,-0.32,0.05,0.67,0.37,1.17,621.5723159557587,626.4607976434537,621.0934661514185,622.550048828125,44880300.0,0.1,-0.06,0.86,0.74,0.09,491.4182783232715,492.013161749084,485.3207912870058,485.77685546875,5603700.0,-0.9400000000000001,0.21,1.3599999999999999,1.32,2.69,15.380000114440918,4.2700000000000005,-1
2026-01-08,685.1787573638412,686.9692300361542,683.8557710289468,685.8651123046875,64019200.0,-0.01,-0.11,0.44999999999999996,1.11,1.25,621.5623898130801,621.9514248328863,616.3446684463296,619.0083618164062,50435900.0,-0.5700000000000001,-0.16,0.8999999999999999,1.0,-0.6,483.64524765870107,489.3064892184102,483.64524765870107,488.324951171875,6544800.0,0.52,-0.44,1.17,2.4899999999999998,3.61,15.449999809265137,0.45999999999999996,-1
2026-01-09,686.9791831428475,691.6344363504869,685.5368360184962,690.4010009765625,80125500.0,0.66,0.16,0.89,1.6,1.24,619.946120817708,626.4108973206594,617.6016810573577,625.173828125,49688700.0,1.0,0.15,1.4200000000000002,2.21,-0.02,488.65210839523405,491.46788803259693,487.71023733796613,490.7936706542969,6004600.0,0.51,0.06999999999999999,0.77,2.36,3.06,14.489999771118164,-6.21,1
2026-01-12,687.0289310253164,692.410366767912,686.979207477028,691.4852294921875,63976000.0,0.16,-0.49,0.79,1.08,1.17,620.8440291770474,627.368601054656,620.7941591397378,625.6925659179688,37388700.0,0.08,-0.69,1.05,1.49,0.38,488.1266403984237,492.10241406292727,485.8661074741564,491.6661682128906,5722400.0,0.18,-0.54,1.27,1.25,1.87,15.119999885559082,4.35,1
2026-01-13,691.813478661017,692.4103433578374,687.6953490317495,690.1026000976562,78309700.0,-0.2,0.05,0.6799999999999999,0.27999999999999997,2.06,625.7923733874012,627.9871421828441,622.2307758506613,624.7647705078125,44481400.0,-0.15,0.02,0.9199999999999999,0.44999999999999996,2.19,491.3191547897662,491.72565798357203,486.44117697815545,487.739990234375,5966400.0,-0.8,-0.06999999999999999,1.0699999999999998,-0.54,1.5699999999999998,15.979999542236328,5.6899999999999995,-1
2026-01-14,687.347202661372,688.0633674208381,682.4134005947378,686.7105712890625,94676700.0,-0.49,-0.4,0.8200000000000001,0.11,1.71,620.7741807448011,621.9813522711377,613.1122798122711,618.0905151367188,72598700.0,-1.0699999999999998,-0.64,1.4200000000000002,-0.72,1.6099999999999999,486.4709282077007,487.7399988260959,484.3789268814612,487.383056640625,6767800.0,-0.06999999999999999,-0.26,0.69,0.33,1.54,16.75,4.82,-1
2026-01-15,690.8983886882239,691.7737417111902,687.5959315038539,688.5806884765625,77862000.0,0.27,0.61,0.61,0.4,2.27,625.1238996016858,628.5159146085045,619.2877047511574,620.3153076171875,53934900.0,0.36,1.1400000000000001,1.49,0.21,1.77,488.1662995443083,491.59675071280077,488.0076619416516,490.25830078125,8519900.0,0.59,0.16,0.74,0.4,2.82,15.84000015258789,-5.43,1
2026-01-16,689.9931507530615,690.5800586110835,686.4519720383781,688.0037231445312,79289200.0,-0.08,0.21,0.6,-0.35000000000000003,3.32,624.0265108868263,624.6051616315584,617.4221104790464,619.7965087890625,61058100.0,-0.08,0.6,1.16,-0.86,3.61,490.45567526309213,491.9434073417466,488.2439026763506,489.384521484375,5845500.0,-0.18,0.04,0.75,-0.29,3.1,15.859999656677246,0.13,-1
2026-01-20,677.8874730475171,681.1501633341576,672.9934983300664,673.9981689453125,111623300.0,-2.04,-1.47,1.1900000000000002,-2.53,0.45999999999999996,609.0918377338978,613.611135001854,605.6199939698072,606.6276245117188,81988900.0,-2.12,-1.73,1.29,-3.05,-0.04,482.1938257632052,485.06017388416177,480.28951534778383,480.91436767578125,7416300.0,-1.73,-1.47,0.97,-2.19,1.17,20.09000015258789,26.669999999999998,-1
2026-01-21,676.0572511802958,685.0991655259935,674.5452667925615,681.77685546875,127844500.0,1.15,0.31,1.5699999999999998,-1.21,0.7100000000000001,608.0342310571399,618.958448118544,606.4280383777512,614.8282470703125,79837900.0,1.35,0.22999999999999998,2.07,-1.59,0.0,481.69790095614314,488.8786780319762,481.5887848654401,486.7859191894531,6718600.0,1.22,0.16,1.52,-0.2,2.04,16.899999618530273,-15.879999999999999,1
2026-01-22,686.2033478813381,687.476610793547,683.2888434897402,685.3379516601562,77112200.0,0.52,0.65,0.61,-0.2,0.61,620.8838887514372,620.9936758988773,616.3247080096578,619.2976684570312,42254800.0,0.73,0.98,0.76,0.2,0.25,489.434111311989,491.9533461628076,488.4323620043669,489.6523132324219,5087200.0,0.59,0.54,0.72,0.47000000000000003,2.15,15.640000343322754,-7.46,1
2026-01-23,684.5123006998919,687.3074439470811,683.5274830754288,685.5865478515625,63059600.0,0.04,-0.12,0.5499999999999999,-0.43,0.18,618.2701049354484,623.9267921630139,617.1926928942361,621.2530517578125,43645800.0,0.32,-0.16999999999999998,1.09,0.15,0.1,487.79759150142445,488.1050537034525,485.5560655284584,486.91485595703125,4915700.0,-0.5599999999999999,-0.38,0.52,-0.6799999999999999,1.4200000000000002,16.09000015258789,2.88,1
2026-01-26,686.8399658941375,690.4607389282814,686.2729717064406,689.068115234375,60473800.0,0.51,0.18,0.61,0.15,0.33999999999999997,621.7419335987944,626.1315320367429,620.654474506515,623.9866333007812,35983000.0,0.44,0.08,0.88,0.6799999999999999,0.25,487.886846730569,490.8028039378616,487.4504429126078,490.0192565917969,3722800.0,0.64,0.2,0.69,0.13,1.48,16.149999618530273,0.37,1
2026-01-27,690.5104039402848,692.8480177488461,689.9036431059924,691.8134765625,55506100.0,0.4,0.21,0.43,2.64,0.75,627.428447510711,630.5510790290263,625.8621995501378,629.6432495117188,38997200.0,0.91,0.5499999999999999,0.75,3.7900000000000005,1.16,486.6768237328789,487.56945689993086,484.5642394011317,486.0519714355469,5971400.0,-0.8099999999999999,-0.6799999999999999,0.61,1.0699999999999998,0.66,16.350000381469727,1.24,1
2026-01-28,693.3652237572153,694.1510864943795,690.271678492269,691.7438354492188,61172200.0,-0.01,0.22,0.5599999999999999,1.46,1.0999999999999999,633.9631070350727,635.1003753282191,630.3216807638972,631.7283325195312,50691700.0,0.33,0.69,0.76,2.75,1.9900000000000002,486.27019660031846,487.3711340977901,484.93123165171227,486.1214294433594,4726500.0,0.01,0.04,0.5,-0.13999999999999999,1.18,16.350000381469727,0.0,-1
2026-01-29,692.7087686795362,693.375209936545,681.2098793986574,690.3711547851562,97486200.0,-0.2,0.13999999999999999,1.76,0.73,1.02,631.159712042883,632.1772678570734,616.8135816536253,627.947265625,79944000.0,-0.6,-0.09,2.4299999999999997,1.4000000000000001,1.6099999999999999,486.0718030081098,488.918355761115,481.91609932020134,486.20074462890625,9706500.0,0.02,-0.01,1.44,-0.7000000000000001,1.41,16.8799991607666,3.2399999999999998,-1
2026-01-30,688.1330925763239,690.540343876794,683.4877957603626,688.3121337890625,101835100.0,-0.3,-0.32,1.02,0.4,1.47,624.2360714484229,626.780052376051,617.8411370320566,620.4050903320312,65650700.0,-1.2,-0.59,1.4200000000000002,-0.13999999999999999,1.23,485.1097278982142,486.4685485782235,480.5969528449698,485.0303955078125,8112100.0,-0.24,-0.22,1.21,-0.38999999999999996,1.7999999999999998,17.440000534057617,3.32,-1
2026-02-02,685.9347490634862,693.2458711004026,685.7755608588325,691.73388671875,79286500.0,0.5,-0.35000000000000003,1.09,0.38999999999999996,1.79,617.2425627681274,627.0094788951942,617.2026180242116,624.6650390625,49020300.0,0.69,-0.51,1.58,0.11,2.12,484.87170013801136,490.76312139796863,482.99717351965353,489.989501953125,5584500.0,1.02,-0.03,1.6,-0.01,2.19,16.34000015258789,-6.3100000000000005,1
2026-02-03,692.529690413304,693.2757257351432,680.4140840721383,685.885009765625,107904600.0,-0.8500000000000001,0.12,1.8599999999999999,-0.86,0.26,626.8199062679399,628.4959413976924,609.5207880738473,615.0676879882812,81234000.0,-1.54,0.33999999999999997,3.04,-2.31,-0.24,489.1068591495236,492.4591903266321,484.2865910176284,488.28363037109375,8799100.0,-0.35000000000000003,-0.18,1.67,0.45999999999999996,0.5599999999999999,18.0,10.16,-1
2026-02-04,686.7006659106327,687.7948875474046,678.1561081391175,682.5626831054688,105204600.0,-0.48,0.12,1.41,-1.3299999999999998,-0.8099999999999999,613.5712416010163,613.6510093064408,599.0554677378625,604.3230590820312,81850700.0,-1.7500000000000002,-0.24,2.37,-4.34,-2.83,489.8804453444272,492.4393312705774,487.0933993289557,490.7036437988281,8797100.0,0.5,0.33,1.09,0.9400000000000001,0.06,18.639999389648438,3.56,-1
2026-02-05,677.3404209861714,680.0758839506523,672.2176206040476,674.0379638671875,113610800.0,-1.25,-0.77,1.15,-2.37,-1.73,598.7961590682759,603.3852988890579,593.3589849842447,595.6236572265625,89354500.0,-1.44,-0.91,1.66,-5.1499999999999995,-4.33,488.481939845313,489.4043264309658,484.2369457034854,484.911376953125,7767500.0,-1.18,-0.44999999999999996,1.05,-0.27,-0.18,21.770000457763672,16.79,-1
2026-02-06,677.8576866055596,688.6503070282812,677.2508650473027,686.96923828125,89127600.0,1.92,0.5700000000000001,1.69,-0.2,0.16,598.7761302609774,609.9696699932801,597.3594924154261,608.2138671875,78019300.0,2.11,0.53,2.12,-1.97,-1.7399999999999998,488.34307443271854,497.5670311707243,488.10504699390066,496.9322509765625,10635300.0,2.48,0.7100000000000001,1.95,2.45,1.76,20.3700008392334,-6.43,1
2026-02-09,685.7755337993461,692.1914496038428,684.7012866666231,690.2816162109375,73885200.0,0.48,-0.16999999999999998,1.09,-0.21,-0.02,606.1088060763491,615.0078372205985,603.6446538426547,612.8728637695312,56797600.0,0.77,-0.35000000000000003,1.87,-1.8900000000000001,-1.97,496.01982048635574,498.05307265922806,494.2345539487993,497.1207580566406,6414800.0,0.04,-0.18,0.77,1.46,1.29,17.360000610351562,-14.78,1
2026-02-10,691.276360737094,692.8579216647231,688.0037135108784,688.4613037109375,65185700.0,-0.26,0.13999999999999999,0.7000000000000001,0.38,-0.44,613.8605219833995,615.566515685603,609.5706636004911,610.029541015625,53938900.0,-0.45999999999999996,0.16,0.98,-0.8200000000000001,-2.5,498.23160040739816,501.16738352362813,497.16044652309455,497.7951965332031,8163100.0,0.13999999999999999,0.22,0.8099999999999999,1.95,1.25,17.790000915527344,2.48,-1
2026-02-11,692.7087599208829,693.4547952732178,685.5368515439336,688.3021850585938,76353900.0,-0.02,0.62,1.15,0.84,-0.26,614.9280269463444,616.0653561148772,606.2584951427149,611.6657104492188,58575100.0,0.27,0.8,1.6099999999999999,1.22,-2.1,500.08624777048163,500.9888088552558,495.04780849577105,497.22979736328125,5743800.0,-0.11,0.45999999999999996,1.1900000000000002,1.3299999999999998,1.95,17.649999618530273,-0.79,-1
2026-02-12,690.5701102294341,691.6742279947084,676.7734344520502,677.668701171875,118829000.0,-1.54,0.33,2.16,0.54,-1.32,613.2619605146361,614.3593449076634,598.1576109292407,599.22509765625,81378900.0,-2.03,0.26,2.65,0.6,-3.05,499.0151295817094,500.4136014544455,490.2771850531572,490.62432861328125,9160300.0,-1.3299999999999998,0.36,2.04,1.18,0.67,20.81999969482422,17.96,-1
2026-02-13,678.0864377658819,682.6522007204912,673.9384983110481,678.1461181640625,96267500.0,0.06999999999999999,0.06,1.29,-1.28,-1.52,599.0155948438262,605.0513310342399,595.0150312237765,600.5020751953125,69237500.0,0.21,-0.03,1.67,-1.27,-3.19,490.9912511254588,493.70883194726275,487.18266076162155,491.2292785644531,8378100.0,0.12,0.06999999999999999,1.3299999999999998,-1.15,0.2,20.600000381469727,-1.06,1
2026-02-17,676.5446598627462,681.31927396984,672.2077222570326,679.2402954101562,81354700.0,0.16,-0.24,1.34,-1.6,-1.27,596.9703796848319,602.527265543405,591.9422745141455,599.8834838867188,69013800.0,-0.1,-0.59,1.76,-2.12,-3.2099999999999995,491.27885023174025,493.5005506119861,488.085184311373,491.79461669921875,6779400.0,0.12,0.01,1.0999999999999999,-1.0699999999999998,0.49,20.290000915527344,-1.5,1
2026-02-18,680.4041503420104,685.507036973797,679.2204384959671,682.662109375,73570300.0,0.5,0.16999999999999998,0.9299999999999999,-0.84,1.29,600.691591343514,608.3335807359596,599.3048511606997,604.3629150390625,64250700.0,0.75,0.13,1.51,-0.9299999999999999,-0.37,492.71707028195715,495.2561308320975,490.6044857010069,492.9352722167969,4454300.0,0.22999999999999998,0.19,0.95,-0.98,2.5,19.6200008392334,-3.3000000000000003,1
2026-02-19,680.2251236342836,682.5527199680946,677.9471901363287,680.8616943359375,58649400.0,-0.26,-0.36,0.67,-1.08,-0.13,601.3899824064425,604.3929016136949,599.3348375008546,602.0484008789062,60960800.0,-0.38,-0.49,0.84,-1.5699999999999998,-2.08,491.5070119127731,492.4293985529901,488.382780547788,490.336669921875,4625400.0,-0.53,-0.29,0.8200000000000001,-1.39,0.73,20.229999542236328,3.11,-1
2026-02-20,678.7131823752115,686.4122580979458,678.126274472082,685.7855834960938,100034000.0,0.72,-0.32,1.22,1.2,0.06999999999999999,598.7063226521155,608.912204870808,597.818404566386,607.3758544921875,74127300.0,0.88,-0.5599999999999999,1.8399999999999999,1.3599999999999999,-1.9300000000000002,489.1181906632253,493.5471972678376,487.9761861069175,492.6335754394531,6086800.0,0.47000000000000003,-0.25,1.1400000000000001,0.41000000000000003,0.61,19.09000015258789,-5.64,1
2026-02-23,684.1940214696967,686.3525334522094,676.7734345413753,678.7827758789062,90558100.0,-1.02,-0.22999999999999998,1.4000000000000001,0.09,-0.9900000000000001,605.1809875790976,606.5777139403463,597.6387991893799,599.9932250976562,63859100.0,-1.22,-0.36,1.47,-0.08,-3.42,491.0645308468854,493.53722222455315,483.7655878763199,484.61962890625,8269200.0,-1.63,-0.32,1.9800000000000002,-1.35,-0.47000000000000003,21.010000228881836,10.059999999999999,-1
2026-02-24,678.295350173768,684.7112054782021,676.4053697086953,683.7164916992188,73798700.0,0.73,-0.06999999999999999,1.22,0.66,-0.7799999999999999,600.9809641013653,607.5554060860559,598.3172099190714,606.4380493164062,55023700.0,1.0699999999999998,0.16,1.54,1.09,-2.81,484.9970095410774,489.426015977355,484.06353760395865,488.3733825683594,5335000.0,0.77,0.08,1.11,-0.7000000000000001,-0.33999999999999997,19.549999237060547,-6.950000000000001,1
2026-02-25,686.53156929616,690.0130676270821,686.4519751919497,689.4859008789062,56369500.0,0.84,0.41000000000000003,0.52,1.0,-0.33999999999999997,609.6305248735758,615.3769659271486,609.5606824638733,615.227294921875,55710700.0,1.4500000000000002,0.53,0.96,1.7999999999999998,-2.29,490.20065001793984,491.69022919212614,488.4826577937079,491.38238525390625,4446200.0,0.62,0.37,0.66,-0.32,1.0999999999999999,17.93000030517578,-8.290000000000001,1
2026-02-26,689.615191050754,689.6350440416309,680.7323436648176,685.6561889648438,71671000.0,-0.5599999999999999,0.02,1.29,0.7000000000000001,-0.88,614.1398874724765,614.1398874724765,602.5571907580546,607.8048095703125,96178900.0,-1.21,-0.18,1.8800000000000001,0.96,-3.7900000000000005,493.5471748390991,494.7487600790051,488.8202344527193,491.4220275878906,6467000.0,0.01,0.44,1.21,0.22,1.09,18.6299991607666,3.9,-1
2026-02-27,679.4790749097389,683.2291046432514,678.0367277603054,682.3637084960938,83308900.0,-0.48,-0.8999999999999999,0.76,-0.5,-1.16,601.5595305738112,606.8869778398549,600.7714135107487,605.859375,68125200.0,-0.32,-1.03,1.01,-0.25,-3.52,486.2284493741901,487.53928634908317,483.3783926749983,486.25823974609375,7198400.0,-1.05,-1.06,0.8500000000000001,-1.29,0.01,19.860000610351562,6.6000000000000005,-1
2026-03-02,675.1122534180175,684.9797970984218,674.4358553343317,682.7516479492188,87477200.0,0.06,-1.06,1.55,0.58,-0.8099999999999999,597.449233707877,608.4831769130049,596.5812880631398,606.6575317382812,75264600.0,0.13,-1.39,1.96,1.11,-2.22,480.97515310670155,487.56903774623265,480.786470664539,485.7815246582031,7218500.0,-0.1,-1.09,1.39,0.24,0.15,21.440000534057617,7.960000000000001,1
2026-03-03,671.4915420947397,679.0016196644848,666.1200629162043,676.7337036132812,105003100.0,-0.88,-1.6500000000000001,1.8900000000000001,-1.02,-2.17,594.925270014521,602.5373012472795,590.4757543096065,600.1629028320312,97015500.0,-1.0699999999999998,-1.9300000000000002,1.9900000000000002,-1.03,-3.92,476.8241941455071,484.0039761680119,473.4180306144327,482.1469421386719,11570700.0,-0.75,-1.8399999999999999,2.18,-1.27,-1.6,23.56999969482422,9.93,-1
2026-03-04,678.026802327329,683.4579617719511,676.027417786932,681.50830078125,79182200.0,0.7100000000000001,0.19,1.0999999999999999,-1.16,-0.64,602.7367763187228,611.4362666076488,602.0085154373871,609.311279296875,70943900.0,1.52,0.43,1.5699999999999998,-0.96,-0.9400000000000001,483.17970658298975,485.6325478997181,480.58785365080945,484.35150146484375,7590700.0,0.45999999999999996,0.21,1.05,-1.43,-0.8099999999999999,21.149999618530273,-10.27,1
2026-03-05,678.4743840881955,681.9061587313661,672.0385544367263,677.7084350585938,106606500.0,-0.5599999999999999,-0.44999999999999996,1.4500000000000002,-1.16,-0.7100000000000001,605.9691332548557,611.316491745462,600.8412272682934,607.4755249023438,89602400.0,-0.3,-0.5499999999999999,1.72,-0.05,0.52,480.4587693868913,482.11715044134223,472.84204176735585,476.50640869140625,8758600.0,-1.6199999999999999,-0.8,1.91,-3.04,-2.8899999999999997,23.75,12.29,-1
2026-03-06,669.8501461298736,672.5358853430707,666.2194774432897,668.8256225585938,100687000.0,-1.31,-1.16,0.9299999999999999,-1.9800000000000002,-0.77,598.8958365654587,604.5724349663923,596.9205203720956,598.337158203125,86302300.0,-1.5,-1.41,1.26,-1.24,0.45999999999999996,470.42891703391325,472.92148895982905,467.1915555975983,471.9284362792969,8206100.0,-0.96,-1.28,1.2,-2.9499999999999997,-2.68,29.489999771118164,24.169999999999998,-1
2026-03-09,662.8673051642795,676.3257505242918,658.888450195908,674.6845092773438,102667700.0,0.88,-0.89,2.6100000000000003,-1.18,-1.79,592.83015152989,607.8347607375977,589.9370196014203,606.3283081054688,93068200.0,1.34,-0.9199999999999999,2.9899999999999998,-0.05,-0.31,467.60865919153355,476.0496071228801,463.43782573852525,474.5600280761719,10305600.0,0.5599999999999999,-0.9199999999999999,2.67,-2.31,-4.5,25.5,-13.530000000000001,1
2026-03-10,674.1374043547928,679.7476047325034,671.1930903760745,673.6002807617188,81505300.0,-0.16,-0.08,1.27,-0.45999999999999996,-2.42,606.3483040570791,611.8452732023572,603.9938171455258,606.3383178710938,64078900.0,0.0,0.0,1.29,1.03,-1.0699999999999998,474.4209869090638,479.51535210582745,471.7099724352881,474.38128662109375,6265600.0,-0.04,-0.03,1.6400000000000001,-1.6099999999999999,-4.569999999999999,24.93000030517578,-2.2399999999999998,-1
2026-03-11,673.9982140650914,676.4849986405864,669.7806371390539,672.7548217773438,68441700.0,-0.13,0.06,1.0,-1.28,-2.2800000000000002,607.5155254821397,610.9873082570145,603.6047767674571,606.2584838867188,60114800.0,-0.01,0.19,1.22,-0.5,-0.62,474.08335540890374,474.45078006094343,469.1776726206927,471.5113525390625,6701700.0,-0.6,-0.06,1.11,-2.65,-5.28,24.229999542236328,-2.81,-1
2026-03-12,667.6120785283837,668.0995392824933,662.3500644519811,662.5390625,108882200.0,-1.52,-0.76,0.8500000000000001,-2.2399999999999998,-3.74,601.3401324342583,602.7168865412752,595.6435611395323,595.8530883789062,71836600.0,-1.72,-0.8099999999999999,1.17,-1.91,-2.59,467.0724160577061,468.204510713344,464.16277884045064,464.2322998046875,8000200.0,-1.54,-0.9400000000000001,0.86,-2.58,-6.64,27.290000915527344,12.629999999999999,-1
2026-03-13,665.7321452917186,668.7859240392634,657.863924887251,658.7890014648438,97200200.0,-0.5700000000000001,0.48,1.6500000000000001,-1.5,-2.79,598.3172021392496,602.1780807449821,591.1740956767717,592.3213500976562,63145500.0,-0.59,0.41000000000000003,1.8499999999999999,-1.01,-1.15,466.67521377998617,468.820211365941,462.54411068543214,463.16973876953125,7471700.0,-0.22999999999999998,0.53,1.35,-1.8599999999999999,-5.6000000000000005,27.190000534057617,-0.37,-1
2026-03-16,664.8468199428278,668.5173163233716,663.5934708305671,665.493408203125,82023100.0,1.02,0.9199999999999999,0.75,-1.3599999999999999,-1.87,598.6264723831473,602.4374809704295,597.6986704778886,598.9656982421875,49077200.0,1.1199999999999999,1.06,0.8,-1.21,-0.26,466.8043015950411,469.41603511001534,465.7218777617349,467.0326843261719,7059900.0,0.83,0.7799999999999999,0.8,-1.59,-4.93,23.510000228881836,-13.530000000000001,1
2026-03-17,668.8355969918504,670.8747480492216,666.1598145596139,667.2440185546875,87128000.0,0.26,0.5,0.7100000000000001,-0.9400000000000001,-1.77,601.7192114600242,604.4727195335382,600.4521836848432,601.8887939453125,47106600.0,0.49,0.45999999999999996,0.67,-0.73,0.33,470.0913218013243,471.8291641365872,467.360426703054,467.6285400390625,6189400.0,0.13,0.65,0.96,-1.4200000000000002,-4.91,22.3700008392334,-4.8500000000000005,1
2026-03-18,664.8268919718373,666.1796881508768,657.6948111200146,657.9335327148438,82062600.0,-1.4000000000000001,-0.36,1.27,-2.1999999999999997,-3.62,600.0730994941966,601.7391485345295,593.1594313501803,593.4986572265625,56128000.0,-1.39,-0.3,1.43,-2.1,-1.7999999999999998,465.51328922662134,466.48649175326716,459.5450632874381,459.78338623046875,7090700.0,-1.68,-0.44999999999999996,1.48,-2.4899999999999998,-6.7299999999999995,25.09000015258789,12.16,-1
2026-03-19,653.497076818377,659.4753162945015,651.7066041735543,656.3121337890625,111272500.0,-0.25,-0.67,1.18,-0.9400000000000001,-3.61,588.1213056121308,594.3964663870662,585.6970372512312,591.623046875,75597600.0,-0.32,-0.91,1.47,-0.7100000000000001,-1.73,456.7744792044988,460.1508525272015,454.97705613344203,457.8569030761719,7882800.0,-0.42,-0.65,1.13,-1.37,-6.619999999999999,24.059999465942383,-4.109999999999999,-1
2026-03-20,654.8230422006715,655.0025723674255,643.063298812559,646.9034423828125,163617500.0,-1.43,-0.22999999999999998,1.82,-1.7999999999999998,-5.67,589.6676415345306,589.777367794347,577.177115328303,580.6888427734375,91964700.0,-1.8499999999999999,-0.33,2.13,-1.96,-4.390000000000001,456.5273177214113,458.3584789112979,451.36223622075187,453.7009582519531,10543300.0,-0.91,-0.29,1.53,-2.04,-7.9,26.780000686645508,11.31,-1
2026-03-23,656.3790129905765,660.9173090129275,652.2596206790361,653.6959228515625,134802700.0,1.05,1.46,1.34,-1.77,-3.6999999999999997,589.8718065319924,594.426798587646,585.316814476339,587.3545532226562,89936100.0,1.15,1.58,1.5699999999999998,-1.94,-2.11,461.0753092136316,464.7973710960134,458.7067630334376,459.751708984375,9978100.0,1.3299999999999998,1.63,1.34,-1.5599999999999998,-5.13,26.149999618530273,-2.35,1
2026-03-24,649.6463809650626,655.3417305137531,648.2100787416998,651.5015869140625,96457500.0,-0.33999999999999997,-0.62,1.09,-2.36,-4.71,584.168034177979,587.2846043834495,581.291190762444,583.3389282226562,57750900.0,-0.6799999999999999,-0.54,1.02,-3.08,-3.81,456.2188320325225,461.7123158833246,455.243526735054,458.95562744140625,8188000.0,-0.16999999999999998,-0.77,1.41,-1.8499999999999999,-6.02,26.950000762939453,3.06,-1
2026-03-25,656.9774239230809,659.1917509309695,652.5588148295345,655.1322021484375,90653800.0,0.5599999999999999,0.84,1.02,-0.43,-4.9799999999999995,588.4933019738706,590.7208345412774,585.0470769253521,587.1747436523438,60475500.0,0.66,0.88,0.97,-1.0699999999999998,-4.5600000000000005,463.4936774415622,464.9964060998583,459.58252535912914,461.91131591796875,7019700.0,0.64,0.9900000000000001,1.18,0.45999999999999996,-6.0,25.329999923706055,-6.01,1
2026-03-26,650.3844333840033,653.1672421520028,643.1630473705688,643.432373046875,96494400.0,-1.79,-0.72,1.53,-1.96,-6.16,581.9604215239336,583.9882223389391,572.8005050402526,573.1600952148438,81492100.0,-2.39,-0.89,1.91,-3.1199999999999997,-5.7,459.32379515259174,463.19510043705174,456.7362737053141,457.1044921875,8284000.0,-1.04,-0.5599999999999999,1.4000000000000001,-0.16,-6.98,27.440000534057617,8.33,-1
2026-03-27,640.8489947137006,641.0085567819559,631.4831091918358,632.4606323242188,103649400.0,-1.71,-0.4,1.48,-2.23,-7.31,570.1834096572744,570.3932010852176,560.953562318283,561.9624633789062,82702200.0,-1.95,-0.52,1.6500000000000001,-3.2199999999999998,-7.249999999999999,455.1639001741551,455.30324252045887,448.3268924081329,449.22259521484375,6938500.0,-1.72,-0.42,1.53,-0.9900000000000001,-7.62,31.049999237060547,13.16,-1
2026-03-30,638.4651675144013,638.7245091624994,627.6630399662237,630.3460693359375,99275900.0,-0.33,0.95,1.7500000000000002,-3.5700000000000003,-7.68,566.7571613464482,567.4264087803426,554.990063621082,557.6671752929688,70602600.0,-0.76,0.8500000000000001,2.21,-5.050000000000001,-8.08,453.4123230082303,453.9298151580749,448.2770964590094,449.8893127441406,9181600.0,0.15,0.9299999999999999,1.26,-2.15,-7.39,30.610000610351562,-1.4200000000000002,-1
2026-03-31,637.2981538716512,649.865752001465,636.3405988140365,648.6688842773438,152534100.0,2.91,1.0999999999999999,2.15,-0.43,-4.15,563.6705222317372,578.0048059355398,563.5906539497258,576.54638671875,95878000.0,3.39,1.08,2.58,-1.16,-3.94,454.61651163262223,461.5928611065636,452.48680316363084,460.96588134765625,11656300.0,2.46,1.05,2.02,0.44,-4.390000000000001,25.25,-17.51,1
2026-04-01,652.219751792706,656.8278752918841,651.3220400966815,653.5562744140625,97841500.0,0.75,0.5499999999999999,0.8500000000000001,-0.24,-4.1000000000000005,580.8416686249938,587.0948065489223,579.7828346644924,583.6685791015625,79435100.0,1.24,0.75,1.27,-0.6,-4.21,463.7624262850829,465.6532970562426,462.2696287755815,463.24493408203125,7790300.0,0.49,0.61,0.73,0.29,-4.36,24.540000915527344,-2.81,1
2026-04-02,644.7589215344626,656.5086804928782,643.4522901873171,654.144775390625,68358700.0,0.09,-1.35,2.0,1.66,-3.4799999999999995,573.3399058573888,585.4066623334502,571.2921684003409,584.3378295898438,50941700.0,0.11,-1.77,2.42,1.95,-3.81,457.95043885566554,465.2750835333769,456.67658628688787,462.826904296875,3955900.0,-0.09,-1.1400000000000001,1.8599999999999999,1.25,-2.87,23.8700008392334,-2.73,1
2026-04-06,654.1746977251443,658.0247645183308,653.8356054757206,657.23681640625,39105800.0,0.47000000000000003,0.0,0.64,3.92,-1.73,585.5864761740653,589.9616731281693,584.04818857967,587.85400390625,35108500.0,0.6,0.21,1.01,4.61,-1.7500000000000002,461.9312639583547,464.7775166253798,461.2346129737179,464.5287170410156,2905300.0,0.37,-0.19,0.77,3.4099999999999997,-1.5699999999999998,24.170000076293945,1.26,1
2026-04-07,654.9626585699763,657.9150134208243,649.386996170508,657.5260009765625,69980400.0,0.04,-0.35000000000000003,1.3,4.31,-2.54,584.9971348275072,588.33343423744,577.7650922119919,587.9439086914062,49948200.0,0.02,-0.49,1.7999999999999998,5.43,-3.0300000000000002,463.5135942190584,464.0709028205349,459.8910579384201,463.6429748535156,3943200.0,-0.19,-0.22,0.8999999999999999,3.06,-2.3,25.780000686645508,6.660000000000001,1
2026-04-08,674.6519776493207,675.3402070755335,669.734652974974,674.27294921875,93606100.0,2.55,2.6,0.8500000000000001,3.95,0.1,608.0418015962135,609.2304976949432,601.4590090396181,605.4246826171875,63086000.0,2.97,3.42,1.32,5.01,-0.15,476.5805376024232,477.8942065670926,473.2764721595418,476.85919189453125,4697500.0,2.85,2.79,1.0,3.45,0.52,21.040000915527344,-18.39,1
2026-04-09,673.1059235004034,679.4096297331154,672.0386657215836,678.162841796875,57134400.0,0.58,-0.16999999999999998,1.09,3.7699999999999996,0.8,605.2648690435934,609.8298599139192,602.3680889271087,609.5202026367188,37837500.0,0.6799999999999999,-0.03,1.23,4.43,0.54,475.1972313781793,480.9494763958036,474.719555626791,479.5860595703125,4213700.0,0.5700000000000001,-0.35000000000000003,1.31,3.53,1.71,19.489999771118164,-7.37,1
2026-04-10,679.5692561407437,680.2774536083281,676.7066358948267,677.7140502929688,42253500.0,-0.06999999999999999,0.21,0.53,3.5999999999999996,2.29,611.1684052317679,612.9963525292593,608.9108762966896,610.3992309570312,34038500.0,0.13999999999999999,0.27,0.67,4.46,2.44,479.8846386756649,480.08366011563896,476.33177340921475,476.94879150390625,2659000.0,-0.5499999999999999,0.06,0.7799999999999999,3.05,2.74,19.229999542236328,-1.3299999999999998,-1
2026-04-13,675.669302461078,684.536473353906,674.8414790590384,684.3369750976562,54185800.0,0.98,-0.3,1.43,4.12,3.88,608.8109292631304,626.0519920071752,607.4424380458482,616.7122802734375,32972100.0,1.03,-0.26,3.05,4.91,4.12,473.8138971201319,479.9642150708717,472.8684466257933,479.81494140625,3768700.0,0.6,-0.66,1.49,3.29,3.5900000000000003,19.1200008392334,-0.5700000000000001,1
2026-04-14,685.9229138241225,692.7952238870419,685.8929616905456,692.675537109375,63480500.0,1.22,0.22999999999999998,1.01,5.35,4.08,619.5391066149297,627.909912109375,619.4192432257902,627.909912109375,49921100.0,1.82,0.45999999999999996,1.38,6.800000000000001,4.83,480.09358574849716,483.6364890469086,479.5462084948473,483.1587829589844,4217900.0,0.7000000000000001,0.06,0.8500000000000001,4.21,3.45,18.360000610351562,-3.9699999999999998,1
2026-04-15,693.4734516118131,698.480571570673,692.4161778504387,698.1414184570312,58240400.0,0.79,0.12,0.88,3.54,4.63,628.389443361703,637.1298380333551,627.5104045058445,636.7003173828125,50102400.0,1.4000000000000001,0.08,1.53,5.17,5.779999999999999,484.173930535591,484.7411704797769,480.5414324746387,482.39251708984375,3474500.0,-0.16,0.21,0.8699999999999999,1.16,3.16,18.170000076293945,-1.03,1
2026-04-16,699.2585607342904,700.9741726960574,696.7350934539525,699.8569946289062,49972400.0,0.25,0.16,0.61,3.2,6.370000000000001,638.508341093032,641.4750515662109,634.5626649382287,639.7669067382812,42320600.0,0.48,0.27999999999999997,1.09,4.96,7.8,483.48721631601376,484.4425981226612,481.0290754480154,483.2981262207031,4111500.0,0.19,0.22999999999999998,0.7100000000000001,0.77,5.11,17.940000534057617,-1.27,1
2026-04-17,704.3255249385737,710.5594650064761,703.9464965121796,708.3152465820312,70661900.0,1.21,0.64,0.9400000000000001,4.52,7.920000000000001,644.8813252169399,649.2864572780229,643.3629742993419,648.1376953125,53488900.0,1.31,0.8,0.9299999999999999,6.18,9.55,488.5211924291607,494.86329103974697,488.21252207777735,492.0556335449219,10238700.0,1.81,1.08,1.38,3.17,7.470000000000001,17.479999542236328,-2.56,1
2026-04-20,706.9587079747221,708.0857482546458,704.3254772575062,706.8988037109375,43546800.0,-0.2,-0.19,0.53,3.3000000000000003,9.27,647.3285838511964,648.0478251654257,641.8146849601577,646.0799560546875,37138500.0,-0.32,-0.12,0.96,4.760000000000001,11.26,491.28900998697395,492.613172050446,490.1539878892006,492.1651306152344,3764000.0,0.02,-0.16,0.5,2.5700000000000003,8.48,18.8700008392334,7.95,-1
2026-04-21,708.4548936431559,709.4523240430285,700.8345107773317,702.2708129882812,58941400.0,-0.65,0.22,1.22,1.39,7.430000000000001,647.6981578004061,649.4862317832127,641.5050128476822,643.6226806640625,39580500.0,-0.38,0.25,1.24,2.5,9.58,495.06235306666446,496.19737507911344,488.172675868601,489.2080993652344,4322200.0,-0.6,0.59,1.63,1.25,6.41,19.5,3.34,-1
2026-04-22,707.3278031045794,709.6218808832724,706.4001392457644,709.3825073242188,42518500.0,1.01,0.72,0.45999999999999996,1.6099999999999999,8.88,649.4363527672372,654.6106593494021,647.8081371457112,654.390869140625,37368400.0,1.67,0.8999999999999999,1.06,2.78,12.18,493.15080682849504,493.967223019168,491.0699634039234,492.59326171875,4022400.0,0.69,0.8099999999999999,0.59,2.11,7.33,18.920000076293945,-2.97,1
2026-04-23,707.6768673789517,710.5295037064266,700.4754491270062,706.6295776367188,56174000.0,-0.38999999999999996,-0.24,1.4200000000000002,0.97,7.86,652.8325617169355,656.1988574654163,644.8114082493845,650.7048950195312,40099800.0,-0.5599999999999999,-0.24,1.7399999999999998,1.71,10.82,490.39293146120957,492.96164971370155,486.3706459735065,490.8409729003906,4077300.0,-0.36,-0.44999999999999996,1.34,1.5599999999999998,6.260000000000001,19.309999465942383,2.06,-1
2026-04-24,708.9236633096505,712.6340752101273,707.1881441382454,712.10546875,45182000.0,0.77,0.32,0.77,0.54,10.67,657.7871447947734,663.7805584259092,655.8093378063087,663.1512451171875,45563100.0,1.91,1.09,1.23,2.32,15.7,490.8907305096633,491.3288060095833,488.62071673004596,490.0544128417969,3372300.0,-0.16,0.01,0.5499999999999999,-0.41000000000000003,7.21,18.709999084472656,-3.11,1
2026-04-27,711.3374146094498,713.7911152864904,710.4696550399041,713.332275390625,33135900.0,0.16999999999999998,-0.11,0.47000000000000003,0.91,12.790000000000001,662.6718094811696,663.7006471456002,659.9647623025988,663.5008544921875,32717000.0,0.05,-0.06999999999999999,0.5599999999999999,2.7,18.07,489.4471436274069,491.3885857677221,488.1428829373092,489.6761169433594,2132100.0,-0.08,-0.12,0.66,-0.51,9.01,18.020000457763672,-3.6900000000000004,1
2026-04-28,709.9908768700561,711.0481506026886,707.4274735730012,709.8612060546875,43117400.0,-0.49,-0.47000000000000003,0.51,1.08,12.61,656.6883250827437,658.9159186391063,653.0923012400261,656.8281860351562,34147900.0,-1.01,-1.03,0.88,2.0500000000000003,17.78,491.2989274262671,491.65736663801283,488.6207056106749,489.26788330078125,3057100.0,-0.08,0.33,0.62,0.01,8.75,17.829999923706055,-1.05,-1
2026-04-29,709.1729992133655,710.3699278433978,706.5497524472755,709.7515258789062,41859200.0,-0.02,-0.1,0.54,0.05,9.42,657.906975030037,660.9935487523345,655.8692364466933,660.84375,31724900.0,0.61,0.16,0.7799999999999999,0.9900000000000001,14.62,488.79995152371964,489.3375647776698,484.8672379534819,486.5299377441406,3322300.0,-0.5599999999999999,-0.1,0.91,-1.23,5.55,18.809999465942383,5.5,-1
2026-04-30,712.7936806635566,717.9403946619685,708.6244289610544,716.8132934570312,67240900.0,0.9900000000000001,0.43,1.31,1.44,9.68,664.6195670718752,668.165718724101,656.8381407338443,667.0069580078125,40622200.0,0.9299999999999999,0.5700000000000001,1.71,2.5100000000000002,14.280000000000001,488.8298236770933,495.40089547177945,488.2424111564862,494.4749755859375,5352300.0,1.63,0.47000000000000003,1.47,0.74,6.74,16.889999389648438,-10.209999999999999,1
2026-05-01,719.3966516418469,723.0073446973263,718.6186267345964,718.7982177734375,43049800.0,0.27999999999999997,0.36,0.61,0.9400000000000001,9.879999999999999,668.425399726581,675.2279215792395,668.0658095505829,673.4099731445312,39172600.0,0.96,0.21,1.0699999999999998,1.55,15.24,496.6553899035126,497.74061274082055,492.7426081317279,492.85211181640625,4402600.0,-0.33,0.44,1.01,0.5700000000000001,6.49,16.989999771118164,0.59,1
2026-05-04,718.2196821209096,720.2644021704073,713.152718877996,716.1649780273438,51950600.0,-0.37,-0.08,0.9900000000000001,0.4,8.97,673.9193717407993,675.9871067346722,668.165745937857,672.141357421875,34542000.0,-0.19,0.08,1.16,1.3,14.34,491.3387939597187,492.1651457356453,486.85850100567876,487.4160461425781,3310400.0,-1.0999999999999999,-0.31,1.08,-0.45999999999999996,4.93,18.290000915527344,7.6499999999999995,-1
2026-05-05,719.9153564929043,723.1769124909786,719.6360467603954,721.9102172851562,36933200.0,0.8,0.52,0.49,1.7000000000000002,9.790000000000001,677.2157986999623,682.0205161358222,676.7662804889583,680.8617553710938,37101100.0,1.3,0.75,0.7799999999999999,3.66,15.8,489.73582600513816,491.42836277572695,487.8839559103421,490.8011169433594,3386200.0,0.69,0.48,0.73,0.31,5.86,17.3799991607666,-4.9799999999999995,1
2026-05-06,726.288861980811,732.7023927493656,725.9497697512824,731.9443359375,53288900.0,1.39,0.61,0.9400000000000001,3.1300000000000003,8.55,687.0250065058129,695.1660231170968,685.7263848294704,695.0062255859375,38778500.0,2.08,0.91,1.39,5.17,14.799999999999999,494.8035293982768,497.8899289054243,494.72386273645617,496.86444091796875,4317300.0,1.24,0.8200000000000001,0.65,2.12,4.2,17.389999389648438,0.06,1
2026-05-07,733.161188473549,734.238430329629,727.8748196364371,729.7001342773438,51724600.0,-0.31,0.16999999999999998,0.8699999999999999,1.7999999999999998,7.6,695.8153383268437,700.4701959320079,691.0106209986512,694.1771240234375,43779100.0,-0.12,0.12,1.3599999999999999,4.07,13.889999999999999,498.3180810963652,499.00506174778985,492.6031981354709,493.73822021484375,4490500.0,-0.63,0.29,1.29,-0.15,2.9499999999999997,17.079999923706055,-1.78,-1
2026-05-08,733.0415191543954,736.1834492768152,732.6824588199246,735.724609375,47227100.0,0.83,0.45999999999999996,0.48,2.35,8.559999999999999,699.1516368844667,710.44921875,698.7321150158692,710.44921875,44320400.0,2.34,0.72,1.69,5.5,16.39,496.2969899828076,496.3666603361596,492.7625184632333,493.957275390625,3495200.0,0.04,0.52,0.73,0.22,3.5700000000000003,17.190000534057617,0.64,1
2026-05-11,734.5576163199453,738.8864300819614,734.5576163199453,737.4002685546875,44024000.0,0.22999999999999998,-0.16,0.59,2.97,7.75,709.5801817559162,713.805579696499,708.1317613118729,712.5069580078125,36019100.0,0.29,-0.12,0.8,6.01,15.53,493.6286618594311,495.65973631083284,492.5932383526938,494.93292236328125,4249100.0,0.2,-0.06999999999999999,0.62,1.54,3.15,18.3799991607666,6.92,1
2026-05-12,734.9964788307154,736.9414802248905,729.9494836014034,736.2831420898438,54185300.0,-0.15,-0.33,0.95,1.9900000000000002,6.3,707.4425277497028,709.4003981235137,695.8752835015275,706.463623046875,45873000.0,-0.8500000000000001,-0.7100000000000001,1.9,3.7600000000000002,12.509999999999998,494.33557246136655,496.22724544281374,491.0301049201012,495.70953369140625,7445700.0,0.16,-0.12,1.05,1.0,2.6,17.989999771118164,-2.12,-1
2026-05-13,736.5723674930287,741.9983910774667,733.5800764180441,740.4025268554688,44200200.0,0.5599999999999999,0.04,1.1400000000000001,1.16,6.05,709.1806902070881,715.8633489513101,704.0563165931343,713.9254760742188,40012500.0,1.06,0.38,1.67,2.7199999999999998,12.13,493.98714094091565,495.4307726401717,492.47380850463827,494.9628601074219,3256800.0,-0.15,-0.35000000000000003,0.6,-0.38,2.6100000000000003,17.8700008392334,-0.67,1
2026-05-14,741.7391534739264,747.6040491923611,741.649357949993,746.2474975585938,45307600.0,0.79,0.18,0.8,2.27,6.63,713.8355094170396,721.2374091114184,713.4359241362712,718.9998168945312,33327500.0,0.7100000000000001,-0.01,1.09,3.58,12.379999999999999,499.1942238938051,499.96084081248506,496.6653390791464,498.6067810058594,4920500.0,0.74,0.8500000000000001,0.67,0.9900000000000001,3.17,17.260000228881836,-3.4099999999999997,1
2026-05-15,739.8838927249178,741.5496453663399,736.0637780312098,737.2706298828125,60410800.0,-1.2,-0.8500000000000001,0.74,0.21,4.09,709.3604881552494,714.3450008365951,704.7754998097428,708.1517944335938,51792700.0,-1.51,-1.34,1.3299999999999998,-0.32,9.26,495.4150770768555,495.8334512881113,493.18363648098347,493.4725341796875,5300700.0,-1.03,-0.64,0.53,-0.1,0.29,18.43000030517578,6.78,-1
2026-05-18,737.9289136337939,739.5147938000424,731.5054597381557,736.751953125,47843900.0,-0.06999999999999999,0.09,1.09,-0.09,4.22,710.7588622671137,711.2883097073819,698.0827906816122,705.1051025390625,49834500.0,-0.43,0.37,1.8599999999999999,-1.04,9.139999999999999,493.75145574381736,495.7338539186118,491.70932022581155,495.10626220703125,5496200.0,0.33,0.06,0.8200000000000001,0.04,0.6,17.81999969482422,-3.3099999999999996,-1
2026-05-19,732.8919551385734,735.7545755811656,729.650306265128,731.8446044921875,54255900.0,-0.67,-0.52,0.83,-0.6,4.21,699.0418050981273,705.714465040699,694.4868131207006,700.7599487304688,46827500.0,-0.62,-0.86,1.59,-0.8099999999999999,8.88,492.9346105000241,494.4388363874358,490.693228805863,492.087890625,5361300.0,-0.61,-0.44,0.76,-0.73,0.59,18.059999465942383,1.35,-1
2026-05-20,733.8195334397973,739.9636778498481,732.0042028263388,739.3452758789062,45768000.0,1.02,0.27,1.09,-0.13999999999999999,4.22,704.5157692199168,712.3671875,703.0174157954351,712.3671875,36779200.0,1.66,0.54,1.3299999999999998,-0.22,8.86,493.9705964122313,499.01121196968666,490.60353842469453,498.3238525390625,6516100.0,1.27,0.38,1.71,0.6799999999999999,1.16,17.440000534057617,-3.4299999999999997,1
2026-05-21,736.7419902854853,742.9559620700644,735.1361419849363,740.8114624023438,43332200.0,0.2,-0.35000000000000003,1.06,-0.73,4.84,708.2116871156971,716.3327671783537,705.9941534147096,713.7256469726562,36415400.0,0.19,-0.58,1.4500000000000002,-0.73,9.68,496.86949069063616,502.11929373722353,495.3054970632367,501.1828918457031,6576000.0,0.5700000000000001,-0.29,1.37,0.52,2.11,16.760000228881836,-3.9,1
2026-05-22,744.3224328967863,747.015507083493,742.566945697205,743.7239990234375,41762000.0,0.38999999999999996,0.47000000000000003,0.6,0.88,4.44,717.2817668085307,721.3273088449104,715.1640988544713,716.7523193359375,33118600.0,0.42,0.5,0.86,1.21,8.08,505.06800209701606,506.7913561969131,503.75305081567,504.181396484375,5172200.0,0.6,0.7799999999999999,0.61,2.17,2.88,16.700000762939453,-0.36,1
2026-05-25,,,,,,,,,,,,,,,,,,,,,,,,,,,,,,,16.59000015258789,-0.66,0
2026-05-26,748.0827892360243,750.1973368284331,746.4469887578754,748.6613159179688,41123600.0,0.66,0.59,0.5,1.6199999999999999,4.95,725.1631283460116,730.3673702569255,723.3650554496121,729.4783935546875,34254700.0,1.78,1.17,0.98,3.46,9.94,505.62581806531466,506.293234682036,502.039601376259,503.314697265625,3897800.0,-0.16999999999999998,0.29,0.84,1.66,2.79,17.010000228881836,2.53,1
2026-05-27,748.9505199197505,749.4492351039673,746.2973210478585,748.5316162109375,42106300.0,-0.02,0.04,0.42,2.2800000000000002,5.45,732.155448805963,732.515039000156,724.6436840304248,728.6492919921875,35148700.0,-0.11,0.37,1.08,3.9800000000000004,10.93,503.9921032356511,506.7515126198921,503.87256774187756,504.9384765625,4247800.0,0.32,0.13,0.5700000000000001,2.6100000000000003,3.2,16.290000915527344,-4.2299999999999995,-1
2026-05-28,748.3221518516883,753.2095851254732,747.3047533704411,752.6609497070312,41562600.0,0.5499999999999999,-0.03,0.79,1.7999999999999998,6.05,728.9289290608506,735.7913827320126,725.6125662306399,734.79248046875,32840000.0,0.84,0.04,1.4000000000000001,3.15,11.19,503.40434656672966,506.2633484804659,501.7108764718307,505.1077880859375,3709600.0,0.03,-0.3,0.8999999999999999,1.3599999999999999,3.82,15.739999771118164,-3.38,1
2026-05-29,753.9576670103595,756.1320579864754,752.7507543048832,754.5361328125,55075700.0,0.25,0.16999999999999998,0.44999999999999996,1.8499999999999999,5.26,737.0300569298091,740.815874477768,734.4428732975097,737.49951171875,37541700.0,0.37,0.3,0.8699999999999999,3.3300000000000005,10.57,505.95451313297866,509.35145497857326,505.25721268181655,508.823486328125,5346700.0,0.74,0.16999999999999998,0.8099999999999999,1.52,2.9000000000000004,15.319999694824219,-2.67,1
2026-06-01,753.4189990020213,758.3264003155792,752.7507376917755,756.5908203125,43634900.0,0.27,-0.15,0.74,1.73,5.26,736.2309273283665,744.8315224447946,735.1820921097265,741.9246826171875,33890600.0,0.6,-0.16999999999999998,1.31,3.51,10.17,507.8970815176992,509.89936176046314,506.3828842547202,509.4809875488281,4424800.0,0.13,-0.18,0.69,1.05,3.37,16.049999237060547,4.77,1
2026-06-02,755.0847737682097,758.4461093852723,754.805464031348,757.6182250976562,31581900.0,0.13999999999999999,-0.2,0.48,1.2,5.79,741.5850600741305,745.6206032443648,738.4184960219842,745.3408813476562,30085200.0,0.45999999999999996,-0.05,0.97,2.17,10.89,507.1300293025965,512.5193107280277,506.9806099360417,512.0809936523438,5078000.0,0.51,-0.45999999999999996,1.09,1.7399999999999998,5.06,15.770000457763672,-1.7399999999999998,1
2026-06-03,756.2018667594974,756.8501599793441,751.6336185743088,752.3018798828125,51402500.0,-0.7000000000000001,-0.19,0.69,0.5,4.21,746.4896389980919,747.828194840854,740.1965670083828,743.39306640625,40270200.0,-0.26,0.15,1.02,2.02,9.180000000000001,509.2120285751664,510.88555580883906,506.0441861378762,506.31317138671875,4098000.0,-1.13,-0.5599999999999999,0.95,0.27,3.16,16.059999465942383,1.8399999999999999,-1
2026-06-04,750.1673635570705,756.3614281257201,749.5389775481502,755.1445922851562,49923000.0,0.38,-0.27999999999999997,0.91,0.33,3.17,734.6726235372454,742.6838392688934,731.815777671541,739.7969970703125,40782600.0,-0.48,-1.17,1.46,0.6799999999999999,6.4399999999999995,511.72240576303636,515.5975204136839,510.7162646572072,514.7208862304688,6390700.0,1.66,1.0699999999999998,0.96,1.9,3.5900000000000003,15.399999618530273,-4.109999999999999,1
2026-06-05,750.3768677170906,750.8855669656407,733.6400171295905,735.65478515625,93989400.0,-2.58,-0.63,2.2800000000000002,-2.5,0.8200000000000001,729.2585667367451,730.8867822650427,703.5468328396532,704.2860107421875,99606600.0,-4.8,-1.4200000000000002,3.6999999999999997,-4.5,1.46,515.7269782585946,515.7668031535429,506.8012768795074,507.7476501464844,6610700.0,-1.35,0.2,1.7399999999999998,-0.21,2.8400000000000003,21.510000228881836,39.68,-1
2026-06-08,741.4498108327123,743.4247643242134,736.2931129658897,737.3204345703125,49319100.0,0.22999999999999998,0.79,0.97,-2.55,0.22,717.0220156925686,722.2363170978037,712.2872288217055,715.283935546875,47401500.0,1.5599999999999998,1.81,1.41,-3.5900000000000003,0.6799999999999999,508.8135542909367,511.7921221765377,506.3729569219221,506.960693359375,4825700.0,-0.15,0.21,1.0699999999999998,-0.49,2.63,18.920000076293945,-12.04,1
2026-06-09,741.7191759970133,744.9807928982774,720.7332622187009,735.1560668945312,87683500.0,-0.29,0.6,3.29,-2.96,-0.3,722.1863106332692,724.863361278284,685.6165148330579,707.052978515625,91932200.0,-1.15,0.96,5.489999999999999,-5.140000000000001,-0.77,509.5208185239108,511.5728949889256,501.152969882435,507.458740234375,6249400.0,0.1,0.5,2.06,-0.8999999999999999,2.53,19.8700008392334,5.0200000000000005,-1
2026-06-10,731.5054857614351,736.4826536495077,723.4661992814284,723.56591796875,60341300.0,-1.58,-0.5,1.77,-3.82,-1.73,700.8897497708573,710.4992458337158,692.1693523412803,692.9285278320312,65334300.0,-2.0,-0.8699999999999999,2.59,-6.79,-1.92,505.546089809293,506.79130178277404,498.18441243042827,498.3338317871094,5153400.0,-1.7999999999999998,-0.38,1.7000000000000002,-1.58,0.53,22.219999313354492,11.83,-1
2026-06-11,726.8873842592473,738.0984921563339,722.5485255148498,735.8642578125,86330500.0,1.7000000000000002,0.45999999999999996,2.15,-2.55,-0.61,698.5223198057862,717.5813914617661,694.2370511794155,716.332763671875,71798900.0,3.38,0.8099999999999999,3.37,-3.17,0.33999999999999997,501.262616254668,508.8036279162555,499.6488262611839,507.4089660644531,6353900.0,1.82,0.59,1.8399999999999999,-1.4200000000000002,2.5100000000000002,19.440000534057617,-12.509999999999998,1
2026-06-12,738.8066884479139,742.5270843334097,733.1412911200548,739.843994140625,57079500.0,0.54,0.4,1.28,0.5700000000000001,-0.86,716.8222099862159,723.2152086039907,710.4992028084189,720.5481567382812,51168400.0,0.59,0.06999999999999999,1.78,2.31,0.22,510.9254557850516,513.3261978391612,507.52851370091656,511.09478759765625,8384500.0,0.73,0.69,1.1400000000000001,0.66,2.5,17.68000030517578,-9.049999999999999,1
2026-06-15,749.9179969688896,754.7356026867302,749.8282623277308,752.890380859375,60176400.0,1.76,1.3599999999999999,0.66,2.11,2.12,737.2897407963812,743.9424640540115,736.5705604269921,743.1832885742188,46710200.0,3.1399999999999997,2.32,1.02,3.9,4.95,517.2411758102631,518.8450552423092,515.8863996055227,516.4542236328125,5379400.0,1.05,1.2,0.58,1.87,4.66,16.200000762939453,-8.37,1
2026-06-16,752.6111046530555,753.4988323298886,747.9531216783239,748.4019775390625,67093100.0,-0.6,-0.04,0.74,1.7999999999999998,1.58,741.4351902855873,743.4029984406948,728.8390476265988,729.0587768554688,45348700.0,-1.9,-0.24,1.96,3.11,3.4000000000000004,518.326982880346,521.2955488852413,518.0679690514738,519.4426879882812,4812600.0,0.58,0.36,0.62,2.36,4.92,16.40999984741211,1.3,-1
2026-06-17,749.3594421826946,750.217278570044,737.3204502885575,739.0560302734375,85945200.0,-1.25,0.13,1.72,2.1399999999999997,0.9900000000000001,734.38293083454,734.8723831709506,720.058646070882,721.7168579101562,51669300.0,-1.01,0.73,2.03,4.15,2.9899999999999998,519.2633495181406,522.1621761569163,513.3261571098552,514.3223266601562,6563500.0,-0.9900000000000001,-0.03,1.7000000000000002,3.2099999999999995,4.52,18.440000534057617,12.370000000000001,-1
2026-06-18,747.760009765625,748.22998046875,743.8599853515625,746.739990234375,80875700.0,1.04,1.18,0.59,1.48,1.0,736.390778085872,741.005701773832,731.7059239216511,739.8070068359375,50154600.0,2.5100000000000002,2.03,1.29,3.2800000000000002,3.85,517.8534533091957,518.9422679597349,514.85678957084,514.9467163085938,7134400.0,0.12,0.69,0.79,1.49,3.34,16.399999618530273,-11.06,1
2026-06-22,747.7000122070312,750.1799926757812,743.1300048828125,744.3900146484375,46628100.0,-0.31,0.13,0.9400000000000001,0.61,0.48,742.02001953125,745.4500122070312,734.3900146484375,737.9500122070312,43518600.0,-0.25,0.3,1.49,2.42,3.39,516.2652815265023,518.3329259583188,515.4161901777405,516.5050048828125,6552200.0,0.3,0.26,0.5700000000000001,1.06,3.06,17.280000686645508,5.37,-1
2026-06-23,733.8099975585938,739.6300048828125,732.2999877929688,733.5800170898438,66846800.0,-1.4500000000000002,-1.4200000000000002,0.98,-2.56,-1.3599999999999999,715.739990234375,723.6099853515625,712.1099853515625,713.6500244140625,53354200.0,-3.29,-3.01,1.5599999999999998,-3.9699999999999998,-0.43,514.107626192277,518.1431114317724,512.3995059047012,516.0454711914062,5039200.0,-0.09,-0.45999999999999996,1.11,-0.08,2.35,19.489999771118164,12.790000000000001,-1
2026-06-24,735.1699829101562,739.9500122070312,730.8400268554688,733.239990234375,57439500.0,-0.05,0.22,1.24,-2.03,-2.06,715.3699951171875,719.9299926757812,704.4500122070312,710.6199951171875,52480400.0,-0.42,0.24,2.17,-2.53,-2.59,515.6159335602632,521.8489841325076,515.4361410592113,517.943359375,4395900.0,0.37,-0.08,1.24,-0.29,2.91,18.6299991607666,-4.41,-1
2026-06-25,738.9099731445312,739.3699951171875,729.5999755859375,734.2999877929688,53934400.0,0.13999999999999999,0.77,1.3299999999999998,-0.64,-1.9,725.9000244140625,726.8300170898438,705.2999877929688,716.3800048828125,49668000.0,0.8099999999999999,2.15,3.0300000000000002,-0.74,-1.68,520.6104025406712,525.984424480063,517.9733237740062,518.6825561523438,5357500.0,0.13999999999999999,0.51,1.55,0.8500000000000001,2.7199999999999998,18.889999389648438,1.4000000000000001,1
2026-06-26,728.9500122070312,736.530029296875,716.5800170898438,728.989990234375,71034000.0,-0.72,-0.73,2.7199999999999998,-2.3800000000000003,-3.1399999999999997,707.1300048828125,715.5599975585938,702.8099975585938,706.52001953125,47081800.0,-1.38,-1.29,1.78,-4.5,-3.85,516.425028433954,520.7002977788995,515.5260049646629,517.1741943359375,3823600.0,-0.29,-0.44,1.0,0.43,2.39,18.40999984741211,-2.54,-1
2026-06-29,736.530029296875,741.5599975585938,732.0900268554688,741.0,58035200.0,1.6500000000000001,1.03,1.3,-0.45999999999999996,-1.79,713.989990234375,724.5800170898438,705.1699829101562,724.0800170898438,44939100.0,2.4899999999999998,1.06,2.75,-1.8800000000000001,-1.82,520.050972459182,522.3983344576462,518.8223599457269,521.0997924804688,5733400.0,0.76,0.5599999999999999,0.69,0.89,2.41,17.649999618530273,-4.130000000000001,1
2026-06-30,741.2899780273438,748.02001953125,740.8900146484375,746.77001953125,55626000.0,0.7799999999999999,0.04,0.96,1.7999999999999998,-1.3,724.1799926757812,737.6199951171875,723.9099731445312,736.4000244140625,42121800.0,1.7000000000000002,0.01,1.8900000000000001,3.19,-0.74,521.7690264643859,522.5581868583288,519.0121473038711,521.8090209960938,3607900.0,0.13999999999999999,0.13,0.6799999999999999,1.1199999999999999,2.42,16.450000762939453,-6.800000000000001,1
2026-07-01,745.0,749.4400024414062,742.3800048828125,745.760009765625,47100900.0,-0.13999999999999999,-0.24,0.95,1.71,-1.5699999999999998,729.1900024414062,731.9199829101562,724.5999755859375,725.1699829101562,40803800.0,-1.52,-0.98,0.9900000000000001,2.0500000000000003,-2.71,520.8500778562403,526.1341725690525,519.0420933088317,521.8190307617188,3438400.0,0.0,-0.18,1.3599999999999999,0.75,1.9,16.59000015258789,0.8500000000000001,-1
2026-07-02,747.4000244140625,751.3099975585938,740.030029296875,744.780029296875,57447800.0,-0.13,0.22,1.51,1.43,-1.0,725.5800170898438,730.8300170898438,707.5599975585938,712.5999755859375,50959800.0,-1.73,0.06,3.2099999999999995,-0.53,-4.14,524.9056119498302,527.6725510432186,523.147559426982,527.29296875,3518700.0,1.05,0.59,0.8699999999999999,1.66,4.14,16.149999618530273,-2.65,-1
2026-07-06,748.739990234375,752.4099731445312,747.4099731445312,751.280029296875,50673300.0,0.8699999999999999,0.53,0.67,3.06,-0.51,719.9299926757812,726.0800170898438,718.4500122070312,722.8200073242188,30220400.0,1.43,1.03,1.0699999999999998,2.31,-2.29,528.1319558341445,529.50048828125,525.2651525763463,529.50048828125,3236900.0,0.42,0.16,0.8,2.3800000000000003,2.87,15.569999694824219,-3.5900000000000003,1
2026-07-07,750.219970703125,750.9600219726562,745.2100219726562,747.7100219726562,43721500.0,-0.48,-0.13999999999999999,0.77,0.91,1.6400000000000001,714.1699829101562,716.3499755859375,704.9000244140625,709.4299926757812,42483100.0,-1.8499999999999999,-1.2,1.58,-2.02,0.73,531.9177869825128,531.9477219154921,526.5237681222028,527.8623046875,4489200.0,-0.31,0.45999999999999996,1.02,1.3,3.9600000000000004,16.1299991607666,3.5999999999999996,-1
2026-07-08,743.1599731445312,746.1500244140625,739.510009765625,745.4000244140625,43767400.0,-0.31,-0.61,0.89,-0.18,1.0999999999999999,704.9500122070312,712.260009765625,700.9099731445312,711.4400024414062,35603200.0,0.27999999999999997,-0.63,1.6,-3.39,-0.54,522.7579719991566,523.8767214661672,519.4516557950445,522.1885986328125,3575000.0,-1.0699999999999998,-0.97,0.84,0.06999999999999999,3.0,16.899999618530273,4.77,-1
2026-07-09,747.3499755859375,751.969970703125,745.5900268554688,751.7100219726562,41441700.0,0.8500000000000001,0.26,0.86,0.8,2.25,718.3300170898438,724.22998046875,715.1300048828125,723.280029296875,33654700.0,1.66,0.97,1.28,-0.26,2.3,523.0676781412103,524.5660100053017,521.5593476432603,523.6070556640625,3056400.0,0.27,0.16999999999999998,0.58,0.33999999999999997,3.18,15.84000015258789,-6.2700000000000005,1
2026-07-10,752.0499877929688,755.4199829101562,748.0999755859375,754.9500122070312,42191300.0,0.43,0.05,0.97,1.37,4.34,720.7000122070312,726.3900146484375,717.0,725.510009765625,26415900.0,0.31,-0.36,1.3,1.81,4.7,525.0553925421052,525.8844255113287,521.1597057743865,525.1952514648438,3469400.0,0.3,0.27999999999999997,0.8999999999999999,-0.4,5.390000000000001,15.029999732971191,-5.11,1
2026-07-13,752.469970703125,753.9099731445312,748.0,749.1699829101562,44013600.0,-0.77,-0.33,0.7799999999999999,-0.27999999999999997,1.81,717.719970703125,718.739990234375,710.0800170898438,711.739990234375,36552400.0,-1.9,-1.0699999999999998,1.1900000000000002,-1.53,-0.64,525.2551900972999,527.2729020052334,522.3184575125211,523.8866577148438,2723800.0,-0.25,0.01,0.9400000000000001,-1.06,3.25,17.15999984741211,14.17,-1
2026-07-14,750.9099731445312,753.3400268554688,748.6599731445312,751.8300170898438,35143100.0,0.36,0.22999999999999998,0.62,0.5499999999999999,1.6199999999999999,720.219970703125,722.2899780273438,714.3400268554688,719.6900024414062,29448100.0,1.1199999999999999,1.1900000000000002,1.1199999999999999,1.4500000000000002,-0.12,522.737973895809,526.1341558554799,521.9788094085668,524.1064453125,3664000.0,0.04,-0.22,0.79,-0.7100000000000001,2.55,16.5,-3.85,1
2026-07-15,754.239990234375,755.5800170898438,750.2000122070312,754.8099975585938,43844800.0,0.4,0.32,0.72,1.26,0.25,723.8499755859375,724.3599853515625,710.22998046875,717.739990234375,32627600.0,-0.27,0.58,1.96,0.89,-3.42,525.3151801022778,527.1431010945205,523.1176144907313,525.3651123046875,3246900.0,0.24,0.22999999999999998,0.77,0.61,1.73,15.670000076293945,-5.029999999999999,1
2026-07-16,752.760009765625,754.5700073242188,747.8800048828125,750.719970703125,46409800.0,-0.54,-0.27,0.89,-0.13,0.31,712.010009765625,713.5999755859375,702.6099853515625,705.9400024414062,39402000.0,-1.6400000000000001,-0.8,1.53,-2.4,-3.17,526.2241163637253,527.3428659007595,522.4882854846348,524.246337890625,3173300.0,-0.21,0.16,0.9199999999999999,0.12,0.9199999999999999,16.729999542236328,6.76,-1
2026-07-17,742.0800170898438,747.2899780273438,740.7999877929688,743.2899780273438,62651000.0,-0.9900000000000001,-1.15,0.86,-1.54,0.5700000000000001,691.6500244140625,702.2999877929688,686.760009765625,695.3300170898438,54109300.0,-1.5,-2.02,2.1999999999999997,-4.16,-3.66,519.2095263843481,524.9247584603673,518.4701491841938,520.3785400390625,4741300.0,-0.74,-0.96,1.23,-0.9199999999999999,1.18,18.770000457763672,12.19,-1
2026-07-20,747.0599975585938,748.72998046875,741.510009765625,742.0900268554688,50422300.0,-0.16,0.51,0.97,-0.95,-0.62,702.1599731445312,705.7999877929688,695.510009765625,696.0599975585938,29687600.0,0.1,0.98,1.48,-2.1999999999999997,-5.91,521.6075043352433,522.9664240184392,516.7315421959331,517.5109252929688,2336600.0,-0.5499999999999999,0.24,1.2,-1.22,0.5,18.649999618530273,-0.64,-1
2026-07-21,746.2899780273438,749.0399780273438,744.1799926757812,748.280029296875,34324300.0,0.83,0.5700000000000001,0.65,-0.47000000000000003,0.52,706.5700073242188,710.0499877929688,702.7999877929688,708.969970703125,33728300.0,1.8499999999999999,1.51,1.04,-1.49,-3.93,519.1994945843294,522.5766991536548,517.6907358526108,521.0779418945312,3240700.0,0.69,0.33,0.9400000000000001,-0.58,0.89,17.049999237060547,-8.58,1
2026-07-22,746.6199951171875,750.02001953125,746.3699951171875,747.4099731445312,32836200.0,-0.12,-0.22,0.49,-0.98,1.8900000000000001,703.6199951171875,709.6500244140625,703.6199951171875,705.3499755859375,23692200.0,-0.51,-0.75,0.8500000000000001,-1.73,-1.16,521.1978654680814,523.9355857836151,520.5783839799501,521.0379638671875,3204100.0,-0.01,0.02,0.64,-0.8200000000000001,0.97,16.639999389648438,-2.4,-1
2026-07-23,739.3699951171875,742.5599975585938,735.2100219726562,738.1799926757812,55437300.0,-1.23,-1.08,0.98,-1.67,0.67,694.6699829101562,698.6599731445312,687.7899780273438,691.9600219726562,44028600.0,-1.9,-1.51,1.54,-1.9800000000000002,-2.63,514.6433197905752,517.7407273354341,514.2935731422237,515.8323364257812,4305100.0,-1.0,-1.23,0.66,-1.6,-0.41000000000000003,18.700000762939453,12.379999999999999,-1
2026-07-24,738.510009765625,743.719970703125,737.2899780273438,738.9299926757812,44782000.0,0.1,0.04,0.8699999999999999,-0.59,0.63,690.4099731445312,692.6300048828125,682.47998046875,684.22998046875,42876700.0,-1.1199999999999999,-0.22,1.47,-1.6,-4.49,516.8515067996294,520.1287578866829,515.8423337411698,518.3302612304688,3328400.0,0.48,0.2,0.83,-0.38999999999999996,-0.06999999999999999,18.579999923706055,-0.64,1
2026-07-27,744.9099731445312,745.530029296875,735.8699951171875,739.0900268554688,41461200.0,0.02,0.8099999999999999,1.31,-0.4,1.39,691.6799926757812,692.2999877929688,675.9500122070312,682.1199951171875,42681500.0,-0.31,1.09,2.39,-2.0,-3.45,524.2653386997539,524.9048231453985,518.8597863162865,520.8281860351562,3355200.0,0.48,1.15,1.17,0.64,0.7100000000000001,18.670000076293945,0.48,1
2026-07-28,739.1900024414062,742.7899780273438,735.97998046875,740.8599853515625,47322200.0,0.24,0.01,0.9199999999999999,-0.9900000000000001,-0.02,676.22998046875,679.4000244140625,667.8800048828125,675.489990234375,51398700.0,-0.97,-0.86,1.69,-4.72,-6.710000000000001,525.7540589574571,528.0321382868459,523.2361272387634,526.4534912109375,5157900.0,1.08,0.95,0.9199999999999999,1.03,1.03,18.209999084472656,-2.46,1
2026-07-29,739.969970703125,742.6799926757812,729.0999755859375,729.4600219726562,70697200.0,-1.54,-0.12,1.83,-2.4,-2.32,675.510009765625,680.0499877929688,661.1400146484375,661.72998046875,57233300.0,-2.04,0.0,2.8000000000000003,-6.18,-10.14,522.0271792621223,522.7365520179364,514.3934941403661,514.9829711914062,7369400.0,-2.18,-0.84,1.58,-1.16,-1.31,20.65999984741211,13.450000000000001,-1
2026-07-30,736.0499877929688,742.4500122070312,734.5900268554688,741.6900024414062,66811300.0,1.68,0.8999999999999999,1.08,0.48,-0.5499999999999999,674.760009765625,685.1199951171875,673.2999877929688,683.5499877929688,66753700.0,3.3000000000000003,1.97,1.79,-1.22,-5.74,518.4101710489763,521.5475232297872,515.4425999639255,521.0779418945312,3225300.0,1.18,0.67,1.1900000000000002,1.02,-0.13999999999999999,17.09000015258789,-17.28,1
2026-07-31,744.6799926757812,748.9000244140625,737.6799926757812,747.030029296875,62445900.0,0.72,0.4,1.51,1.0999999999999999,0.3,692.1099853515625,695.77001953125,680.0499877929688,687.989990234375,50540500.0,0.65,1.25,2.3,0.5499999999999999,-3.45,523.6458287092661,525.1745294270598,518.8198131787835,523.8856201171875,3981100.0,0.54,0.49,1.22,1.0699999999999998,-0.65,15.989999771118164,-6.4399999999999995,1
2026-08-03,749.4400024414062,758.5800170898438,748.7999877929688,757.6699829101562,59927500.0,1.4200000000000002,0.32,1.31,2.5100000000000002,0.8500000000000001,688.2999877929688,701.5900268554688,685.8200073242188,700.0700073242188,44965100.0,1.76,0.05,2.29,2.63,-3.15,529.1113077329301,531.2096046803155,528.2520347946135,530.7799072265625,4328000.0,1.32,1.0,0.5599999999999999,1.91,0.24,15.859999656677246,-0.8099999999999999,1
2026-08-04,760.6300048828125,773.4099731445312,760.52001953125,771.3300170898438,69154800.0,1.7999999999999998,0.38999999999999996,1.7000000000000002,4.109999999999999,3.16,708.1599731445312,725.6599731445312,707.530029296875,723.8499755859375,59778600.0,3.4000000000000004,1.16,2.59,7.16,2.03,537.4544273717906,541.6409588100173,535.5559769402913,539.9822998046875,6705400.0,1.73,1.26,1.15,2.5700000000000003,2.3,16.5,4.04,1
2026-08-05,775.8499755859375,776.8499755859375,769.510009765625,769.7899780273438,44689100.0,-0.2,0.59,0.95,5.53,3.27,726.25,728.5399780273438,716.9199829101562,717.2999877929688,33540200.0,-0.8999999999999999,0.33,1.6099999999999999,8.4,0.8200000000000001,542.849874814786,546.2970287569466,542.2004499173057,542.3602905273438,5256700.0,0.44,0.53,0.76,5.319999999999999,3.8600000000000003,15.8100004196167,-4.18,-1
2026-08-06,770.2100219726562,771.8200073242188,767.4600219726562,768.5599975585938,38416900.0,-0.16,0.05,0.5700000000000001,3.62,2.2399999999999998,710.8200073242188,719.3200073242188,708.5,714.6500244140625,33035900.0,-0.37,-0.8999999999999999,1.51,4.55,-1.1900000000000002,543.3494784018259,544.1188600128147,537.2445548484288,537.744140625,3651800.0,-0.8500000000000001,0.18,1.27,3.2,2.7,15.149999618530273,-4.17,-1
2026-08-07,771.02001953125,773.9199829101562,769.6099853515625,773.260009765625,43586300.0,0.61,0.32,0.5599999999999999,3.51,2.4299999999999997,720.1500244140625,723.6300048828125,716.510009765625,723.030029296875,31070400.0,1.17,0.77,1.0,5.09,-0.33999999999999997,538.2637543105071,539.7724521986628,536.9847853905668,539.1729736328125,2230100.0,0.27,0.1,0.52,2.92,2.6599999999999997,14.899999618530273,-1.6500000000000001,1
2026-08-10,772.5999755859375,775.0499877929688,771.6199951171875,773.030029296875,39249500.0,-0.03,-0.09,0.44,2.03,3.18,722.3900146484375,724.6699829101562,720.3300170898438,720.8699951171875,26243200.0,-0.3,-0.09,0.6,2.97,1.28,538.2537192399399,539.5726329870805,537.4343912613559,538.54345703125,3408900.0,-0.12,-0.16999999999999998,0.4,1.46,2.8000000000000003,15.460000038146973,3.7600000000000002,-1
2026-08-11,774.530029296875,774.6099853515625,769.2000122070312,770.5599975585938,36740600.0,-0.32,0.19,0.7000000000000001,-0.1,2.4899999999999998,723.2899780273438,723.3499755859375,715.5,718.4500122070312,29286100.0,-0.33999999999999997,0.33999999999999997,1.09,-0.75,-0.16999999999999998,539.4626648763239,541.2711628758917,536.4651503366254,536.8348999023438,2826800.0,-0.32,0.16999999999999998,0.89,-0.58,2.4299999999999997,15.279999732971191,-1.16,-1
2026-08-12,774.7100219726562,774.9000244140625,771.280029296875,772.489990234375,33179100.0,0.25,0.54,0.47000000000000003,0.35000000000000003,2.34,727.0800170898438,727.25,722.9199829101562,723.7000122070312,29066000.0,0.73,1.2,0.6,0.89,0.83,538.56346151789,538.743305076934,536.4152183131135,536.7050170898438,3167600.0,-0.02,0.32,0.43,-1.04,2.16,14.550000190734863,-4.78,1
2026-08-13,774.8699951171875,779.3699951171875,774.1099853515625,777.8800048828125,35634500.0,0.7000000000000001,0.31,0.6799999999999999,1.21,3.62,725.1500244140625,733.9600219726562,724.030029296875,732.0700073242188,31599700.0,1.16,0.2,1.37,2.44,3.6999999999999997,538.2537400437179,539.5226464753741,535.2462238432298,537.46435546875,2033100.0,0.13999999999999999,0.29,0.8,-0.05,2.52,14.630000114440918,0.5499999999999999,1
2026-08-14,778.5399780273438,778.7999877929688,775.4299926757812,776.3400268554688,31367900.0,-0.2,0.08,0.43,0.4,4.45,733.4099731445312,734.3900146484375,728.3200073242188,731.0700073242188,23790600.0,-0.13999999999999999,0.18,0.83,1.11,5.140000000000001,536.964765664867,537.8341010350777,535.7558070974129,536.3552856445312,2089100.0,-0.21,-0.09,0.38999999999999996,-0.52,3.0700000000000003,14.25,-2.6,-1
2026-08-17,776.1799926757812,776.780029296875,772.510009765625,772.6699829101562,34356600.0,-0.47000000000000003,-0.02,0.5499999999999999,-0.05,4.12,732.9500122070312,734.5800170898438,729.27001953125,729.8699951171875,26452600.0,-0.16,0.26,0.73,1.25,4.859999999999999,534.0571772551467,535.5359315891661,533.0480042627617,533.7474365234375,2668100.0,-0.49,-0.43,0.45999999999999996,-0.89,3.1399999999999997,15.1899995803833,6.6000000000000005,-1
2026-08-18,768.7000122070312,769.5,766.9199829101562,767.4500122070312,43920900.0,-0.6799999999999999,-0.51,0.33,-0.4,2.56,720.2100219726562,722.1300048828125,715.9199829101562,717.510009765625,48997200.0,-1.69,-1.32,0.8500000000000001,-0.13,1.2,532.938148219251,533.8174240983179,531.5792894914548,532.468505859375,3825700.0,-0.24,-0.15,0.42,-0.8099999999999999,2.19,15.84000015258789,4.279999999999999,-1
2026-08-19,770.3599853515625,772.469970703125,768.0999755859375,769.0599975585938,40306000.0,0.21,0.38,0.5700000000000001,-0.44,2.9000000000000004,720.3900146484375,721.5,712.6099853515625,716.0800170898438,35801700.0,-0.2,0.4,1.24,-1.05,1.52,534.8865119600056,536.2353691309871,533.1379617833902,533.827392578125,3062700.0,0.26,0.44999999999999996,0.58,-0.54,2.45,14.890000343322754,-6.0,1
2026-08-20,765.9600219726562,768.1500244140625,762.0399780273438,762.5999755859375,45520300.0,-0.84,-0.4,0.79,-1.96,3.3099999999999996,712.0900268554688,714.9400024414062,708.52001953125,710.9299926757812,33396400.0,-0.72,-0.5599999999999999,0.8999999999999999,-2.8899999999999997,2.74,529.9106111187631,531.3394801124089,526.7632573034381,527.072998046875,2868500.0,-1.27,-0.73,0.86,-1.9300000000000002,2.18,16.010000228881836,7.5200000000000005,-1
2026-08-21,766.0499877929688,767.8499755859375,764.1699829101562,765.719970703125,39030400.0,0.41000000000000003,0.44999999999999996,0.48,-1.37,3.63,715.22998046875,715.6699829101562,709.2000122070312,713.4400024414062,33297600.0,0.35000000000000003,0.6,0.91,-2.41,4.2700000000000005,530.030029296875,532.9099731445312,529.4299926757812,532.219970703125,3034400.0,0.98,0.5599999999999999,0.66,-0.77,2.68,15.130000114440918,-5.5,1
